age,gender,grade,height,weight,physically_active_7d,strength_training_7d,school_night_hours_sleep
14.0,female,9,,,4.0,0.0,8
14.0,female,9,,,2.0,0.0,6
15.0,female,9,1.73,84.37,7.0,0.0,<5
15.0,female,9,1.6,55.79,0.0,0.0,6
15.0,female,9,1.5,46.72,2.0,1.0,9
15.0,female,9,1.57,67.13,1.0,0.0,8
15.0,female,9,1.65,131.54,4.0,2.0,9
14.0,male,9,1.88,71.22,4.0,0.0,6
15.0,male,9,1.75,63.5,5.0,3.0,<5
15.0,male,10,1.37,97.07,0.0,0.0,<5
15.0,female,9,1.68,69.85,0.0,3.0,10+
15.0,female,9,1.65,66.68,0.0,0.0,6
15.0,female,9,1.63,67.13,4.0,0.0,7
16.0,male,9,1.68,74.84,7.0,7.0,8
16.0,male,9,1.85,74.39,7.0,7.0,6
15.0,male,9,1.78,70.31,7.0,7.0,9
14.0,male,9,1.73,73.48,4.0,3.0,6
15.0,male,9,1.83,67.59,7.0,7.0,8
14.0,male,9,1.68,46.27,7.0,2.0,6
16.0,male,9,1.83,73.48,0.0,3.0,5
16.0,female,10,1.55,52.16,2.0,1.0,9
15.0,female,10,1.52,79.83,4.0,3.0,8
15.0,female,10,,,2.0,0.0,7
15.0,female,10,1.5,56.25,4.0,0.0,5
16.0,female,10,1.6,61.24,7.0,5.0,8
,female,10,,,7.0,7.0,8
16.0,female,10,1.42,40.82,7.0,4.0,8
16.0,female,10,,,0.0,0.0,7
15.0,female,10,1.45,83.92,3.0,1.0,
16.0,male,10,1.73,131.54,,,
16.0,male,10,1.65,70.76,7.0,5.0,6
16.0,male,10,1.75,72.58,7.0,5.0,5
15.0,male,10,1.85,66.23,5.0,4.0,9
16.0,male,10,1.75,63.5,,,
16.0,male,10,1.78,126.1,1.0,0.0,8
15.0,male,10,1.73,68.04,2.0,5.0,7
,male,10,,,5.0,2.0,6
,male,10,,,2.0,1.0,6
18.0,female,12,1.5,73.48,3.0,0.0,8
18.0,female,12,1.57,73.48,4.0,4.0,7
18.0,female,12,1.7,62.6,6.0,7.0,8
17.0,female,12,1.7,77.11,5.0,0.0,7
17.0,female,12,1.68,61.69,1.0,1.0,7
18.0,male,12,,,,,
18.0,male,12,1.83,73.94,4.0,1.0,6
18.0,male,12,1.8,106.6,0.0,0.0,10+
18.0,male,12,1.68,65.77,4.0,0.0,<5
18.0,male,12,1.73,77.11,3.0,3.0,6
18.0,female,11,1.85,87.09,5.0,2.0,7
12.0,female,9,1.8,90.72,0.0,0.0,<5
18.0,female,11,,,0.0,5.0,10+
17.0,female,11,1.68,54.43,2.0,2.0,7
16.0,female,11,1.57,69.85,0.0,0.0,7
17.0,male,11,1.78,96.16,7.0,7.0,6
17.0,male,11,1.68,59.88,1.0,0.0,6
18.0,male,11,,,0.0,0.0,8
17.0,male,11,1.83,68.95,7.0,5.0,6
17.0,male,11,1.73,78.93,5.0,0.0,8
18.0,male,11,,,7.0,7.0,8
17.0,male,11,1.8,66.68,4.0,4.0,6
18.0,male,11,1.8,63.5,0.0,0.0,7
17.0,male,11,,,1.0,5.0,<5
17.0,male,11,1.75,92.08,7.0,7.0,9
17.0,male,11,1.78,61.24,1.0,0.0,8
17.0,male,11,1.83,72.58,7.0,3.0,8
18.0,male,11,1.9,129.28,0.0,5.0,9
17.0,male,11,1.7,63.5,0.0,0.0,5
16.0,male,11,1.8,67.13,7.0,7.0,5
17.0,male,11,,,5.0,4.0,7
17.0,male,11,1.78,54.43,1.0,0.0,7
17.0,male,11,1.83,68.04,5.0,5.0,7
16.0,male,11,1.7,58.97,7.0,5.0,5
16.0,male,11,1.7,68.04,2.0,3.0,8
18.0,male,11,1.63,54.89,1.0,0.0,10+
16.0,male,11,1.73,74.39,2.0,2.0,5
17.0,male,11,1.9,79.38,0.0,3.0,9
17.0,male,11,1.73,61.24,0.0,0.0,6
17.0,male,11,1.78,129.28,3.0,3.0,6
17.0,female,11,1.65,62.6,2.0,7.0,10+
17.0,female,11,1.6,42.18,7.0,7.0,8
16.0,female,11,1.6,73.48,0.0,0.0,6
17.0,female,11,,,2.0,1.0,5
17.0,female,11,1.68,64.86,2.0,2.0,8
17.0,female,11,,,4.0,2.0,<5
17.0,female,11,1.68,86.18,0.0,0.0,8
17.0,female,11,,,0.0,0.0,6
17.0,female,10,1.65,61.24,2.0,1.0,10+
16.0,female,11,1.6,68.04,0.0,0.0,5
17.0,female,11,1.52,72.58,3.0,3.0,8
18.0,male,12,1.73,67.13,4.0,3.0,7
12.0,male,12,,,7.0,7.0,10+
18.0,male,12,1.88,77.11,0.0,0.0,5
17.0,male,12,1.83,69.85,5.0,6.0,7
18.0,male,12,1.85,89.36,0.0,0.0,<5
18.0,male,12,1.88,86.18,7.0,7.0,7
18.0,male,12,1.83,64.41,7.0,7.0,8
18.0,male,12,1.75,72.58,0.0,0.0,5
17.0,male,12,1.8,83.92,3.0,4.0,6
18.0,male,12,1.78,100.25,4.0,7.0,6
17.0,male,12,1.63,65.77,7.0,0.0,6
18.0,male,12,1.65,72.58,2.0,5.0,<5
17.0,male,12,1.68,94.35,0.0,0.0,<5
18.0,female,12,1.7,63.5,,,
17.0,female,12,1.63,54.89,5.0,4.0,6
18.0,female,12,1.75,107.05,0.0,1.0,6
18.0,female,12,1.68,72.58,4.0,6.0,8
18.0,female,12,1.65,49.9,2.0,0.0,9
17.0,female,12,1.65,60.33,6.0,0.0,5
18.0,female,12,1.63,88.45,6.0,0.0,7
18.0,female,12,1.6,54.43,1.0,1.0,6
17.0,female,12,1.63,74.84,0.0,5.0,7
17.0,male,12,1.78,86.18,0.0,3.0,6
17.0,male,12,1.93,92.53,7.0,5.0,8
18.0,male,12,1.73,56.7,0.0,1.0,6
18.0,male,12,1.88,99.79,3.0,7.0,7
18.0,male,12,1.78,58.97,0.0,0.0,<5
17.0,male,12,1.8,101.15,4.0,2.0,7
18.0,male,12,,,7.0,7.0,6
17.0,male,12,1.8,77.11,2.0,0.0,8
18.0,male,12,1.68,99.79,3.0,2.0,7
17.0,male,12,1.73,63.5,7.0,6.0,6
18.0,female,12,1.7,74.84,0.0,0.0,6
17.0,female,12,1.57,61.24,5.0,5.0,<5
17.0,female,12,1.65,49.9,4.0,7.0,7
18.0,female,12,1.63,56.7,6.0,4.0,7
18.0,female,12,1.68,59.42,5.0,5.0,7
18.0,female,12,1.57,54.43,0.0,0.0,5
18.0,female,12,1.57,90.72,3.0,0.0,6
18.0,female,12,1.7,67.13,7.0,7.0,5
18.0,female,12,1.57,45.36,7.0,7.0,<5
18.0,female,12,1.65,77.11,4.0,1.0,5
17.0,female,12,1.78,56.7,5.0,5.0,8
18.0,female,12,1.63,71.22,7.0,7.0,7
17.0,female,12,1.73,73.03,5.0,6.0,7
18.0,female,12,1.68,81.65,5.0,4.0,6
18.0,female,12,1.7,54.43,0.0,0.0,5
17.0,female,11,1.55,72.58,2.0,0.0,5
16.0,female,11,1.5,55.79,3.0,2.0,7
17.0,female,11,1.75,77.11,3.0,3.0,8
16.0,female,11,1.57,56.7,2.0,4.0,8
17.0,female,11,1.68,77.11,0.0,0.0,8
16.0,female,11,1.73,63.5,5.0,5.0,8
16.0,female,11,1.55,72.58,7.0,0.0,6
16.0,female,11,1.7,61.69,7.0,7.0,8
17.0,female,11,1.6,40.82,2.0,0.0,5
16.0,female,11,1.68,54.43,0.0,0.0,9
17.0,female,11,1.5,51.71,1.0,0.0,6
17.0,male,11,1.78,88.45,3.0,0.0,7
17.0,male,11,,,7.0,7.0,8
17.0,male,11,1.78,72.58,7.0,7.0,6
17.0,male,11,1.8,63.96,7.0,4.0,9
18.0,male,11,1.73,81.65,6.0,2.0,5
17.0,male,11,1.78,65.77,7.0,2.0,7
18.0,male,11,1.85,70.31,2.0,2.0,6
16.0,male,11,1.88,98.43,7.0,7.0,7
17.0,male,11,1.75,63.05,0.0,0.0,7
16.0,male,11,1.85,58.97,5.0,2.0,7
17.0,male,11,1.83,68.04,2.0,1.0,7
17.0,male,11,1.83,83.92,7.0,7.0,8
12.0,male,11,,,6.0,6.0,<5
16.0,female,10,1.63,57.15,7.0,0.0,8
16.0,female,10,1.55,53.52,0.0,0.0,7
15.0,female,10,,,0.0,2.0,10+
16.0,female,10,1.63,63.5,2.0,1.0,10+
15.0,female,10,1.68,61.69,1.0,0.0,10+
16.0,female,10,1.6,70.31,2.0,2.0,6
16.0,female,10,1.52,67.13,3.0,0.0,7
15.0,male,10,1.8,68.95,7.0,3.0,7
15.0,male,10,1.78,68.49,4.0,3.0,<5
16.0,male,10,1.7,72.58,7.0,4.0,7
17.0,male,11,1.88,74.84,,,
17.0,male,10,1.55,88.91,2.0,0.0,5
16.0,male,10,1.83,83.01,4.0,4.0,7
17.0,male,10,1.9,136.99,4.0,4.0,7
15.0,male,10,1.73,72.58,0.0,7.0,7
14.0,female,9,,,1.0,0.0,7
16.0,female,9,,,0.0,5.0,<5
15.0,female,9,1.35,53.07,0.0,1.0,10+
14.0,female,9,1.7,68.95,,,
15.0,female,9,,,2.0,4.0,7
15.0,female,9,1.8,88.45,0.0,1.0,7
16.0,female,9,1.73,68.95,7.0,0.0,7
15.0,female,9,1.65,82.56,3.0,0.0,8
15.0,female,9,1.68,81.65,4.0,0.0,7
14.0,female,9,1.45,43.55,4.0,5.0,5
16.0,female,10,1.55,48.08,0.0,5.0,7
15.0,female,9,1.57,48.99,0.0,0.0,6
14.0,female,9,1.57,58.97,5.0,5.0,7
15.0,female,9,1.6,56.7,2.0,0.0,6
15.0,female,9,1.68,52.16,2.0,4.0,5
15.0,male,9,1.68,45.81,2.0,5.0,7
15.0,male,9,1.68,63.05,7.0,4.0,9
14.0,male,9,1.68,70.31,2.0,0.0,7
15.0,male,9,1.73,74.84,6.0,3.0,7
16.0,male,9,1.73,60.78,0.0,0.0,5
15.0,male,9,1.65,52.16,4.0,0.0,5
14.0,male,9,1.63,54.43,0.0,0.0,6
15.0,male,9,1.68,63.5,7.0,7.0,6
15.0,female,9,1.57,122.02,5.0,3.0,8
15.0,female,9,1.65,77.57,0.0,0.0,8
15.0,female,9,1.57,70.31,1.0,0.0,8
15.0,female,9,1.6,63.5,4.0,0.0,7
15.0,female,9,,,7.0,3.0,10+
14.0,female,9,,,2.0,0.0,8
15.0,female,9,1.63,64.41,0.0,0.0,8
15.0,female,10,1.6,64.86,4.0,4.0,8
14.0,female,9,1.68,66.23,0.0,0.0,6
14.0,female,9,1.57,54.43,7.0,7.0,7
15.0,female,9,1.7,68.04,2.0,0.0,7
15.0,female,9,1.6,45.36,0.0,0.0,10+
15.0,female,9,1.55,56.7,3.0,2.0,9
15.0,female,9,1.55,51.71,7.0,1.0,7
15.0,female,9,1.57,62.6,0.0,0.0,<5
15.0,male,9,1.68,72.58,0.0,1.0,10+
14.0,male,9,1.85,76.2,7.0,7.0,8
15.0,male,9,1.73,72.58,5.0,5.0,9
15.0,male,9,1.73,61.24,7.0,7.0,6
17.0,male,10,1.73,83.92,4.0,1.0,6
15.0,male,9,1.68,46.27,3.0,1.0,6
16.0,male,9,1.7,84.37,0.0,0.0,5
15.0,male,9,1.73,99.79,7.0,5.0,9
16.0,male,9,1.68,111.13,4.0,5.0,7
15.0,male,10,1.98,106.6,7.0,7.0,7
16.0,male,10,1.93,102.06,5.0,5.0,8
15.0,male,10,1.65,61.24,6.0,3.0,7
16.0,male,10,1.73,65.77,7.0,7.0,6
16.0,male,10,1.65,56.7,0.0,0.0,<5
16.0,male,10,1.73,67.13,7.0,5.0,6
15.0,male,10,1.7,63.5,5.0,5.0,8
15.0,male,10,1.73,61.24,5.0,1.0,6
15.0,male,10,1.7,66.68,7.0,6.0,8
16.0,male,10,1.75,67.13,0.0,7.0,10+
16.0,male,10,1.9,92.99,7.0,6.0,7
15.0,female,10,1.73,72.58,3.0,3.0,5
15.0,female,10,1.7,66.68,7.0,7.0,8
16.0,female,10,1.68,83.92,0.0,0.0,6
16.0,female,10,1.57,60.78,6.0,0.0,7
16.0,female,10,1.68,50.8,4.0,7.0,7
15.0,female,10,1.73,67.13,1.0,1.0,6
15.0,female,10,1.6,51.71,4.0,0.0,7
16.0,female,10,1.65,83.92,7.0,7.0,7
15.0,female,10,1.6,47.63,2.0,0.0,7
15.0,female,10,1.63,52.16,0.0,0.0,7
16.0,female,10,1.6,47.63,0.0,2.0,9
16.0,female,10,1.63,70.31,7.0,7.0,7
16.0,female,10,1.68,52.16,7.0,0.0,6
16.0,female,10,1.65,65.77,0.0,0.0,5
16.0,female,10,1.65,70.31,7.0,7.0,9
16.0,female,10,1.65,69.4,0.0,0.0,8
16.0,female,10,1.6,59.88,1.0,1.0,7
15.0,female,10,1.57,82.56,1.0,0.0,5
16.0,male,9,1.75,79.38,7.0,3.0,7
15.0,female,10,1.68,86.64,2.0,0.0,6
17.0,female,11,1.63,59.88,1.0,2.0,8
16.0,female,11,1.85,45.81,3.0,3.0,7
16.0,female,11,1.55,57.15,1.0,1.0,6
16.0,female,11,1.5,59.88,5.0,4.0,<5
17.0,female,11,1.6,63.05,3.0,1.0,6
17.0,female,11,,,2.0,0.0,7
16.0,female,11,1.6,50.8,7.0,3.0,6
17.0,female,11,1.65,89.81,1.0,1.0,7
18.0,female,12,1.6,53.52,2.0,3.0,7
16.0,female,11,1.7,70.76,4.0,1.0,6
17.0,female,11,1.68,58.97,2.0,2.0,8
17.0,female,11,1.57,68.04,3.0,0.0,
18.0,male,12,1.65,79.83,7.0,2.0,6
16.0,male,12,1.57,56.7,2.0,2.0,9
17.0,male,11,1.7,53.98,2.0,5.0,8
17.0,male,11,1.73,86.18,7.0,3.0,7
17.0,male,11,1.83,81.65,0.0,0.0,10+
16.0,male,11,1.75,69.85,4.0,3.0,8
17.0,male,11,1.8,79.38,1.0,2.0,8
16.0,male,11,1.9,70.31,5.0,5.0,6
17.0,male,11,1.83,79.38,7.0,6.0,9
16.0,male,10,1.63,63.96,7.0,7.0,8
16.0,male,10,1.68,58.97,6.0,0.0,7
16.0,male,10,1.75,63.5,0.0,1.0,7
16.0,male,10,,,0.0,0.0,7
16.0,male,10,1.78,68.04,5.0,6.0,6
16.0,female,10,1.55,46.72,2.0,2.0,<5
16.0,female,10,1.57,63.5,2.0,0.0,6
16.0,female,10,1.75,73.94,5.0,2.0,
15.0,female,10,1.8,68.04,5.0,7.0,8
16.0,female,10,1.6,47.63,4.0,,5
16.0,female,10,1.65,58.97,7.0,5.0,6
16.0,female,10,1.57,63.05,3.0,3.0,5
16.0,female,10,1.63,45.81,7.0,5.0,6
16.0,female,10,1.73,92.08,0.0,0.0,6
15.0,female,10,1.63,52.16,0.0,0.0,10+
16.0,female,10,1.68,62.6,2.0,0.0,7
15.0,female,10,1.52,46.27,7.0,4.0,7
15.0,female,10,1.7,50.35,3.0,0.0,6
18.0,female,12,1.65,69.85,2.0,2.0,6
17.0,female,12,1.63,44.45,3.0,2.0,7
,female,,,,2.0,0.0,6
18.0,female,12,1.6,56.7,3.0,3.0,8
17.0,female,12,1.7,58.97,7.0,0.0,8
18.0,female,12,1.65,71.67,7.0,4.0,8
18.0,female,12,1.6,44.45,3.0,0.0,7
18.0,female,12,1.6,63.5,0.0,0.0,9
17.0,female,12,1.55,50.8,6.0,0.0,6
18.0,female,12,1.63,72.58,3.0,3.0,8
18.0,male,12,1.93,114.31,7.0,7.0,5
18.0,male,12,1.78,77.11,5.0,3.0,8
18.0,male,12,1.75,57.15,3.0,1.0,6
18.0,male,12,1.83,87.09,7.0,7.0,8
18.0,male,12,1.78,52.16,7.0,7.0,<5
18.0,male,12,1.78,106.14,3.0,1.0,7
18.0,male,12,1.96,108.86,7.0,7.0,8
17.0,male,12,1.7,92.99,0.0,0.0,5
18.0,male,12,1.88,70.31,7.0,0.0,5
18.0,male,12,1.85,90.72,2.0,0.0,7
17.0,male,12,1.8,74.84,5.0,5.0,8
18.0,male,12,1.83,75.3,3.0,1.0,8
18.0,male,12,,,7.0,4.0,9
17.0,male,12,1.85,61.24,0.0,1.0,7
15.0,male,9,1.55,65.77,1.0,0.0,6
15.0,male,9,1.75,61.69,3.0,4.0,8
15.0,male,9,1.83,59.88,1.0,0.0,7
15.0,male,9,1.78,49.9,7.0,7.0,7
15.0,male,9,1.7,63.96,7.0,2.0,8
16.0,male,9,1.7,71.22,7.0,7.0,8
15.0,male,9,1.8,68.04,5.0,5.0,8
16.0,male,9,1.65,64.86,0.0,0.0,9
15.0,female,9,,,0.0,0.0,
15.0,female,9,1.63,65.32,3.0,1.0,9
16.0,female,9,1.68,78.02,4.0,0.0,6
15.0,female,9,1.68,49.9,0.0,1.0,6
14.0,female,9,1.7,57.61,2.0,0.0,5
16.0,female,9,1.65,77.11,3.0,2.0,8
16.0,female,9,1.55,53.52,0.0,0.0,10+
15.0,female,9,1.63,52.16,3.0,2.0,9
15.0,female,9,1.6,52.62,6.0,3.0,<5
15.0,female,9,,,4.0,5.0,<5
14.0,female,9,1.55,54.43,5.0,3.0,8
14.0,female,9,,,0.0,0.0,<5
16.0,male,9,1.75,96.16,4.0,4.0,7
14.0,male,9,,,5.0,5.0,8
,female,,,,0.0,5.0,8
15.0,female,9,1.65,62.14,7.0,7.0,8
17.0,female,11,1.65,57.15,3.0,1.0,6
15.0,female,9,1.68,54.89,4.0,7.0,7
14.0,female,9,1.6,51.71,0.0,0.0,9
15.0,male,9,1.88,74.84,7.0,7.0,8
14.0,male,9,1.75,74.84,7.0,3.0,8
15.0,male,9,1.63,50.8,5.0,5.0,9
15.0,male,9,1.65,57.61,7.0,6.0,10+
14.0,male,9,,,7.0,3.0,8
14.0,male,9,1.75,58.97,7.0,7.0,6
15.0,male,9,1.75,65.77,7.0,5.0,8
15.0,male,9,1.8,58.97,4.0,0.0,5
15.0,male,9,,,7.0,0.0,<5
16.0,male,10,1.68,65.77,7.0,7.0,8
16.0,female,10,1.73,61.24,4.0,7.0,9
15.0,female,10,1.63,57.61,2.0,0.0,6
16.0,female,10,1.63,58.97,6.0,6.0,7
16.0,female,10,1.63,47.63,0.0,0.0,7
16.0,female,10,1.52,45.36,0.0,0.0,10+
16.0,female,10,1.57,46.72,4.0,4.0,7
17.0,female,10,1.65,41.73,4.0,0.0,8
15.0,female,10,1.57,56.7,3.0,3.0,5
16.0,female,10,1.68,65.77,3.0,1.0,7
16.0,female,10,1.68,74.84,5.0,5.0,9
15.0,female,10,1.5,47.63,0.0,0.0,8
16.0,female,10,1.55,45.36,3.0,0.0,6
16.0,female,10,1.52,74.84,0.0,0.0,7
,male,,,,7.0,7.0,8
16.0,male,10,1.75,81.65,7.0,7.0,8
16.0,male,10,1.75,65.77,7.0,7.0,7
16.0,male,10,1.73,95.26,7.0,7.0,7
15.0,male,10,1.8,72.58,7.0,3.0,8
16.0,male,10,1.73,65.77,7.0,5.0,8
15.0,male,10,1.88,106.6,0.0,0.0,8
15.0,male,10,1.78,97.52,7.0,5.0,6
16.0,male,10,1.73,64.41,7.0,0.0,8
16.0,male,11,1.68,56.7,7.0,7.0,8
15.0,male,10,1.7,71.22,5.0,1.0,7
16.0,male,10,1.78,74.39,7.0,7.0,7
16.0,male,10,1.73,81.65,3.0,6.0,8
16.0,male,10,1.9,65.32,7.0,7.0,9
16.0,male,10,1.7,61.24,3.0,3.0,8
16.0,male,10,1.75,61.24,7.0,7.0,8
16.0,male,10,1.65,68.95,5.0,5.0,8
15.0,male,10,1.7,57.15,4.0,3.0,5
16.0,male,10,1.9,77.11,7.0,5.0,7
17.0,male,10,1.75,53.07,7.0,7.0,8
15.0,male,10,1.8,73.03,5.0,4.0,8
15.0,male,10,1.78,77.57,0.0,0.0,9
16.0,male,10,1.65,54.43,7.0,7.0,8
16.0,male,10,1.83,65.77,7.0,1.0,7
18.0,female,12,1.55,58.97,0.0,0.0,6
17.0,female,12,1.55,81.65,0.0,0.0,6
17.0,female,12,1.57,49.9,0.0,0.0,8
18.0,female,12,1.65,52.16,7.0,7.0,8
17.0,female,12,,,1.0,0.0,8
18.0,female,12,1.63,83.46,3.0,0.0,8
18.0,female,12,1.68,99.79,4.0,0.0,6
17.0,female,12,1.68,86.18,4.0,3.0,<5
18.0,female,12,1.57,61.24,3.0,4.0,7
17.0,female,12,1.57,112.04,2.0,0.0,<5
18.0,male,12,1.78,65.77,5.0,0.0,6
18.0,male,12,1.73,65.77,5.0,3.0,8
17.0,male,12,1.88,156.04,1.0,0.0,7
18.0,male,12,1.78,66.23,7.0,7.0,7
18.0,male,12,1.73,95.26,2.0,5.0,7
17.0,male,12,1.78,72.58,5.0,0.0,5
17.0,male,12,1.83,95.26,2.0,0.0,8
17.0,male,12,1.7,68.04,7.0,7.0,
17.0,female,11,1.55,64.41,3.0,3.0,8
16.0,female,11,1.55,46.72,0.0,0.0,6
17.0,female,11,1.7,68.04,0.0,0.0,8
17.0,female,11,1.7,65.77,6.0,2.0,<5
17.0,female,11,1.6,54.43,7.0,7.0,7
16.0,female,11,1.68,57.61,0.0,0.0,7
17.0,female,11,1.7,60.78,7.0,7.0,<5
17.0,female,11,1.68,79.38,5.0,5.0,6
17.0,female,11,1.6,54.43,0.0,0.0,5
17.0,female,11,1.57,46.72,7.0,5.0,7
17.0,female,11,1.68,54.43,0.0,0.0,8
17.0,female,11,1.83,61.24,3.0,0.0,8
17.0,female,11,1.57,45.36,1.0,0.0,6
17.0,female,11,1.78,41.73,5.0,3.0,10+
17.0,female,11,1.65,65.77,0.0,0.0,8
18.0,female,11,1.5,48.54,2.0,0.0,8
16.0,female,11,1.6,58.51,3.0,1.0,8
18.0,male,11,1.73,79.38,5.0,4.0,8
17.0,male,11,1.75,74.84,7.0,7.0,7
17.0,male,11,1.78,105.69,7.0,5.0,8
16.0,male,11,1.68,68.04,7.0,7.0,8
17.0,male,11,1.75,90.72,7.0,7.0,7
16.0,male,11,1.63,85.73,1.0,0.0,<5
17.0,male,11,1.68,57.15,3.0,3.0,<5
17.0,male,11,1.83,127.01,7.0,5.0,10+
16.0,male,11,1.83,81.65,7.0,3.0,8
17.0,male,11,1.8,72.58,7.0,5.0,7
17.0,male,11,1.78,79.38,7.0,3.0,6
16.0,male,11,1.75,65.77,5.0,5.0,5
16.0,male,11,1.83,97.52,7.0,7.0,7
17.0,male,11,1.73,83.92,6.0,6.0,8
17.0,male,11,1.65,60.33,5.0,5.0,8
16.0,male,11,,,3.0,0.0,7
17.0,male,11,1.73,70.31,5.0,4.0,7
17.0,male,11,1.83,69.85,5.0,4.0,7
17.0,male,11,1.83,104.33,5.0,3.0,7
17.0,male,11,1.83,77.11,7.0,7.0,6
17.0,male,11,1.7,57.61,7.0,7.0,9
17.0,male,11,1.8,104.78,7.0,7.0,8
16.0,male,11,1.85,73.48,4.0,0.0,10+
17.0,male,11,1.75,128.37,0.0,,<5
17.0,male,11,1.73,68.04,7.0,7.0,9
16.0,male,11,,,7.0,0.0,7
17.0,male,11,1.9,74.84,4.0,3.0,7
17.0,female,11,1.6,52.16,1.0,3.0,7
17.0,female,11,1.5,44.45,3.0,3.0,6
17.0,female,12,1.65,74.84,0.0,2.0,6
17.0,female,11,1.6,56.7,7.0,7.0,8
16.0,female,11,1.55,58.97,3.0,2.0,6
17.0,female,11,1.55,55.79,5.0,4.0,6
17.0,female,12,1.52,52.62,2.0,2.0,5
17.0,female,12,1.5,61.24,0.0,1.0,6
17.0,female,12,1.73,72.58,1.0,1.0,7
18.0,female,12,1.55,55.79,3.0,0.0,6
17.0,male,11,1.57,77.11,5.0,2.0,7
16.0,male,11,1.75,50.35,3.0,1.0,7
16.0,male,11,1.68,62.14,2.0,0.0,7
17.0,male,11,1.85,95.26,4.0,1.0,5
18.0,male,11,1.65,63.5,5.0,3.0,5
17.0,male,11,1.85,63.5,7.0,0.0,7
16.0,male,11,1.85,73.48,4.0,5.0,8
18.0,male,12,1.65,61.24,4.0,7.0,7
17.0,male,11,1.8,74.84,7.0,7.0,5
16.0,male,11,1.73,61.69,3.0,1.0,8
17.0,male,12,1.8,65.77,4.0,3.0,7
15.0,female,9,1.68,58.06,5.0,5.0,5
14.0,female,9,1.65,53.98,6.0,3.0,9
14.0,female,9,1.55,59.88,7.0,0.0,6
14.0,female,9,1.55,54.89,7.0,1.0,6
17.0,female,11,1.78,102.06,5.0,5.0,6
14.0,female,9,1.6,67.59,6.0,5.0,<5
14.0,female,9,1.52,54.43,7.0,3.0,8
14.0,female,9,1.57,61.69,7.0,7.0,9
15.0,female,9,1.52,43.09,6.0,3.0,9
14.0,female,9,1.57,58.97,5.0,0.0,7
15.0,female,9,1.57,53.07,7.0,0.0,7
14.0,female,9,1.5,47.17,6.0,2.0,8
14.0,female,9,1.45,58.06,5.0,7.0,6
14.0,female,9,1.52,46.72,5.0,2.0,8
15.0,male,9,1.8,65.77,7.0,7.0,7
14.0,male,9,1.75,83.92,7.0,7.0,5
15.0,male,9,1.7,61.24,7.0,5.0,7
15.0,male,9,1.7,57.15,7.0,7.0,6
14.0,male,9,1.6,54.43,5.0,3.0,8
14.0,male,9,1.73,56.7,4.0,2.0,8
15.0,male,9,1.8,58.97,7.0,4.0,10+
14.0,male,9,1.68,55.34,7.0,4.0,8
14.0,male,9,1.73,79.38,2.0,1.0,9
15.0,male,9,1.63,43.09,5.0,6.0,7
14.0,male,9,1.65,54.43,5.0,5.0,9
14.0,male,9,1.7,68.04,5.0,5.0,8
15.0,male,9,1.75,68.95,5.0,3.0,7
15.0,male,9,1.73,54.89,7.0,4.0,8
14.0,male,9,1.7,57.61,4.0,3.0,7
14.0,male,9,1.65,53.07,4.0,2.0,9
14.0,male,9,1.75,82.56,7.0,4.0,6
14.0,male,9,1.6,45.81,6.0,3.0,7
14.0,male,9,1.78,54.43,5.0,0.0,8
15.0,male,9,1.7,77.11,7.0,7.0,6
15.0,male,9,1.63,76.2,6.0,2.0,6
16.0,female,10,1.65,49.9,5.0,3.0,7
15.0,female,10,1.57,70.76,0.0,2.0,8
15.0,female,10,1.68,54.43,7.0,1.0,7
15.0,female,10,1.6,55.79,5.0,0.0,6
17.0,female,12,1.57,54.43,2.0,2.0,8
16.0,female,10,1.63,65.77,4.0,4.0,6
16.0,female,10,1.65,48.08,7.0,6.0,5
17.0,female,11,1.65,54.43,0.0,0.0,8
16.0,female,10,1.55,69.4,3.0,4.0,6
16.0,female,11,1.6,55.79,2.0,2.0,5
16.0,female,10,1.68,63.96,2.0,1.0,7
18.0,female,12,1.55,51.26,4.0,4.0,6
16.0,female,10,1.57,61.24,7.0,7.0,8
17.0,male,11,1.88,95.26,7.0,5.0,<5
17.0,male,11,1.8,58.97,3.0,3.0,7
18.0,male,12,1.75,71.67,7.0,7.0,6
15.0,male,10,1.78,116.58,5.0,3.0,7
15.0,male,10,1.68,63.5,7.0,1.0,9
15.0,male,10,1.7,81.65,7.0,7.0,8
16.0,male,10,1.75,60.33,6.0,6.0,8
15.0,male,10,1.68,52.16,7.0,3.0,7
16.0,male,10,1.73,58.97,4.0,5.0,7
17.0,male,11,1.78,68.04,5.0,2.0,7
18.0,male,12,1.96,88.45,6.0,3.0,8
18.0,male,12,1.85,77.57,5.0,0.0,
16.0,male,10,1.83,66.68,5.0,3.0,9
15.0,male,10,1.63,65.77,3.0,3.0,6
15.0,male,10,1.65,61.24,3.0,0.0,7
16.0,male,10,1.7,54.43,7.0,7.0,10+
15.0,male,10,1.83,106.6,5.0,0.0,8
16.0,male,10,1.78,63.5,3.0,6.0,8
15.0,male,10,1.8,83.92,5.0,4.0,8
16.0,male,10,1.63,57.15,5.0,0.0,6
16.0,male,11,1.75,73.94,7.0,2.0,7
18.0,male,12,1.65,72.58,0.0,0.0,<5
17.0,female,12,1.63,49.44,2.0,0.0,6
18.0,female,12,1.47,49.9,1.0,2.0,6
18.0,female,12,1.57,58.97,4.0,3.0,6
17.0,female,12,1.57,52.16,7.0,7.0,5
18.0,female,12,1.68,52.16,2.0,2.0,6
18.0,female,12,1.75,89.81,6.0,6.0,6
17.0,female,12,1.63,58.97,7.0,5.0,7
18.0,female,12,1.6,56.7,5.0,5.0,6
18.0,female,12,1.63,54.43,0.0,0.0,6
17.0,female,12,1.57,56.7,1.0,1.0,7
17.0,female,12,1.57,56.7,1.0,0.0,6
17.0,female,12,1.55,64.41,0.0,5.0,7
17.0,female,12,1.57,53.52,0.0,0.0,8
17.0,female,12,1.78,70.31,2.0,2.0,5
17.0,female,12,1.7,61.24,0.0,0.0,7
17.0,female,12,,,0.0,1.0,8
18.0,female,12,1.7,82.56,6.0,2.0,<5
17.0,female,12,1.65,74.84,0.0,0.0,6
17.0,female,12,1.63,63.5,1.0,2.0,6
17.0,female,12,1.57,90.72,4.0,4.0,<5
17.0,female,12,1.63,52.62,3.0,1.0,7
18.0,female,12,1.68,90.72,7.0,0.0,7
17.0,female,12,1.65,70.31,7.0,7.0,7
18.0,male,12,1.75,58.97,0.0,7.0,8
18.0,male,12,1.75,61.24,1.0,0.0,6
17.0,male,12,1.7,58.06,7.0,7.0,9
17.0,male,12,1.68,54.43,0.0,1.0,7
17.0,male,12,1.88,77.11,5.0,3.0,7
18.0,male,12,1.7,75.75,2.0,0.0,6
18.0,male,12,1.73,63.5,0.0,0.0,7
18.0,male,12,1.68,73.94,5.0,1.0,7
16.0,female,11,1.55,48.99,2.0,0.0,6
17.0,female,11,1.7,49.9,3.0,0.0,7
16.0,female,11,1.57,41.73,2.0,2.0,6
17.0,female,11,1.65,68.95,2.0,3.0,6
16.0,female,11,1.5,52.16,2.0,2.0,6
16.0,female,11,1.63,61.24,7.0,3.0,7
18.0,female,12,1.65,68.04,0.0,0.0,5
16.0,female,11,1.63,52.16,0.0,0.0,7
18.0,female,12,1.5,48.08,4.0,4.0,6
17.0,female,11,1.6,55.34,0.0,0.0,7
18.0,female,12,1.52,40.37,0.0,0.0,5
17.0,female,12,1.55,45.36,0.0,0.0,6
17.0,female,11,1.57,62.6,5.0,3.0,7
18.0,female,12,1.63,53.52,1.0,0.0,8
17.0,female,12,1.68,58.97,2.0,2.0,6
17.0,female,11,1.6,50.8,1.0,2.0,6
16.0,female,11,1.57,53.98,2.0,3.0,5
17.0,male,11,1.6,45.36,7.0,7.0,6
18.0,male,12,1.73,68.04,3.0,0.0,6
17.0,male,11,1.78,86.18,7.0,0.0,10+
17.0,female,11,1.6,63.5,5.0,1.0,6
17.0,female,12,1.7,104.33,0.0,0.0,6
17.0,female,11,1.68,79.38,2.0,0.0,7
15.0,female,9,1.45,88.91,2.0,1.0,8
16.0,female,11,1.63,49.9,3.0,2.0,7
17.0,male,11,1.6,56.25,0.0,5.0,6
18.0,male,12,1.83,71.22,4.0,3.0,6
15.0,male,9,1.68,58.97,2.0,2.0,6
17.0,male,12,1.9,144.7,2.0,5.0,7
17.0,female,12,1.52,69.4,3.0,0.0,9
17.0,female,12,1.57,54.43,0.0,0.0,7
17.0,female,12,1.7,72.58,5.0,4.0,7
17.0,female,12,,,0.0,0.0,7
17.0,female,12,1.6,72.58,7.0,5.0,<5
18.0,female,12,1.6,71.22,0.0,0.0,7
18.0,female,12,1.73,71.22,2.0,0.0,8
17.0,female,12,1.65,68.04,7.0,0.0,8
17.0,male,12,1.7,58.97,7.0,5.0,8
18.0,male,12,1.75,88.45,5.0,7.0,5
18.0,male,12,1.7,52.16,0.0,0.0,9
17.0,male,12,1.7,54.89,5.0,1.0,7
18.0,male,12,,,5.0,4.0,5
18.0,female,12,1.6,58.97,2.0,2.0,6
17.0,female,12,1.57,43.55,0.0,0.0,7
18.0,female,12,1.63,54.89,0.0,0.0,<5
18.0,female,12,1.6,63.5,2.0,2.0,10+
17.0,female,12,1.57,58.97,1.0,1.0,7
17.0,female,12,1.63,52.16,2.0,1.0,7
18.0,female,12,1.63,68.04,2.0,0.0,6
17.0,female,12,1.7,68.04,0.0,0.0,7
17.0,female,12,1.78,56.7,0.0,0.0,<5
17.0,female,12,1.55,58.97,0.0,0.0,8
18.0,female,12,1.52,71.22,1.0,2.0,6
18.0,female,12,1.55,61.24,3.0,2.0,8
17.0,female,12,1.6,47.17,7.0,4.0,9
17.0,male,12,1.68,68.04,0.0,0.0,7
17.0,male,12,1.7,54.89,5.0,6.0,7
17.0,male,12,1.68,95.26,0.0,2.0,8
17.0,male,12,1.7,79.38,0.0,0.0,5
18.0,male,12,1.7,63.5,7.0,7.0,6
18.0,male,12,1.75,122.47,7.0,0.0,<5
17.0,male,12,1.83,83.92,6.0,6.0,9
17.0,male,12,1.78,99.79,4.0,1.0,9
17.0,male,12,,,0.0,0.0,6
17.0,male,12,1.73,63.5,0.0,1.0,7
17.0,male,12,1.7,56.25,0.0,0.0,6
17.0,male,12,1.68,44.45,7.0,4.0,7
14.0,male,9,1.73,92.08,6.0,7.0,6
15.0,male,,,,3.0,5.0,8
14.0,male,9,,,7.0,7.0,
15.0,female,9,1.6,63.5,4.0,3.0,7
15.0,female,9,1.73,76.2,3.0,2.0,6
14.0,male,9,1.68,51.71,5.0,2.0,8
15.0,male,9,1.75,63.5,5.0,1.0,6
15.0,male,9,1.7,66.23,0.0,2.0,8
15.0,male,9,,,7.0,6.0,9
14.0,male,9,1.68,95.71,3.0,0.0,7
15.0,female,10,,,2.0,5.0,7
15.0,female,10,1.6,61.24,,,
16.0,female,10,1.6,73.48,1.0,2.0,5
16.0,female,11,1.68,57.61,7.0,7.0,7
15.0,female,10,1.68,81.65,5.0,3.0,8
15.0,female,10,1.6,51.26,3.0,0.0,5
16.0,female,9,,,3.0,0.0,10+
16.0,female,10,1.57,68.04,5.0,5.0,9
15.0,female,10,1.65,60.78,2.0,6.0,7
16.0,female,10,1.5,42.64,0.0,0.0,6
16.0,male,10,1.73,64.86,4.0,4.0,7
15.0,male,10,1.68,73.48,4.0,5.0,8
15.0,male,9,1.68,81.65,0.0,0.0,9
15.0,female,10,1.5,44.45,4.0,5.0,
16.0,female,10,1.47,54.43,2.0,2.0,7
15.0,female,10,1.68,68.04,5.0,0.0,9
16.0,male,10,1.65,79.38,5.0,5.0,7
16.0,male,10,1.73,74.84,1.0,0.0,6
15.0,male,10,1.63,63.5,5.0,0.0,7
15.0,male,10,1.57,52.16,7.0,7.0,9
16.0,male,9,1.73,65.77,7.0,7.0,8
16.0,male,10,1.75,65.77,0.0,1.0,7
15.0,male,10,1.85,109.32,7.0,7.0,9
16.0,male,10,,,0.0,1.0,5
16.0,male,10,1.75,88.45,1.0,4.0,9
16.0,male,10,1.7,88.91,0.0,7.0,6
15.0,male,10,1.83,67.13,7.0,7.0,7
15.0,male,10,1.78,67.59,5.0,3.0,5
16.0,male,10,1.8,102.06,0.0,0.0,8
16.0,male,10,1.88,101.61,7.0,7.0,8
15.0,male,10,1.73,54.43,0.0,0.0,8
15.0,male,10,1.73,54.43,2.0,1.0,8
15.0,male,10,1.7,52.16,5.0,1.0,<5
15.0,male,10,1.73,65.77,4.0,5.0,8
15.0,male,10,1.75,64.86,6.0,3.0,7
16.0,male,10,,,,,
17.0,female,11,1.57,55.79,0.0,0.0,8
16.0,female,11,1.57,49.9,0.0,0.0,7
17.0,female,12,1.6,75.75,1.0,0.0,7
18.0,female,12,1.6,85.73,0.0,0.0,
17.0,female,11,1.6,53.52,0.0,0.0,7
16.0,male,11,1.75,63.5,6.0,7.0,8
16.0,male,11,1.63,54.43,7.0,6.0,7
16.0,male,11,1.75,64.41,4.0,4.0,7
16.0,male,11,1.65,49.9,7.0,7.0,7
16.0,male,11,1.7,57.61,4.0,2.0,8
15.0,female,10,1.52,72.58,0.0,1.0,<5
16.0,female,10,1.63,52.62,1.0,0.0,5
16.0,female,10,1.63,55.79,5.0,5.0,8
16.0,female,10,1.7,71.67,7.0,5.0,9
15.0,female,10,1.65,49.9,4.0,2.0,7
16.0,female,10,1.45,45.81,0.0,0.0,8
15.0,female,10,1.5,52.16,5.0,5.0,5
15.0,female,10,1.57,46.27,2.0,0.0,6
15.0,female,10,1.68,74.84,7.0,7.0,7
15.0,female,10,1.63,58.97,5.0,5.0,8
15.0,female,10,1.55,62.14,1.0,1.0,8
15.0,female,10,1.55,46.27,2.0,4.0,7
16.0,female,10,1.63,44.0,3.0,0.0,6
15.0,female,10,1.63,78.93,3.0,2.0,<5
16.0,female,10,1.52,55.79,5.0,5.0,8
15.0,female,10,1.55,49.9,3.0,1.0,6
15.0,female,10,1.7,74.84,1.0,1.0,9
15.0,female,10,1.75,63.96,7.0,7.0,7
15.0,female,10,1.63,88.0,7.0,7.0,8
15.0,female,10,1.7,75.75,5.0,0.0,8
15.0,female,10,1.55,70.31,7.0,0.0,8
16.0,female,10,,,5.0,4.0,7
15.0,male,10,1.65,58.97,7.0,2.0,8
15.0,male,10,1.83,76.66,4.0,3.0,7
16.0,male,10,1.83,102.06,0.0,2.0,6
15.0,male,10,1.68,57.61,7.0,0.0,7
15.0,female,10,1.63,68.49,5.0,5.0,8
15.0,female,10,1.65,58.97,7.0,7.0,
15.0,female,10,1.55,54.43,7.0,3.0,7
16.0,male,10,1.83,69.4,7.0,6.0,<5
16.0,male,10,1.8,68.04,5.0,2.0,7
15.0,male,10,1.8,86.18,4.0,7.0,8
15.0,male,10,1.63,54.43,5.0,3.0,8
15.0,male,10,1.8,79.38,2.0,1.0,6
16.0,male,10,1.68,56.7,2.0,0.0,8
15.0,male,10,1.68,79.38,3.0,1.0,7
16.0,male,10,1.78,70.31,3.0,5.0,6
15.0,male,10,,,3.0,5.0,8
15.0,male,10,1.65,83.01,,,7
16.0,male,10,1.63,61.24,7.0,4.0,
16.0,male,10,1.78,58.97,7.0,6.0,8
16.0,male,10,1.73,88.45,3.0,3.0,8
16.0,male,10,1.7,50.35,7.0,7.0,<5
15.0,male,10,1.68,54.43,1.0,1.0,7
15.0,male,10,1.7,56.7,7.0,5.0,9
16.0,male,10,1.68,66.23,0.0,0.0,5
17.0,female,12,1.57,54.89,0.0,0.0,7
17.0,male,12,1.83,94.35,2.0,1.0,7
18.0,male,12,1.83,113.4,1.0,4.0,5
18.0,male,12,1.73,54.43,7.0,0.0,5
18.0,female,12,,,5.0,3.0,7
17.0,female,12,1.55,49.9,1.0,0.0,10+
17.0,male,12,1.63,65.77,4.0,4.0,7
18.0,male,12,1.65,57.15,6.0,0.0,6
17.0,male,12,1.75,68.04,4.0,4.0,6
18.0,male,12,1.8,72.58,2.0,2.0,7
17.0,male,12,1.78,79.38,5.0,5.0,7
18.0,male,12,1.68,56.25,1.0,7.0,8
18.0,male,12,1.9,70.31,7.0,4.0,7
18.0,male,12,1.78,91.63,3.0,0.0,7
18.0,male,12,1.8,97.98,2.0,3.0,6
17.0,male,12,1.88,113.4,0.0,0.0,8
17.0,male,12,1.63,64.41,7.0,4.0,7
18.0,male,12,1.8,88.45,7.0,7.0,7
17.0,male,12,1.8,77.11,7.0,7.0,8
17.0,male,12,1.78,50.35,7.0,7.0,8
17.0,male,12,1.73,70.31,3.0,0.0,7
17.0,male,12,1.75,73.94,3.0,0.0,7
17.0,male,12,1.8,61.24,7.0,5.0,7
17.0,male,12,1.78,106.6,4.0,1.0,6
17.0,male,12,1.73,79.38,0.0,3.0,7
17.0,female,12,1.5,53.52,0.0,0.0,7
17.0,female,12,1.55,54.43,3.0,1.0,<5
17.0,female,12,1.8,72.58,0.0,0.0,<5
17.0,female,12,1.6,56.7,0.0,0.0,7
17.0,female,12,1.57,63.5,0.0,1.0,7
17.0,female,12,1.57,55.34,5.0,2.0,8
17.0,female,12,1.65,58.97,6.0,0.0,8
17.0,female,12,1.63,45.36,7.0,3.0,5
18.0,female,12,1.5,55.34,0.0,0.0,7
18.0,female,12,1.63,60.78,0.0,0.0,7
18.0,female,12,1.63,63.5,2.0,0.0,8
18.0,female,12,1.55,55.34,0.0,0.0,<5
17.0,female,12,1.78,56.7,0.0,0.0,<5
17.0,female,12,1.78,56.7,0.0,0.0,<5
17.0,male,11,1.75,145.61,2.0,2.0,5
15.0,male,9,1.68,68.04,7.0,7.0,6
14.0,female,9,1.6,55.34,3.0,0.0,
15.0,female,9,1.85,102.06,2.0,0.0,6
15.0,female,9,,,7.0,6.0,6
14.0,female,9,,,5.0,0.0,8
15.0,female,9,1.63,54.43,5.0,1.0,8
15.0,female,9,1.7,76.2,7.0,7.0,8
15.0,female,9,1.63,55.34,5.0,5.0,9
14.0,female,9,1.57,60.33,4.0,2.0,7
14.0,female,9,1.52,45.36,7.0,0.0,8
15.0,female,9,1.7,87.54,7.0,1.0,7
14.0,female,9,1.52,49.9,7.0,3.0,6
15.0,female,9,1.7,51.26,0.0,0.0,8
14.0,female,9,1.6,81.65,7.0,0.0,5
15.0,male,9,1.65,56.25,1.0,1.0,8
14.0,male,9,1.6,95.26,5.0,0.0,8
15.0,male,9,1.75,63.5,7.0,7.0,7
14.0,male,9,1.73,61.24,7.0,2.0,8
15.0,male,9,1.7,68.04,3.0,6.0,8
15.0,male,9,1.65,55.34,7.0,7.0,8
14.0,male,,1.63,81.65,0.0,0.0,8
14.0,male,9,1.65,60.78,5.0,7.0,9
14.0,male,9,1.78,62.6,4.0,4.0,8
15.0,male,9,1.68,60.78,7.0,4.0,6
17.0,male,11,1.73,54.43,7.0,7.0,8
15.0,male,9,1.63,71.22,4.0,1.0,8
15.0,male,9,1.68,54.43,3.0,3.0,5
15.0,male,9,1.68,65.77,5.0,4.0,8
15.0,male,9,1.7,63.5,0.0,7.0,<5
15.0,female,9,1.63,61.69,7.0,7.0,7
15.0,female,9,1.57,54.43,7.0,7.0,7
14.0,female,9,1.55,58.97,3.0,2.0,9
18.0,female,12,1.63,58.97,0.0,2.0,8
14.0,female,9,1.7,68.04,5.0,0.0,7
14.0,female,9,1.57,68.49,2.0,1.0,7
14.0,female,9,1.65,81.19,7.0,7.0,9
14.0,female,9,1.57,56.25,0.0,2.0,<5
14.0,female,9,1.65,54.43,4.0,0.0,5
14.0,female,9,1.65,54.43,0.0,0.0,7
15.0,female,9,1.47,54.43,5.0,6.0,6
15.0,female,9,1.47,29.94,2.0,0.0,7
14.0,female,9,1.6,53.07,7.0,5.0,7
14.0,female,9,1.55,45.36,3.0,0.0,8
17.0,female,11,1.7,69.4,4.0,0.0,7
15.0,female,9,1.55,53.98,6.0,2.0,9
14.0,female,9,1.63,66.23,6.0,6.0,10+
16.0,female,9,1.65,54.43,0.0,7.0,9
14.0,female,9,1.63,95.26,7.0,7.0,7
15.0,male,9,1.75,59.88,6.0,0.0,8
15.0,male,9,1.75,70.31,4.0,2.0,9
14.0,male,9,1.6,54.89,7.0,4.0,8
14.0,male,9,1.68,48.08,7.0,3.0,9
14.0,male,9,1.73,84.82,7.0,4.0,6
14.0,male,9,1.63,58.97,6.0,4.0,8
17.0,female,11,1.68,90.72,5.0,0.0,8
15.0,female,10,1.68,53.98,1.0,0.0,8
15.0,female,10,1.52,52.62,4.0,0.0,<5
16.0,female,10,1.65,54.43,5.0,0.0,8
15.0,female,10,1.65,64.86,6.0,5.0,8
15.0,female,10,1.5,49.44,7.0,0.0,8
15.0,female,9,1.5,55.79,7.0,7.0,8
15.0,female,10,1.63,50.8,7.0,3.0,8
16.0,female,10,1.63,47.63,7.0,5.0,7
17.0,female,12,1.6,49.9,7.0,2.0,6
15.0,female,10,1.57,44.45,7.0,7.0,9
15.0,female,10,1.63,49.9,7.0,7.0,7
16.0,female,10,1.57,49.9,3.0,0.0,8
15.0,male,10,1.7,66.23,0.0,0.0,6
16.0,male,10,1.68,70.31,7.0,3.0,9
17.0,male,11,,,5.0,5.0,<5
15.0,male,10,1.78,58.97,1.0,1.0,9
16.0,male,11,1.88,79.38,6.0,3.0,5
15.0,male,10,1.68,58.97,5.0,2.0,8
16.0,male,10,,,3.0,5.0,9
18.0,male,12,1.8,72.58,7.0,0.0,6
16.0,male,10,1.7,74.84,0.0,2.0,8
15.0,male,9,1.65,51.26,2.0,7.0,8
15.0,male,10,1.8,72.58,7.0,6.0,7
16.0,male,10,1.7,60.78,7.0,7.0,8
16.0,male,10,1.7,50.8,0.0,5.0,6
16.0,male,10,1.73,65.77,6.0,6.0,9
17.0,male,11,1.78,72.58,5.0,5.0,7
16.0,male,10,1.63,54.43,7.0,7.0,8
15.0,male,10,1.75,64.41,6.0,3.0,6
14.0,female,9,1.55,49.9,,,
14.0,female,9,1.6,55.34,3.0,7.0,5
15.0,female,9,1.55,62.6,5.0,3.0,8
14.0,female,9,1.73,63.05,1.0,1.0,7
14.0,female,9,1.63,56.7,6.0,6.0,7
14.0,female,9,1.5,49.9,7.0,5.0,8
15.0,female,9,1.7,52.16,6.0,5.0,9
15.0,female,9,1.63,63.5,5.0,0.0,6
15.0,female,9,1.68,56.25,5.0,7.0,8
14.0,female,9,1.57,52.16,7.0,7.0,5
15.0,female,9,1.73,68.95,4.0,2.0,8
14.0,female,9,1.63,47.63,4.0,0.0,7
15.0,female,9,1.68,68.95,5.0,4.0,8
15.0,female,9,1.63,53.52,7.0,0.0,7
14.0,female,9,1.55,53.52,5.0,5.0,10+
15.0,female,9,1.65,55.34,4.0,2.0,6
14.0,male,9,1.65,74.39,4.0,1.0,7
14.0,male,9,1.85,80.74,2.0,3.0,8
15.0,male,9,1.7,55.79,3.0,2.0,5
15.0,male,9,1.8,88.0,7.0,7.0,8
14.0,male,9,1.83,63.5,2.0,4.0,7
14.0,male,9,,,7.0,7.0,9
14.0,male,9,1.78,68.04,6.0,5.0,8
14.0,male,9,1.7,56.7,5.0,1.0,6
15.0,male,9,1.52,54.43,6.0,7.0,7
15.0,male,9,1.57,45.36,3.0,1.0,7
14.0,male,9,1.73,72.58,7.0,5.0,9
14.0,male,9,1.7,56.25,7.0,0.0,7
15.0,male,9,1.78,70.31,7.0,7.0,8
15.0,male,9,1.7,81.19,2.0,2.0,6
14.0,male,9,1.8,58.97,7.0,7.0,9
15.0,male,9,1.73,79.38,4.0,1.0,6
14.0,male,9,1.75,68.04,5.0,0.0,8
14.0,male,9,1.78,64.86,5.0,5.0,<5
15.0,male,9,1.83,65.77,7.0,7.0,
15.0,male,9,1.73,54.43,7.0,3.0,7
14.0,male,9,1.75,72.58,7.0,7.0,5
14.0,male,9,1.73,81.65,6.0,2.0,7
15.0,male,9,,,7.0,5.0,6
14.0,male,9,1.63,54.43,7.0,7.0,7
17.0,male,11,1.83,81.65,5.0,5.0,7
17.0,male,11,1.88,99.79,5.0,7.0,8
17.0,male,11,1.7,62.14,7.0,7.0,6
17.0,male,11,1.88,100.25,5.0,3.0,6
17.0,male,11,1.68,68.95,3.0,4.0,5
17.0,male,11,1.73,72.12,1.0,0.0,8
17.0,male,11,1.65,65.32,7.0,7.0,7
17.0,male,11,1.83,88.45,7.0,5.0,7
17.0,male,11,1.73,65.77,4.0,4.0,7
16.0,female,11,1.57,57.61,0.0,3.0,6
17.0,female,11,1.55,51.26,7.0,7.0,9
17.0,female,11,1.65,55.34,0.0,0.0,7
17.0,female,11,1.6,44.45,0.0,0.0,7
16.0,female,11,1.5,48.54,3.0,2.0,7
17.0,female,11,1.52,54.43,2.0,1.0,5
16.0,female,11,1.55,53.52,6.0,5.0,5
16.0,female,11,1.63,68.04,5.0,4.0,6
17.0,female,11,1.47,40.82,4.0,4.0,7
17.0,female,11,1.57,47.63,3.0,0.0,7
16.0,female,11,1.7,60.78,7.0,6.0,7
16.0,female,11,1.55,70.31,5.0,0.0,6
16.0,female,11,1.73,65.77,7.0,7.0,6
17.0,female,11,1.65,57.61,7.0,7.0,6
17.0,female,11,1.63,47.63,1.0,1.0,6
16.0,female,11,1.55,43.55,2.0,2.0,7
16.0,female,11,1.6,69.85,3.0,0.0,<5
15.0,female,9,1.73,83.92,5.0,1.0,5
14.0,female,9,1.65,56.7,7.0,7.0,<5
16.0,female,9,1.52,43.55,5.0,6.0,9
15.0,female,9,1.68,58.06,5.0,4.0,9
14.0,female,9,,,7.0,2.0,8
15.0,female,9,1.63,77.11,7.0,7.0,9
14.0,female,9,1.6,46.27,2.0,7.0,7
14.0,female,9,1.57,56.7,7.0,0.0,6
14.0,female,9,1.52,39.01,1.0,4.0,8
15.0,female,9,1.55,56.25,2.0,3.0,8
14.0,female,9,,,4.0,5.0,6
15.0,female,9,1.5,46.72,3.0,,
15.0,female,9,1.55,55.79,5.0,5.0,7
14.0,female,9,1.55,51.71,,,
15.0,female,9,1.55,57.61,7.0,3.0,9
14.0,female,9,1.63,86.18,5.0,1.0,
14.0,female,9,1.9,85.73,7.0,5.0,7
15.0,female,9,1.55,74.84,,,
14.0,female,9,1.68,59.88,,,
14.0,female,9,,,0.0,0.0,8
15.0,female,9,1.5,47.63,,,
14.0,female,9,1.5,61.69,5.0,2.0,7
15.0,male,9,1.78,73.48,7.0,7.0,8
14.0,male,9,,,7.0,0.0,7
15.0,male,9,1.75,80.74,1.0,1.0,8
15.0,male,9,1.68,61.69,1.0,0.0,7
14.0,male,9,1.73,103.42,7.0,3.0,6
15.0,male,9,1.6,59.88,7.0,7.0,8
14.0,male,9,1.68,55.79,6.0,3.0,8
14.0,male,9,1.78,133.81,7.0,7.0,7
14.0,male,9,1.65,56.7,3.0,2.0,7
15.0,male,9,1.7,65.32,7.0,7.0,8
14.0,male,9,1.78,95.26,7.0,5.0,6
15.0,male,9,1.73,61.69,7.0,7.0,7
14.0,male,9,1.7,73.48,2.0,0.0,6
14.0,male,9,1.68,60.33,1.0,4.0,6
14.0,male,9,1.68,58.97,0.0,0.0,6
15.0,male,9,1.75,79.38,1.0,2.0,8
15.0,male,10,1.78,58.97,0.0,0.0,<5
15.0,male,9,1.6,49.9,7.0,5.0,9
14.0,male,9,1.6,70.76,0.0,,
15.0,male,9,,,0.0,3.0,8
15.0,male,9,1.78,104.33,3.0,3.0,
15.0,male,9,1.63,55.79,7.0,,
15.0,male,9,1.78,84.37,5.0,5.0,6
14.0,male,9,1.78,67.13,5.0,7.0,6
15.0,male,9,1.68,113.4,,,
14.0,male,9,1.75,56.25,0.0,0.0,<5
14.0,male,9,1.68,69.85,0.0,0.0,
15.0,male,10,1.65,61.24,0.0,2.0,5
15.0,male,10,1.83,66.68,0.0,1.0,8
16.0,male,10,1.8,86.18,5.0,6.0,7
16.0,male,10,1.75,58.97,7.0,5.0,9
15.0,male,10,1.7,63.5,6.0,6.0,7
16.0,male,10,1.83,56.7,3.0,3.0,7
15.0,male,10,1.65,56.7,0.0,0.0,7
16.0,male,10,1.68,57.15,5.0,7.0,5
17.0,male,12,1.83,99.79,5.0,4.0,7
17.0,male,11,1.7,61.24,3.0,7.0,10+
15.0,male,10,1.85,67.13,3.0,3.0,7
16.0,male,10,1.73,64.41,7.0,0.0,8
16.0,male,10,1.78,68.95,0.0,0.0,7
15.0,male,10,1.65,47.63,3.0,0.0,8
17.0,male,10,1.75,65.77,7.0,7.0,7
16.0,male,10,1.7,61.24,7.0,7.0,8
16.0,male,10,1.7,63.5,6.0,3.0,6
16.0,female,10,1.57,50.8,3.0,0.0,6
16.0,female,10,1.6,56.7,6.0,7.0,6
16.0,female,10,1.65,50.8,2.0,2.0,9
16.0,female,10,1.63,45.81,4.0,0.0,7
16.0,female,10,1.7,46.72,0.0,0.0,5
15.0,female,10,1.52,54.43,3.0,2.0,7
15.0,female,10,1.55,46.27,2.0,1.0,<5
16.0,female,10,1.63,55.79,4.0,4.0,5
16.0,female,10,1.65,58.97,5.0,3.0,7
16.0,female,10,,,1.0,2.0,6
17.0,male,12,1.65,77.11,7.0,7.0,7
17.0,male,12,1.75,63.5,0.0,1.0,6
17.0,male,12,1.85,76.2,7.0,6.0,6
17.0,male,12,1.75,92.53,7.0,7.0,7
18.0,male,12,1.63,63.5,5.0,3.0,6
18.0,male,12,1.88,67.13,7.0,0.0,6
17.0,male,12,1.7,78.93,7.0,5.0,8
18.0,male,12,1.75,62.14,1.0,4.0,8
17.0,male,12,1.73,63.5,4.0,4.0,6
18.0,male,12,1.65,117.94,1.0,0.0,8
17.0,male,12,1.8,83.92,0.0,0.0,<5
17.0,male,12,1.7,67.59,7.0,5.0,7
18.0,male,12,1.68,58.06,5.0,1.0,7
17.0,male,12,1.73,58.97,6.0,1.0,7
18.0,female,12,1.63,61.24,2.0,0.0,8
18.0,female,12,1.63,68.04,2.0,0.0,9
17.0,female,12,1.6,104.33,5.0,0.0,7
18.0,female,12,1.75,86.18,0.0,0.0,8
17.0,female,12,1.52,59.42,5.0,2.0,10+
18.0,female,12,1.57,73.03,3.0,3.0,7
18.0,female,12,1.63,70.31,5.0,5.0,7
17.0,female,12,1.6,55.79,6.0,6.0,8
18.0,female,12,1.7,58.97,3.0,1.0,7
18.0,female,12,1.55,43.09,1.0,0.0,8
17.0,male,12,,,7.0,5.0,6
17.0,male,12,1.75,100.7,5.0,0.0,<5
18.0,male,12,1.73,62.14,5.0,5.0,6
17.0,male,12,1.85,63.05,5.0,3.0,9
17.0,male,12,1.8,81.65,5.0,5.0,8
18.0,male,12,1.78,76.66,2.0,3.0,7
18.0,male,12,1.75,92.08,5.0,4.0,5
18.0,male,12,1.68,65.77,7.0,7.0,8
18.0,male,12,1.8,77.11,7.0,7.0,8
17.0,male,12,1.73,70.31,7.0,7.0,8
18.0,male,12,1.88,86.18,7.0,7.0,9
17.0,female,12,1.6,63.5,0.0,0.0,8
17.0,female,12,1.65,65.77,7.0,3.0,5
18.0,female,12,1.68,55.79,0.0,3.0,8
17.0,female,12,1.6,58.06,6.0,0.0,7
17.0,female,12,1.6,58.06,7.0,0.0,6
17.0,female,12,1.6,77.11,7.0,6.0,8
17.0,female,12,1.47,43.09,7.0,7.0,8
17.0,female,12,1.63,60.33,3.0,2.0,7
18.0,female,12,1.55,62.14,6.0,6.0,7
17.0,female,12,1.78,70.31,4.0,2.0,6
17.0,female,12,1.68,53.07,0.0,0.0,7
17.0,female,11,1.52,58.97,7.0,0.0,7
16.0,female,11,1.57,53.07,7.0,5.0,6
17.0,female,11,1.7,70.76,3.0,0.0,6
17.0,female,12,1.5,44.91,0.0,0.0,6
16.0,female,11,1.73,63.5,6.0,6.0,7
18.0,female,12,1.65,55.79,5.0,5.0,7
16.0,female,11,1.65,99.79,0.0,4.0,5
17.0,female,11,,,4.0,4.0,<5
17.0,female,11,,,,,
16.0,male,11,1.65,46.27,1.0,1.0,7
17.0,male,11,1.65,58.97,,,
17.0,male,11,1.73,72.58,4.0,5.0,7
16.0,male,11,1.83,104.33,6.0,4.0,9
17.0,male,11,1.73,58.97,6.0,6.0,8
17.0,male,11,1.68,63.5,5.0,4.0,7
17.0,male,11,,,7.0,5.0,6
16.0,male,11,1.83,68.04,7.0,7.0,8
17.0,male,11,1.63,75.75,7.0,7.0,8
17.0,male,11,1.7,63.5,4.0,0.0,8
16.0,male,11,1.7,61.24,7.0,7.0,8
17.0,male,11,1.68,69.4,5.0,5.0,8
16.0,male,11,1.68,65.77,6.0,6.0,7
17.0,male,11,1.78,61.24,7.0,4.0,6
17.0,female,11,1.68,58.97,6.0,6.0,
17.0,female,11,1.55,58.97,7.0,3.0,7
17.0,female,11,1.7,90.72,5.0,5.0,7
16.0,female,11,1.68,65.77,7.0,4.0,6
16.0,female,11,1.52,65.77,4.0,0.0,7
16.0,female,11,1.65,63.5,3.0,3.0,5
16.0,female,11,1.55,49.9,0.0,0.0,5
16.0,female,11,1.55,50.8,5.0,2.0,6
17.0,female,11,1.75,61.24,0.0,1.0,9
17.0,female,11,1.63,56.7,3.0,0.0,6
16.0,female,11,1.5,65.77,3.0,0.0,8
17.0,female,11,1.75,72.58,2.0,0.0,7
17.0,female,12,1.65,61.24,5.0,5.0,8
17.0,female,12,1.68,56.25,5.0,4.0,8
16.0,female,11,1.57,54.43,4.0,0.0,7
17.0,male,12,1.78,63.05,3.0,2.0,8
16.0,male,11,1.75,81.65,7.0,5.0,7
17.0,male,11,1.73,72.58,7.0,5.0,<5
17.0,male,11,1.83,58.97,5.0,5.0,7
17.0,male,11,1.83,79.38,4.0,6.0,8
16.0,male,11,1.75,72.58,7.0,7.0,5
16.0,male,11,1.68,49.9,7.0,0.0,<5
17.0,male,11,1.8,75.3,6.0,6.0,9
16.0,male,11,1.73,69.4,5.0,7.0,7
16.0,male,11,1.8,83.92,6.0,3.0,7
18.0,male,11,1.68,63.5,6.0,6.0,5
16.0,male,11,1.88,72.58,7.0,4.0,<5
16.0,male,11,1.7,61.24,4.0,3.0,8
17.0,male,11,1.83,77.11,7.0,4.0,7
16.0,male,11,1.8,79.38,7.0,7.0,6
17.0,female,12,1.73,65.77,7.0,2.0,8
18.0,female,12,1.68,50.8,2.0,0.0,5
17.0,female,12,1.6,65.77,6.0,3.0,8
18.0,female,12,1.6,76.2,5.0,1.0,7
18.0,female,12,1.63,54.89,4.0,4.0,8
18.0,female,12,1.5,38.56,2.0,0.0,9
18.0,female,12,1.57,46.27,1.0,0.0,7
17.0,female,12,1.68,55.79,1.0,0.0,5
18.0,female,12,1.52,49.9,5.0,5.0,5
17.0,female,12,1.63,54.43,6.0,4.0,8
17.0,female,12,1.55,45.36,0.0,0.0,7
17.0,female,12,1.7,52.16,3.0,5.0,5
18.0,female,12,1.65,56.7,6.0,0.0,7
18.0,female,12,1.7,99.79,0.0,0.0,<5
17.0,male,12,1.85,90.72,5.0,5.0,7
18.0,male,12,1.73,56.7,3.0,3.0,8
18.0,male,12,1.8,78.02,5.0,7.0,7
18.0,male,12,,,7.0,7.0,
17.0,male,12,1.73,113.4,0.0,0.0,5
17.0,male,12,1.63,54.89,2.0,0.0,8
18.0,male,12,1.85,107.5,5.0,4.0,5
18.0,male,12,1.98,104.33,3.0,2.0,6
16.0,female,11,1.63,65.77,1.0,1.0,5
16.0,female,11,1.63,49.9,0.0,0.0,6
17.0,female,11,1.65,58.97,4.0,4.0,7
16.0,female,11,1.52,54.89,2.0,4.0,8
15.0,female,10,1.75,47.63,3.0,3.0,8
15.0,female,10,1.65,51.71,5.0,5.0,8
15.0,female,10,1.6,65.77,5.0,5.0,7
17.0,female,11,1.68,58.97,2.0,0.0,8
15.0,female,10,1.68,57.61,2.0,7.0,5
15.0,male,10,1.6,55.34,0.0,3.0,7
16.0,male,11,1.7,61.24,6.0,3.0,8
16.0,male,12,1.88,83.92,5.0,5.0,8
16.0,male,10,1.73,80.74,5.0,5.0,7
17.0,male,11,1.75,82.1,7.0,7.0,7
16.0,male,11,1.83,99.79,7.0,0.0,6
16.0,male,11,1.85,107.5,4.0,2.0,8
15.0,male,10,1.7,74.84,3.0,3.0,7
15.0,male,10,1.83,80.74,6.0,3.0,7
17.0,male,11,,,7.0,1.0,7
16.0,male,11,1.75,69.4,5.0,7.0,7
17.0,male,11,1.68,74.84,7.0,7.0,7
16.0,male,11,1.8,74.39,5.0,4.0,7
16.0,male,10,1.93,79.38,7.0,7.0,<5
16.0,male,10,1.8,71.67,7.0,7.0,<5
15.0,male,10,1.78,59.88,5.0,5.0,7
15.0,male,10,1.83,68.49,7.0,7.0,6
17.0,male,10,1.78,56.7,0.0,0.0,6
15.0,female,9,,,5.0,1.0,5
15.0,female,9,1.7,56.7,4.0,2.0,<5
15.0,female,9,1.75,52.16,1.0,0.0,8
18.0,female,12,1.57,53.07,5.0,1.0,6
16.0,female,11,1.65,56.7,0.0,0.0,6
14.0,female,9,1.45,52.16,4.0,4.0,9
15.0,female,9,1.55,46.72,5.0,2.0,7
16.0,female,9,1.73,61.24,1.0,0.0,7
14.0,female,9,1.65,47.17,7.0,7.0,9
15.0,female,9,1.57,47.17,7.0,5.0,7
14.0,female,9,1.8,61.24,6.0,5.0,7
15.0,female,9,1.63,59.88,7.0,5.0,9
14.0,female,9,1.65,65.77,6.0,5.0,9
14.0,female,9,1.63,64.41,7.0,5.0,6
14.0,female,9,1.63,61.69,7.0,3.0,6
15.0,female,9,1.6,44.91,7.0,7.0,9
15.0,female,9,1.6,61.24,3.0,5.0,7
14.0,female,9,1.6,71.67,7.0,7.0,7
14.0,female,9,1.6,53.98,5.0,1.0,5
15.0,female,9,1.7,58.97,7.0,6.0,7
15.0,male,9,1.75,84.82,7.0,7.0,10+
14.0,male,9,1.55,77.11,4.0,2.0,7
17.0,male,12,1.73,72.58,5.0,5.0,7
14.0,male,9,1.75,63.05,5.0,0.0,10+
15.0,male,9,1.78,53.07,3.0,3.0,9
14.0,male,9,1.5,44.0,7.0,5.0,8
17.0,male,11,1.8,62.6,7.0,2.0,8
15.0,male,9,1.65,52.62,6.0,0.0,9
17.0,male,11,1.7,73.94,5.0,4.0,6
15.0,male,9,1.7,56.7,5.0,5.0,8
14.0,male,9,1.78,66.23,7.0,3.0,5
16.0,male,9,1.78,86.18,7.0,7.0,7
14.0,male,9,1.85,113.4,6.0,4.0,8
15.0,male,9,1.83,61.24,7.0,5.0,7
14.0,male,9,1.6,54.43,3.0,3.0,7
15.0,male,9,1.83,63.5,1.0,1.0,7
17.0,female,12,1.47,47.63,3.0,1.0,5
17.0,female,12,1.6,82.1,1.0,0.0,6
18.0,female,12,1.57,55.79,7.0,4.0,9
17.0,female,12,1.63,47.63,2.0,1.0,8
18.0,female,12,1.57,68.04,4.0,2.0,<5
17.0,female,12,1.52,47.63,7.0,7.0,8
17.0,female,12,1.7,75.75,7.0,7.0,7
18.0,female,12,1.55,54.43,0.0,0.0,9
17.0,female,12,1.6,61.24,4.0,0.0,<5
18.0,female,12,1.7,68.04,3.0,3.0,7
17.0,male,12,1.83,72.58,0.0,7.0,6
18.0,male,12,1.8,66.68,7.0,3.0,8
18.0,male,12,1.83,65.77,3.0,0.0,<5
18.0,male,12,1.8,66.68,7.0,0.0,<5
18.0,male,12,1.85,58.97,3.0,0.0,<5
17.0,male,12,1.8,99.79,7.0,7.0,6
17.0,male,12,1.65,74.84,4.0,4.0,6
18.0,male,12,1.83,63.5,3.0,3.0,7
18.0,male,12,1.7,74.84,0.0,3.0,6
17.0,male,12,1.85,83.46,2.0,7.0,7
18.0,male,12,1.75,92.99,7.0,7.0,5
17.0,male,12,1.78,86.18,7.0,6.0,7
18.0,male,12,1.85,72.58,,,8
18.0,male,12,1.7,54.43,4.0,3.0,5
17.0,male,12,,,5.0,2.0,9
16.0,female,10,1.6,49.9,4.0,4.0,7
16.0,female,10,1.57,52.62,5.0,5.0,7
15.0,female,9,,,4.0,0.0,8
17.0,female,11,1.6,56.25,5.0,5.0,5
15.0,female,9,1.57,50.8,2.0,0.0,7
17.0,female,10,1.6,66.23,7.0,3.0,10+
15.0,female,9,1.57,50.8,4.0,2.0,7
15.0,female,9,1.5,54.89,7.0,7.0,<5
16.0,male,10,1.73,102.06,3.0,3.0,7
15.0,male,9,1.68,62.6,7.0,7.0,7
15.0,male,9,1.65,74.39,0.0,0.0,7
15.0,male,10,1.7,54.43,0.0,7.0,8
17.0,male,10,1.68,61.24,7.0,3.0,8
14.0,male,9,1.6,54.43,6.0,4.0,7
15.0,male,9,1.73,63.5,7.0,7.0,7
15.0,male,9,1.75,68.04,3.0,2.0,6
16.0,male,10,1.78,102.06,5.0,7.0,7
16.0,male,10,1.78,68.04,5.0,6.0,9
,female,,,,4.0,4.0,8
15.0,female,10,1.68,70.31,5.0,5.0,6
16.0,female,10,1.7,60.33,3.0,1.0,9
17.0,female,10,1.6,43.09,2.0,0.0,6
16.0,female,10,1.65,68.04,7.0,0.0,<5
15.0,female,10,1.63,68.04,7.0,3.0,8
16.0,female,10,1.57,45.36,0.0,1.0,7
15.0,female,10,1.57,55.34,3.0,3.0,7
16.0,female,10,1.55,44.0,3.0,3.0,6
15.0,female,10,1.65,81.65,4.0,0.0,7
16.0,female,10,1.57,58.97,4.0,4.0,9
15.0,female,10,1.57,66.68,5.0,5.0,6
15.0,male,10,1.7,58.97,5.0,5.0,8
16.0,male,10,1.78,65.77,7.0,5.0,6
16.0,male,10,1.6,56.7,7.0,7.0,6
16.0,male,10,1.85,88.45,0.0,0.0,7
16.0,male,10,1.78,97.52,3.0,2.0,8
16.0,male,10,1.63,68.49,4.0,0.0,7
17.0,male,10,1.85,113.4,3.0,3.0,8
15.0,male,10,1.75,95.26,7.0,5.0,8
16.0,male,10,1.75,127.01,7.0,7.0,7
17.0,male,10,1.73,72.58,5.0,3.0,6
15.0,female,10,1.52,68.49,5.0,0.0,7
17.0,female,12,1.7,88.91,2.0,0.0,7
18.0,female,12,1.63,52.16,0.0,0.0,6
17.0,female,12,1.55,81.65,5.0,5.0,8
18.0,female,12,1.55,108.86,0.0,0.0,5
17.0,female,12,1.65,51.71,7.0,7.0,6
18.0,female,12,1.83,72.58,1.0,0.0,8
17.0,female,12,1.65,63.5,6.0,6.0,8
17.0,male,12,1.7,46.72,7.0,4.0,<5
17.0,male,12,1.9,68.04,3.0,3.0,9
17.0,male,12,1.75,80.74,7.0,7.0,<5
18.0,male,12,1.88,90.72,7.0,7.0,6
18.0,male,12,1.7,79.38,3.0,0.0,8
17.0,male,12,1.9,90.72,0.0,0.0,5
18.0,male,12,1.85,130.18,4.0,1.0,6
17.0,female,11,1.63,50.35,4.0,4.0,9
17.0,female,11,1.63,61.24,3.0,2.0,9
17.0,female,11,1.6,58.97,1.0,1.0,7
16.0,female,11,1.68,71.22,5.0,1.0,7
16.0,female,11,1.6,61.24,0.0,1.0,7
17.0,female,11,1.73,66.68,3.0,0.0,5
17.0,female,11,1.57,53.98,4.0,4.0,8
17.0,male,11,1.73,91.63,5.0,3.0,7
16.0,female,11,1.57,59.88,2.0,2.0,7
16.0,male,11,1.73,127.01,0.0,0.0,8
16.0,male,11,1.83,56.7,5.0,0.0,9
17.0,male,11,1.73,64.41,5.0,5.0,7
16.0,male,11,1.83,73.48,5.0,0.0,6
17.0,male,11,1.8,102.06,2.0,0.0,9
17.0,male,11,1.78,63.5,7.0,7.0,7
17.0,male,11,1.8,79.38,7.0,7.0,8
17.0,male,11,1.75,71.67,3.0,5.0,6
17.0,male,11,1.78,65.77,3.0,0.0,8
16.0,male,11,1.65,58.97,2.0,0.0,6
16.0,male,11,1.7,63.5,7.0,3.0,7
16.0,male,10,1.68,72.58,7.0,7.0,8
16.0,male,10,1.88,127.01,7.0,3.0,8
15.0,male,10,1.88,68.04,5.0,0.0,5
15.0,male,10,1.73,74.84,7.0,7.0,8
16.0,male,10,1.78,67.59,7.0,7.0,7
16.0,male,10,1.75,104.33,4.0,2.0,7
17.0,male,10,1.7,62.6,1.0,7.0,8
16.0,male,10,1.78,77.11,1.0,1.0,8
16.0,male,10,1.8,67.13,7.0,7.0,8
16.0,male,10,1.63,52.62,4.0,1.0,8
15.0,male,10,1.57,88.45,2.0,0.0,5
15.0,male,10,1.85,93.44,5.0,5.0,5
16.0,female,10,1.63,81.65,4.0,0.0,7
15.0,female,10,,,7.0,7.0,6
15.0,female,10,1.65,106.6,4.0,0.0,9
15.0,female,10,1.55,58.06,7.0,7.0,6
16.0,female,10,1.6,58.97,5.0,3.0,7
15.0,female,10,1.57,44.91,4.0,2.0,7
15.0,female,10,1.57,54.43,7.0,4.0,9
15.0,female,10,1.57,48.99,3.0,1.0,9
16.0,female,10,1.52,52.16,5.0,1.0,7
15.0,female,10,1.88,49.9,4.0,3.0,7
15.0,female,10,1.55,52.16,3.0,2.0,7
16.0,female,10,1.6,40.37,7.0,7.0,8
15.0,male,9,1.85,90.72,0.0,2.0,<5
15.0,male,9,1.75,115.21,4.0,4.0,7
16.0,male,9,1.65,68.95,0.0,0.0,7
15.0,male,9,1.6,61.24,4.0,1.0,7
15.0,male,9,1.78,83.01,7.0,7.0,10+
15.0,male,9,1.68,70.31,,0.0,7
15.0,male,9,1.75,65.77,7.0,5.0,8
14.0,male,9,1.78,66.68,7.0,6.0,9
14.0,male,9,1.52,99.79,5.0,1.0,5
15.0,male,9,1.57,40.37,7.0,4.0,10+
15.0,male,9,1.73,58.97,3.0,2.0,9
14.0,male,9,1.4,81.65,3.0,5.0,10+
14.0,female,9,1.52,49.9,5.0,5.0,7
14.0,female,9,1.57,58.06,5.0,0.0,6
15.0,female,9,1.75,64.86,6.0,6.0,6
15.0,female,9,1.5,76.2,5.0,4.0,8
15.0,female,9,1.55,50.35,6.0,4.0,6
15.0,female,9,1.55,48.54,5.0,0.0,10+
16.0,female,9,1.52,62.6,5.0,0.0,9
14.0,female,9,1.52,47.17,4.0,5.0,8
16.0,female,9,1.7,61.24,7.0,7.0,6
14.0,female,9,1.63,59.88,1.0,4.0,<5
15.0,female,9,1.6,58.97,2.0,5.0,9
15.0,female,9,1.65,59.88,5.0,4.0,8
15.0,female,9,1.57,50.8,7.0,3.0,7
17.0,male,11,1.8,93.9,4.0,0.0,5
17.0,male,11,,,4.0,3.0,8
17.0,male,11,1.78,54.43,4.0,2.0,7
17.0,male,11,1.8,79.38,7.0,6.0,8
17.0,male,11,1.78,95.26,5.0,1.0,6
17.0,male,11,1.78,77.11,7.0,6.0,8
16.0,male,11,1.73,63.5,3.0,6.0,6
16.0,male,11,1.78,105.24,7.0,7.0,8
17.0,male,11,1.98,86.64,7.0,7.0,8
17.0,female,11,1.6,64.86,3.0,7.0,6
17.0,female,11,1.7,148.33,5.0,2.0,8
16.0,female,11,1.57,55.79,5.0,5.0,6
17.0,female,11,1.57,49.44,7.0,7.0,7
17.0,female,11,1.6,56.7,7.0,5.0,8
16.0,female,11,1.6,66.68,4.0,4.0,8
17.0,female,11,1.63,65.77,3.0,3.0,8
16.0,female,11,1.68,68.95,7.0,2.0,7
17.0,female,11,1.52,48.54,7.0,7.0,6
17.0,female,11,1.6,62.6,1.0,1.0,7
16.0,female,11,1.5,58.51,7.0,5.0,7
17.0,female,11,1.57,61.24,4.0,3.0,7
16.0,female,11,1.63,88.45,4.0,3.0,5
16.0,female,11,1.6,52.62,7.0,7.0,8
16.0,female,11,1.6,54.43,5.0,3.0,9
16.0,female,11,1.68,59.88,4.0,4.0,8
17.0,female,11,1.68,72.58,6.0,6.0,8
17.0,male,12,1.83,104.33,3.0,5.0,7
18.0,male,12,1.73,124.74,7.0,7.0,7
17.0,male,12,1.75,62.6,7.0,7.0,7
17.0,male,12,1.85,70.31,5.0,3.0,6
18.0,male,12,1.83,95.26,3.0,3.0,9
18.0,male,12,1.78,67.13,7.0,4.0,8
18.0,male,12,1.7,63.5,5.0,4.0,9
17.0,male,12,1.65,55.34,0.0,2.0,9
17.0,male,12,1.7,58.06,6.0,4.0,8
17.0,male,12,,,3.0,0.0,7
18.0,male,12,,,7.0,7.0,8
18.0,male,12,1.85,72.58,6.0,5.0,5
17.0,male,12,1.7,49.9,6.0,0.0,6
18.0,male,12,1.75,81.65,5.0,5.0,8
18.0,female,12,1.68,113.4,3.0,2.0,5
18.0,female,12,1.65,65.77,3.0,3.0,8
17.0,female,12,1.6,65.77,7.0,7.0,8
17.0,female,12,1.55,83.01,4.0,0.0,<5
17.0,female,12,1.6,54.43,7.0,5.0,6
18.0,female,12,1.6,63.05,5.0,4.0,7
18.0,female,12,1.57,43.09,7.0,5.0,6
17.0,female,12,1.75,58.97,3.0,4.0,7
17.0,female,12,1.6,60.78,6.0,1.0,6
18.0,female,12,,,5.0,5.0,8
17.0,female,12,1.6,99.79,7.0,5.0,<5
,male,,,,7.0,0.0,8
17.0,male,11,1.85,77.11,7.0,6.0,7
17.0,male,11,1.78,72.58,7.0,4.0,7
17.0,male,11,1.7,69.85,0.0,0.0,<5
17.0,male,11,1.65,52.16,2.0,1.0,7
17.0,female,11,1.57,50.8,0.0,0.0,8
17.0,female,11,,,5.0,2.0,8
17.0,female,11,1.68,53.07,2.0,0.0,9
17.0,female,11,1.57,52.16,7.0,7.0,8
17.0,female,11,1.75,99.79,0.0,0.0,8
17.0,female,11,1.68,66.23,7.0,2.0,5
17.0,female,11,1.63,65.77,0.0,0.0,6
17.0,female,11,1.63,58.97,7.0,7.0,8
17.0,female,11,1.55,62.6,1.0,0.0,9
16.0,female,10,1.68,73.48,3.0,5.0,7
16.0,female,10,1.6,51.26,5.0,3.0,7
16.0,female,10,1.8,92.99,5.0,3.0,8
17.0,female,10,1.63,49.9,7.0,0.0,8
16.0,female,10,1.73,56.7,7.0,2.0,7
17.0,female,11,1.52,47.63,1.0,0.0,8
16.0,female,10,1.6,52.16,6.0,6.0,6
15.0,female,10,1.52,44.0,1.0,1.0,8
17.0,male,10,1.78,67.13,6.0,4.0,7
15.0,male,10,1.78,71.22,7.0,7.0,8
16.0,male,10,1.75,88.45,1.0,0.0,8
17.0,male,10,1.88,78.02,7.0,7.0,8
16.0,male,10,,,2.0,0.0,7
16.0,male,10,1.85,72.58,4.0,0.0,8
15.0,male,10,1.8,61.24,5.0,2.0,7
15.0,male,10,1.78,88.45,4.0,0.0,9
17.0,male,10,1.73,75.3,5.0,4.0,<5
17.0,male,11,1.55,53.07,2.0,3.0,7
17.0,male,11,1.7,65.77,5.0,4.0,
17.0,male,11,1.63,85.73,0.0,0.0,6
17.0,male,11,,,0.0,0.0,<5
16.0,male,11,1.63,56.7,5.0,5.0,10+
17.0,male,11,1.78,95.26,6.0,5.0,7
16.0,male,11,1.8,68.04,7.0,7.0,7
17.0,female,11,1.63,55.79,5.0,2.0,5
17.0,female,11,1.63,60.78,3.0,0.0,8
17.0,female,11,1.68,61.69,5.0,4.0,9
16.0,female,11,1.68,61.24,4.0,0.0,7
16.0,female,11,1.75,54.89,1.0,0.0,7
17.0,male,11,1.75,66.68,4.0,4.0,8
16.0,male,11,1.7,65.77,7.0,3.0,6
17.0,male,11,1.8,79.38,7.0,2.0,<5
18.0,male,12,1.8,81.65,7.0,0.0,8
17.0,male,11,1.88,101.15,6.0,2.0,7
17.0,male,11,1.68,69.85,3.0,5.0,6
17.0,male,11,1.8,72.58,6.0,7.0,8
17.0,male,11,1.8,74.39,4.0,4.0,8
18.0,male,12,1.8,74.84,3.0,2.0,7
18.0,male,12,1.8,68.04,2.0,2.0,6
18.0,male,12,1.8,65.77,5.0,4.0,6
18.0,male,12,1.65,54.43,7.0,7.0,7
18.0,male,12,1.88,86.18,5.0,2.0,6
18.0,female,12,1.6,52.16,3.0,1.0,6
18.0,female,12,1.63,70.76,3.0,3.0,7
18.0,female,12,1.65,79.38,7.0,4.0,8
17.0,female,12,1.63,72.58,3.0,3.0,7
18.0,female,12,1.73,83.92,5.0,5.0,<5
18.0,female,12,1.73,81.65,6.0,5.0,7
18.0,male,12,1.73,66.68,0.0,2.0,6
17.0,female,12,1.65,69.4,0.0,1.0,6
18.0,female,12,1.57,44.45,0.0,0.0,7
18.0,male,12,,,0.0,0.0,6
18.0,male,12,1.78,86.18,3.0,3.0,8
15.0,male,9,1.57,46.27,4.0,0.0,9
16.0,male,9,,,7.0,7.0,10+
16.0,male,9,1.8,62.6,1.0,2.0,8
17.0,male,10,1.73,76.2,5.0,5.0,<5
15.0,male,9,1.7,56.7,5.0,0.0,6
15.0,male,9,1.68,52.16,2.0,2.0,9
15.0,male,9,1.75,61.69,7.0,1.0,9
15.0,male,9,1.83,102.06,5.0,5.0,8
15.0,male,9,1.7,66.68,5.0,5.0,
15.0,male,9,1.73,66.68,7.0,6.0,6
15.0,male,9,1.73,56.7,7.0,6.0,8
16.0,male,9,1.7,57.15,7.0,7.0,7
15.0,male,9,1.75,63.5,7.0,7.0,7
18.0,female,other,,,4.0,4.0,10+
15.0,female,9,1.55,54.43,4.0,2.0,7
15.0,female,9,1.63,56.7,5.0,5.0,7
15.0,female,9,1.55,40.82,5.0,0.0,8
16.0,female,10,1.68,45.81,3.0,6.0,9
15.0,female,9,1.6,47.63,4.0,4.0,8
16.0,female,9,1.47,58.97,3.0,4.0,<5
15.0,female,9,1.7,54.43,5.0,2.0,7
15.0,female,9,1.6,54.43,0.0,0.0,9
17.0,female,11,1.6,54.43,3.0,1.0,6
17.0,female,12,1.5,43.09,3.0,3.0,6
17.0,female,11,1.68,60.33,3.0,1.0,6
17.0,female,11,1.68,47.63,6.0,6.0,8
18.0,female,12,1.68,58.97,2.0,1.0,5
18.0,male,12,1.63,62.6,1.0,2.0,6
16.0,male,10,1.73,70.76,7.0,7.0,9
16.0,male,10,1.85,70.76,7.0,7.0,<5
16.0,male,10,1.73,69.85,,,
18.0,male,12,1.78,129.28,1.0,7.0,7
18.0,male,12,1.68,108.86,5.0,5.0,6
18.0,male,12,1.85,114.31,3.0,5.0,6
17.0,male,12,1.78,83.92,7.0,4.0,6
18.0,male,12,2.11,99.79,5.0,5.0,6
16.0,male,10,1.7,72.58,0.0,7.0,<5
16.0,male,10,1.63,68.95,7.0,7.0,6
17.0,male,11,1.75,77.11,4.0,4.0,7
17.0,male,11,1.6,56.7,7.0,0.0,6
17.0,male,11,1.78,78.02,7.0,0.0,8
17.0,male,11,1.7,60.33,0.0,0.0,6
17.0,male,11,,,0.0,4.0,5
17.0,male,10,1.78,65.77,0.0,0.0,<5
18.0,male,12,1.63,55.79,7.0,5.0,6
18.0,male,12,1.7,83.92,3.0,5.0,7
16.0,male,10,1.8,79.38,7.0,5.0,6
17.0,male,10,1.73,64.41,,,
16.0,female,10,1.55,70.31,5.0,2.0,7
15.0,female,9,1.68,70.31,5.0,4.0,
16.0,female,10,1.63,52.16,1.0,2.0,5
17.0,female,11,1.55,55.34,3.0,2.0,6
17.0,female,11,1.63,63.5,5.0,0.0,8
17.0,female,11,1.6,79.83,5.0,3.0,7
15.0,female,9,1.52,49.9,5.0,5.0,8
15.0,female,9,1.6,54.43,2.0,1.0,<5
18.0,male,12,1.85,78.93,5.0,3.0,6
17.0,male,11,1.78,113.4,3.0,3.0,8
16.0,male,10,1.75,88.91,7.0,4.0,7
15.0,male,9,1.73,86.18,5.0,0.0,<5
16.0,male,10,1.63,54.43,0.0,2.0,6
16.0,male,9,1.65,80.74,7.0,0.0,7
15.0,male,9,1.73,68.04,5.0,5.0,8
15.0,female,10,1.65,73.03,5.0,4.0,7
17.0,female,12,1.78,70.31,4.0,0.0,5
18.0,female,12,1.57,61.69,7.0,3.0,7
18.0,female,12,1.6,60.78,7.0,3.0,5
17.0,female,11,1.6,48.54,7.0,5.0,7
17.0,male,11,1.8,72.58,7.0,7.0,6
16.0,male,10,1.78,77.11,7.0,5.0,6
16.0,male,10,1.63,55.34,4.0,3.0,9
16.0,male,10,1.83,88.45,3.0,3.0,5
17.0,male,11,1.68,70.31,7.0,7.0,
16.0,male,10,1.78,75.3,7.0,7.0,6
18.0,male,12,1.83,68.04,7.0,7.0,
18.0,male,12,1.75,72.58,7.0,7.0,7
17.0,male,11,1.8,70.31,6.0,3.0,7
18.0,male,12,1.8,83.92,7.0,7.0,7
18.0,male,12,,,7.0,7.0,7
18.0,male,11,1.73,65.32,5.0,5.0,<5
18.0,male,12,1.83,90.72,7.0,7.0,6
18.0,male,12,1.65,84.37,7.0,3.0,7
18.0,male,12,1.68,70.31,7.0,7.0,8
18.0,male,12,1.7,68.95,7.0,7.0,8
17.0,male,11,1.78,75.75,4.0,4.0,7
17.0,female,11,1.6,48.99,4.0,5.0,7
17.0,female,10,1.6,56.7,2.0,1.0,9
16.0,female,10,1.68,88.91,3.0,5.0,8
18.0,female,12,1.6,65.77,6.0,7.0,8
17.0,female,11,1.57,53.52,4.0,3.0,7
18.0,female,11,1.6,56.7,6.0,3.0,7
16.0,female,10,1.68,63.5,4.0,2.0,8
18.0,female,12,1.73,81.65,5.0,5.0,7
18.0,female,12,1.78,68.04,5.0,5.0,9
15.0,female,9,,,7.0,0.0,5
16.0,female,10,1.7,81.65,7.0,5.0,6
15.0,female,9,1.55,47.17,5.0,5.0,8
16.0,female,10,1.55,45.36,7.0,4.0,8
15.0,female,9,1.7,58.97,6.0,5.0,7
15.0,female,9,1.5,61.24,7.0,6.0,7
17.0,female,12,1.78,91.17,1.0,3.0,8
17.0,female,11,,,5.0,4.0,6
18.0,female,12,1.68,74.84,5.0,4.0,6
17.0,female,11,1.52,38.56,6.0,7.0,8
15.0,male,9,1.73,59.42,7.0,5.0,7
16.0,male,10,1.52,66.68,3.0,4.0,8
16.0,male,9,1.75,78.93,7.0,7.0,
15.0,male,9,1.65,52.16,7.0,0.0,6
15.0,male,9,1.73,60.33,7.0,6.0,7
17.0,male,11,1.73,54.43,2.0,3.0,7
15.0,male,9,1.68,58.97,7.0,7.0,
15.0,male,9,1.65,54.43,7.0,5.0,8
15.0,male,9,1.65,74.84,0.0,0.0,<5
16.0,male,10,1.7,97.52,1.0,1.0,8
16.0,male,9,,,0.0,0.0,<5
15.0,male,9,1.68,88.45,5.0,4.0,8
15.0,male,9,1.6,67.59,1.0,7.0,9
15.0,male,9,1.73,53.52,6.0,5.0,7
15.0,male,9,1.8,75.75,6.0,6.0,6
15.0,male,9,1.73,77.11,1.0,4.0,<5
17.0,male,12,1.7,49.9,7.0,0.0,8
18.0,male,12,1.52,67.13,7.0,0.0,7
18.0,male,12,2.01,88.45,0.0,0.0,8
,male,12,,,7.0,0.0,7
16.0,male,9,1.73,52.16,3.0,4.0,8
15.0,male,9,1.65,56.7,5.0,5.0,8
14.0,male,9,1.68,53.07,7.0,7.0,9
15.0,male,9,1.85,88.45,7.0,7.0,
15.0,male,9,,,0.0,0.0,5
15.0,male,9,1.85,60.78,7.0,1.0,6
14.0,male,9,1.68,79.83,4.0,4.0,6
16.0,male,9,1.9,60.78,0.0,0.0,
18.0,male,11,1.8,68.04,7.0,7.0,8
16.0,male,9,1.57,55.79,4.0,0.0,7
18.0,male,11,,,,,
16.0,male,9,1.68,68.04,1.0,5.0,8
17.0,female,10,,,0.0,0.0,10+
16.0,female,9,,,0.0,0.0,6
16.0,female,9,1.57,54.43,0.0,0.0,8
17.0,female,11,1.5,62.6,7.0,5.0,8
18.0,female,12,1.6,56.7,7.0,4.0,8
18.0,female,12,1.63,45.36,4.0,2.0,5
18.0,female,12,1.7,104.33,1.0,0.0,7
16.0,female,10,1.6,56.7,4.0,3.0,8
18.0,female,11,,,7.0,7.0,10+
18.0,female,12,1.65,106.6,0.0,0.0,5
16.0,female,10,1.8,95.26,2.0,3.0,6
17.0,female,12,1.6,54.43,6.0,3.0,7
18.0,female,12,1.63,56.7,2.0,0.0,7
18.0,male,10,1.7,50.35,0.0,0.0,5
18.0,male,11,1.73,65.77,0.0,7.0,8
16.0,male,11,1.73,56.7,6.0,3.0,6
12.0,male,9,,,1.0,0.0,
18.0,male,11,,,5.0,0.0,6
16.0,male,9,1.78,61.69,5.0,5.0,8
17.0,male,12,1.8,64.86,5.0,5.0,6
16.0,male,10,1.85,58.97,0.0,4.0,9
15.0,male,9,1.63,56.7,3.0,5.0,8
17.0,female,11,1.57,50.8,2.0,0.0,9
15.0,female,9,1.68,63.96,0.0,0.0,5
18.0,female,12,1.47,56.7,5.0,5.0,7
17.0,female,11,1.6,58.51,2.0,1.0,8
18.0,female,12,1.6,81.65,0.0,1.0,6
16.0,female,10,1.65,99.79,3.0,0.0,10+
18.0,female,11,1.65,90.72,1.0,0.0,8
17.0,female,12,1.75,54.43,1.0,0.0,
18.0,male,12,1.75,63.5,2.0,4.0,<5
16.0,male,10,1.7,63.5,7.0,5.0,7
17.0,male,11,1.85,107.05,5.0,0.0,10+
16.0,male,10,1.75,68.49,6.0,0.0,8
18.0,female,12,,,5.0,5.0,5
17.0,female,12,1.52,68.04,0.0,0.0,10+
18.0,female,12,,,7.0,4.0,7
15.0,male,9,,,7.0,0.0,8
15.0,male,11,,,4.0,0.0,6
18.0,male,12,1.7,72.12,7.0,0.0,7
15.0,male,9,,,7.0,0.0,7
16.0,male,10,1.88,79.83,7.0,2.0,7
15.0,male,10,,,7.0,0.0,6
16.0,male,10,,,7.0,0.0,8
18.0,male,12,,,7.0,4.0,5
15.0,male,9,,,7.0,3.0,6
17.0,male,11,1.78,92.99,7.0,7.0,6
16.0,male,10,1.73,93.9,6.0,5.0,5
15.0,male,9,1.75,45.36,6.0,7.0,<5
16.0,male,10,1.8,68.04,7.0,5.0,7
15.0,male,9,1.8,77.11,7.0,5.0,7
15.0,male,9,1.78,73.48,7.0,6.0,7
18.0,male,12,,,7.0,5.0,7
16.0,male,10,1.85,86.18,7.0,6.0,8
16.0,male,10,1.93,73.03,7.0,5.0,7
15.0,male,9,1.7,73.03,5.0,5.0,5
17.0,male,12,1.78,86.18,7.0,7.0,7
17.0,male,11,,,7.0,4.0,7
18.0,male,12,1.75,72.58,7.0,6.0,8
15.0,female,9,1.63,56.7,4.0,2.0,7
16.0,female,10,1.57,70.76,0.0,0.0,
16.0,female,10,1.55,58.97,3.0,2.0,7
14.0,female,9,1.45,45.36,2.0,0.0,6
16.0,male,10,1.75,58.97,6.0,7.0,7
14.0,male,9,1.75,73.03,5.0,2.0,8
14.0,male,9,1.9,68.95,2.0,2.0,
15.0,male,10,1.68,52.62,4.0,0.0,6
14.0,male,9,1.75,45.36,7.0,7.0,8
14.0,male,9,1.63,55.79,3.0,1.0,9
16.0,male,10,1.7,63.5,7.0,3.0,7
16.0,male,9,1.68,51.71,7.0,6.0,7
14.0,male,9,1.8,65.32,0.0,3.0,7
18.0,male,12,1.75,65.77,1.0,7.0,8
18.0,female,12,1.55,95.26,0.0,0.0,7
18.0,female,12,1.7,70.76,,,
17.0,female,12,1.55,63.96,2.0,2.0,10+
17.0,female,12,1.6,105.24,1.0,2.0,10+
17.0,female,12,1.57,53.98,0.0,0.0,7
17.0,female,12,1.63,95.26,6.0,6.0,6
18.0,female,12,1.55,58.97,,,
17.0,female,12,1.55,52.62,0.0,2.0,6
18.0,male,12,1.73,81.65,2.0,2.0,5
17.0,male,12,1.78,90.72,3.0,0.0,6
18.0,male,12,1.75,62.14,0.0,3.0,7
18.0,male,12,1.83,90.72,5.0,4.0,7
17.0,male,12,1.8,68.49,5.0,3.0,5
18.0,male,12,1.83,91.63,1.0,4.0,7
17.0,male,12,1.73,66.68,0.0,0.0,6
18.0,male,12,1.8,77.11,3.0,0.0,7
17.0,male,12,1.7,74.84,0.0,0.0,5
18.0,male,12,1.68,67.59,5.0,7.0,8
18.0,male,12,1.68,58.97,4.0,4.0,6
18.0,male,12,1.85,83.92,4.0,7.0,6
18.0,male,12,1.7,80.29,0.0,2.0,6
17.0,male,12,1.73,66.68,6.0,3.0,<5
17.0,,11,,,6.0,1.0,10+
18.0,,12,,,1.0,3.0,8
,,,,,7.0,7.0,8
18.0,female,11,1.68,49.9,1.0,2.0,8
17.0,female,11,1.55,51.26,3.0,0.0,6
16.0,female,11,1.75,86.18,3.0,2.0,8
16.0,female,10,1.57,50.8,1.0,1.0,<5
18.0,female,12,1.65,48.99,3.0,0.0,7
18.0,female,11,1.57,40.82,1.0,3.0,7
17.0,female,11,1.47,52.16,7.0,4.0,6
18.0,female,12,1.57,133.81,0.0,0.0,6
17.0,female,11,1.68,54.43,0.0,0.0,9
17.0,female,11,1.88,81.65,7.0,7.0,<5
18.0,female,12,1.57,117.94,0.0,0.0,6
16.0,female,11,1.75,95.26,1.0,0.0,5
16.0,female,11,1.6,72.58,3.0,0.0,8
18.0,female,12,,,0.0,0.0,6
17.0,female,11,1.68,63.5,4.0,2.0,10+
17.0,male,12,1.88,66.68,7.0,2.0,6
17.0,male,11,,,4.0,5.0,6
16.0,male,11,1.73,86.18,3.0,0.0,8
18.0,female,12,1.6,62.6,7.0,0.0,7
17.0,female,11,1.63,77.11,5.0,0.0,6
17.0,female,10,,,4.0,2.0,8
16.0,female,10,1.68,61.69,0.0,1.0,7
17.0,female,11,1.68,69.85,5.0,1.0,<5
15.0,female,10,1.65,69.4,1.0,0.0,<5
14.0,female,9,1.52,51.26,5.0,0.0,6
17.0,female,11,1.68,73.94,7.0,4.0,7
17.0,female,11,1.7,78.02,6.0,4.0,6
18.0,female,12,1.52,56.7,5.0,7.0,<5
17.0,female,12,1.52,81.65,3.0,1.0,6
16.0,male,10,1.73,51.71,5.0,7.0,6
17.0,male,12,1.68,59.42,5.0,3.0,6
15.0,male,9,1.7,63.5,3.0,3.0,9
14.0,male,9,1.63,49.9,7.0,2.0,8
16.0,male,9,1.98,113.4,2.0,1.0,7
15.0,female,10,1.6,57.15,3.0,1.0,7
16.0,female,10,1.52,58.06,1.0,2.0,5
17.0,female,10,1.52,63.05,6.0,6.0,<5
16.0,female,10,,,2.0,1.0,9
15.0,female,10,1.65,49.9,2.0,4.0,7
16.0,male,10,1.65,56.7,4.0,1.0,7
16.0,male,10,1.73,56.7,7.0,7.0,7
15.0,male,10,1.9,90.72,6.0,6.0,8
16.0,male,10,1.63,63.5,0.0,0.0,6
16.0,male,10,1.83,77.11,7.0,7.0,7
16.0,male,10,1.78,59.88,7.0,3.0,8
16.0,female,10,1.5,47.63,2.0,0.0,5
17.0,male,10,1.6,43.09,7.0,7.0,8
16.0,male,10,1.9,90.72,5.0,3.0,6
15.0,male,10,1.9,65.77,5.0,0.0,6
15.0,male,10,1.75,58.97,7.0,7.0,5
16.0,female,11,,,5.0,5.0,6
17.0,female,11,1.52,67.13,5.0,0.0,7
17.0,female,11,1.52,56.7,5.0,2.0,7
16.0,female,11,1.68,49.9,3.0,0.0,8
17.0,male,11,1.8,68.49,7.0,7.0,7
17.0,male,11,1.83,113.4,5.0,4.0,8
16.0,male,11,1.73,72.58,7.0,5.0,8
17.0,male,11,1.65,52.16,7.0,7.0,9
17.0,male,11,1.75,88.45,4.0,7.0,8
17.0,male,11,1.78,78.02,7.0,5.0,
17.0,male,11,,,2.0,0.0,10+
17.0,male,11,1.9,76.66,7.0,4.0,6
16.0,male,11,1.75,70.31,6.0,6.0,8
16.0,male,11,,,7.0,7.0,6
16.0,male,11,1.78,68.04,7.0,2.0,
17.0,male,11,,,1.0,0.0,6
17.0,male,11,1.6,104.33,0.0,0.0,7
17.0,male,,1.78,55.34,4.0,5.0,5
16.0,male,11,1.78,70.31,1.0,0.0,5
15.0,male,9,1.78,70.31,0.0,7.0,8
16.0,male,9,1.78,53.07,7.0,7.0,9
15.0,male,9,2.01,90.72,3.0,0.0,7
14.0,male,9,1.73,86.18,4.0,2.0,7
15.0,male,9,1.75,72.12,5.0,2.0,8
14.0,male,9,1.98,64.86,5.0,5.0,<5
15.0,male,9,1.65,63.5,7.0,7.0,8
14.0,male,9,1.63,58.97,0.0,0.0,<5
14.0,male,9,1.85,66.68,5.0,3.0,<5
15.0,female,9,1.7,61.24,4.0,0.0,7
15.0,female,9,1.63,47.63,3.0,0.0,7
16.0,female,9,,,7.0,0.0,7
15.0,female,9,,,6.0,2.0,6
14.0,female,9,1.7,74.84,3.0,1.0,6
15.0,female,9,1.57,54.43,1.0,1.0,7
15.0,female,9,1.52,40.82,4.0,2.0,8
14.0,female,9,1.73,88.91,3.0,3.0,5
15.0,female,9,1.55,57.61,2.0,0.0,8
12.0,female,9,,,0.0,0.0,10+
14.0,female,9,1.57,53.52,1.0,2.0,6
15.0,female,9,1.55,44.45,0.0,0.0,<5
15.0,female,9,1.6,61.24,5.0,2.0,10+
14.0,female,9,1.63,54.89,1.0,0.0,9
15.0,female,9,1.7,53.52,5.0,0.0,7
18.0,female,12,1.65,70.31,5.0,7.0,7
18.0,female,12,1.6,71.22,0.0,0.0,7
17.0,female,12,1.63,56.7,0.0,4.0,5
17.0,female,12,1.57,59.88,6.0,3.0,5
18.0,female,12,1.55,54.89,3.0,0.0,8
17.0,female,12,1.55,46.27,7.0,7.0,8
18.0,female,12,1.6,68.04,0.0,0.0,6
18.0,female,12,1.68,83.01,1.0,0.0,7
17.0,female,12,1.63,63.5,2.0,0.0,8
18.0,female,12,1.63,54.43,0.0,0.0,7
18.0,female,12,1.65,60.78,0.0,0.0,6
17.0,male,12,1.65,70.31,4.0,4.0,6
18.0,male,12,1.9,83.01,5.0,1.0,6
18.0,male,12,1.8,79.38,7.0,0.0,7
17.0,male,12,1.63,63.05,3.0,5.0,8
18.0,male,12,1.93,88.45,7.0,5.0,7
18.0,male,12,1.8,89.81,7.0,6.0,8
18.0,male,12,1.7,59.88,0.0,0.0,5
18.0,male,12,1.83,82.56,,,
18.0,male,12,1.7,63.5,6.0,7.0,7
18.0,male,12,,,7.0,7.0,5
17.0,male,12,1.78,67.13,7.0,3.0,5
18.0,male,12,1.8,63.5,7.0,7.0,5
18.0,female,12,1.63,61.24,1.0,7.0,5
,,,,,7.0,7.0,8
17.0,female,12,1.63,58.97,3.0,0.0,8
18.0,female,12,1.45,58.51,0.0,0.0,6
18.0,female,12,1.78,79.38,5.0,3.0,6
18.0,male,12,1.88,123.38,7.0,7.0,6
17.0,male,12,1.83,90.72,7.0,4.0,5
17.0,male,12,2.11,155.13,7.0,7.0,<5
18.0,male,12,1.8,86.18,3.0,4.0,6
18.0,male,12,1.8,56.7,7.0,7.0,5
18.0,male,12,1.75,81.65,7.0,7.0,8
18.0,male,12,1.83,61.24,7.0,1.0,8
18.0,male,12,1.8,78.47,7.0,5.0,7
18.0,male,12,1.85,112.49,1.0,0.0,<5
18.0,male,12,1.88,80.74,7.0,3.0,7
18.0,male,12,1.75,88.45,1.0,0.0,<5
18.0,male,12,1.65,71.22,3.0,3.0,7
,,,,,0.0,0.0,<5
17.0,female,11,,,0.0,0.0,<5
17.0,female,11,1.57,48.99,7.0,4.0,7
17.0,female,11,1.6,66.68,0.0,2.0,7
16.0,female,11,1.68,45.36,0.0,0.0,5
16.0,female,11,1.55,58.97,5.0,2.0,7
17.0,female,11,1.55,48.08,5.0,5.0,<5
17.0,female,11,1.55,54.43,5.0,5.0,7
17.0,female,11,1.5,43.55,3.0,3.0,7
16.0,female,11,1.73,56.7,1.0,0.0,9
16.0,female,11,1.52,65.77,3.0,3.0,6
17.0,female,11,1.6,65.77,1.0,2.0,<5
17.0,female,11,1.65,83.92,7.0,2.0,<5
18.0,male,12,1.65,74.84,6.0,6.0,6
17.0,male,11,1.68,88.45,,,5
18.0,male,11,1.73,72.58,,,
18.0,male,11,1.73,70.31,7.0,0.0,5
18.0,male,12,1.83,76.2,7.0,4.0,6
17.0,male,11,1.75,63.5,7.0,2.0,<5
17.0,male,11,1.93,89.81,,,
16.0,male,11,1.85,84.37,0.0,0.0,8
17.0,male,11,,,0.0,0.0,
17.0,male,11,1.85,74.39,7.0,7.0,5
14.0,male,9,1.68,77.11,5.0,3.0,7
14.0,female,9,1.68,58.97,7.0,7.0,<5
14.0,female,9,1.7,58.97,5.0,5.0,7
14.0,female,9,1.68,52.16,3.0,0.0,8
14.0,female,9,1.5,66.68,7.0,7.0,7
15.0,female,9,1.55,46.72,3.0,4.0,<5
15.0,female,9,1.68,76.66,0.0,0.0,9
14.0,female,9,1.52,45.81,7.0,5.0,7
15.0,female,9,1.73,74.84,6.0,0.0,<5
14.0,female,9,1.65,60.33,5.0,7.0,7
15.0,female,9,,,2.0,1.0,6
14.0,female,9,1.68,58.97,3.0,0.0,6
14.0,female,9,1.63,49.9,7.0,7.0,<5
14.0,female,9,1.63,52.16,3.0,0.0,<5
15.0,female,9,1.73,61.24,7.0,7.0,9
15.0,female,9,1.55,87.09,7.0,4.0,8
15.0,female,9,,,0.0,0.0,8
15.0,female,9,1.57,58.97,7.0,7.0,8
15.0,female,9,1.78,61.24,7.0,1.0,8
15.0,male,9,1.68,48.99,0.0,0.0,5
15.0,male,9,1.85,68.04,2.0,7.0,5
15.0,male,9,1.78,64.86,1.0,2.0,7
15.0,male,9,1.68,57.61,7.0,7.0,7
15.0,male,9,1.63,56.7,3.0,1.0,8
15.0,male,9,1.75,68.04,0.0,0.0,6
15.0,male,9,1.83,70.31,7.0,0.0,6
14.0,male,9,1.78,71.67,3.0,7.0,<5
15.0,male,9,,,7.0,5.0,7
17.0,female,10,1.52,58.06,7.0,5.0,7
17.0,female,10,1.63,58.97,0.0,2.0,8
16.0,female,10,1.65,58.97,7.0,3.0,5
15.0,female,10,1.57,47.17,0.0,0.0,7
17.0,female,11,1.6,69.85,6.0,6.0,<5
16.0,male,10,1.83,62.6,3.0,0.0,8
18.0,male,11,1.78,61.24,7.0,7.0,<5
17.0,male,12,1.85,75.75,6.0,5.0,7
16.0,male,10,1.78,80.29,7.0,7.0,8
16.0,male,10,,,7.0,7.0,9
16.0,male,10,1.65,54.43,7.0,7.0,5
17.0,male,10,1.7,72.58,4.0,4.0,5
16.0,male,10,1.73,62.14,7.0,6.0,7
17.0,male,11,1.8,84.82,4.0,7.0,6
16.0,male,10,1.8,83.92,1.0,5.0,<5
16.0,female,10,1.57,56.7,3.0,4.0,7
16.0,female,10,1.68,69.85,2.0,0.0,7
15.0,female,10,1.68,67.59,0.0,1.0,<5
16.0,female,10,1.73,52.16,7.0,6.0,6
16.0,female,10,1.73,61.24,5.0,5.0,6
17.0,female,10,1.73,65.32,7.0,6.0,6
16.0,female,10,1.65,48.08,5.0,0.0,5
17.0,female,10,1.57,49.9,0.0,4.0,6
15.0,male,10,1.7,65.77,7.0,0.0,8
17.0,male,10,1.65,52.16,7.0,5.0,5
16.0,male,10,1.73,70.76,5.0,5.0,7
15.0,male,10,1.83,83.92,6.0,7.0,10+
15.0,male,10,1.8,54.43,1.0,1.0,7
16.0,male,10,1.73,79.38,6.0,6.0,5
15.0,male,10,1.96,114.76,,,
17.0,male,10,1.6,54.43,4.0,4.0,5
16.0,male,10,1.65,63.5,5.0,3.0,6
16.0,male,10,1.83,63.5,7.0,7.0,6
16.0,male,10,1.57,73.48,7.0,5.0,6
15.0,female,9,1.57,56.7,0.0,2.0,7
14.0,male,9,1.75,56.7,7.0,3.0,7
15.0,male,9,1.75,81.65,,,
16.0,male,9,1.7,56.7,0.0,0.0,7
15.0,female,9,1.6,81.65,3.0,2.0,<5
14.0,female,9,1.6,55.79,4.0,3.0,5
16.0,male,9,1.7,68.04,3.0,3.0,7
16.0,male,9,1.78,72.58,7.0,7.0,7
14.0,male,9,1.7,48.99,1.0,0.0,8
14.0,male,9,1.73,64.41,5.0,0.0,8
15.0,male,9,1.75,52.16,5.0,3.0,6
15.0,male,9,,,7.0,7.0,8
15.0,male,9,1.7,56.7,7.0,7.0,
17.0,male,9,1.7,104.78,,,
16.0,female,9,1.6,63.05,0.0,0.0,8
16.0,female,9,1.47,42.18,3.0,5.0,8
15.0,female,9,1.6,49.9,4.0,3.0,8
15.0,female,9,1.55,57.61,4.0,1.0,8
16.0,female,9,,,7.0,7.0,<5
16.0,female,9,1.63,97.07,1.0,0.0,6
14.0,female,9,1.65,60.78,3.0,3.0,8
18.0,male,11,,,7.0,3.0,6
17.0,female,11,1.6,73.94,1.0,7.0,10+
18.0,male,12,1.73,59.88,2.0,0.0,10+
18.0,male,12,1.73,72.58,6.0,0.0,5
18.0,male,12,1.85,77.11,6.0,6.0,6
18.0,male,12,,,2.0,3.0,10+
18.0,male,12,1.68,54.43,2.0,1.0,<5
18.0,male,11,1.7,63.5,5.0,3.0,5
18.0,male,12,1.9,145.15,7.0,7.0,<5
18.0,male,12,1.7,71.67,7.0,7.0,6
13.0,male,other,1.83,77.11,0.0,0.0,<5
17.0,male,12,1.7,97.07,1.0,1.0,7
18.0,female,12,,,0.0,0.0,<5
17.0,female,12,1.7,55.34,7.0,7.0,6
16.0,female,11,1.5,36.29,0.0,0.0,10+
17.0,female,12,1.68,47.17,0.0,0.0,7
18.0,female,12,1.55,43.55,0.0,0.0,8
16.0,female,11,1.7,99.79,0.0,3.0,9
16.0,male,11,1.73,58.97,2.0,0.0,6
17.0,male,11,1.63,73.48,3.0,0.0,5
17.0,male,11,1.65,58.97,3.0,1.0,7
17.0,male,11,1.73,58.97,1.0,2.0,6
17.0,male,11,1.75,73.94,7.0,7.0,8
16.0,male,11,1.8,68.95,5.0,0.0,7
16.0,male,11,1.55,58.97,0.0,0.0,<5
16.0,male,11,1.75,70.31,4.0,3.0,6
16.0,female,11,1.68,49.9,2.0,2.0,7
16.0,female,11,1.68,63.5,6.0,6.0,5
17.0,female,11,1.6,44.91,3.0,3.0,7
16.0,female,11,1.6,51.71,0.0,1.0,7
16.0,female,11,1.7,58.97,3.0,0.0,6
17.0,female,11,1.57,49.9,2.0,0.0,5
16.0,female,11,1.65,77.11,7.0,7.0,6
17.0,female,11,1.57,51.71,4.0,3.0,7
16.0,female,11,1.55,48.54,7.0,3.0,6
16.0,male,11,1.75,72.12,3.0,1.0,7
16.0,female,10,1.6,62.14,2.0,0.0,6
15.0,male,10,1.7,56.7,3.0,0.0,8
16.0,male,10,1.6,65.77,6.0,6.0,8
16.0,male,10,1.88,67.59,1.0,7.0,7
17.0,male,10,1.8,88.45,5.0,5.0,7
16.0,male,10,1.7,64.86,5.0,5.0,7
16.0,male,10,1.73,71.67,7.0,7.0,6
15.0,female,10,1.52,52.62,1.0,4.0,8
16.0,female,10,1.57,45.81,3.0,3.0,6
17.0,female,10,1.6,70.31,3.0,0.0,8
15.0,female,10,1.57,63.5,3.0,1.0,7
18.0,male,12,1.78,84.82,7.0,7.0,7
17.0,male,12,1.78,114.76,2.0,1.0,6
17.0,male,12,1.85,79.38,7.0,7.0,7
18.0,male,12,1.8,98.43,2.0,3.0,5
17.0,male,12,1.65,54.43,1.0,0.0,6
18.0,female,12,1.57,56.25,0.0,0.0,6
18.0,female,12,1.6,51.26,4.0,7.0,7
18.0,female,12,1.42,54.43,4.0,0.0,7
18.0,female,12,1.7,58.97,1.0,4.0,6
18.0,female,12,1.75,54.43,2.0,0.0,7
18.0,female,12,1.5,51.26,0.0,0.0,7
18.0,female,12,1.73,65.77,0.0,0.0,6
17.0,female,12,1.57,49.9,7.0,7.0,7
15.0,male,9,1.7,54.43,5.0,3.0,7
15.0,female,9,1.6,58.97,1.0,0.0,7
15.0,male,9,1.68,55.79,6.0,6.0,7
16.0,female,9,1.65,40.82,7.0,5.0,8
14.0,male,9,1.63,62.6,7.0,6.0,8
14.0,male,9,1.75,59.88,7.0,7.0,8
15.0,female,9,1.68,56.7,0.0,0.0,8
14.0,female,9,1.57,54.43,7.0,7.0,7
15.0,female,9,1.6,63.5,1.0,1.0,6
14.0,female,9,1.7,57.15,1.0,5.0,8
15.0,male,9,1.8,74.39,6.0,7.0,8
17.0,male,11,1.8,56.7,1.0,0.0,5
18.0,male,11,1.83,77.11,7.0,7.0,6
17.0,female,11,1.6,76.2,1.0,5.0,7
16.0,female,11,1.73,51.26,1.0,2.0,7
16.0,female,11,,,1.0,3.0,6
16.0,female,11,1.7,60.78,5.0,4.0,8
17.0,female,11,1.65,53.52,1.0,0.0,7
17.0,female,11,1.68,61.24,0.0,0.0,7
17.0,female,11,1.68,73.94,1.0,0.0,7
17.0,male,11,1.8,62.6,1.0,0.0,6
16.0,male,11,1.78,66.68,6.0,6.0,9
16.0,male,11,,,7.0,7.0,8
17.0,male,11,1.88,68.04,0.0,2.0,7
16.0,male,11,1.68,65.77,7.0,7.0,10+
17.0,male,11,1.65,69.4,1.0,4.0,<5
16.0,male,11,,,2.0,0.0,7
17.0,male,11,1.75,106.6,7.0,0.0,7
18.0,male,11,1.63,54.43,0.0,3.0,6
16.0,male,11,1.78,59.42,7.0,3.0,5
16.0,male,10,1.57,70.76,2.0,4.0,5
16.0,female,10,1.7,48.54,0.0,0.0,7
16.0,female,10,1.7,49.44,,,
16.0,male,10,1.8,64.86,5.0,3.0,
16.0,male,10,2.03,81.19,,,
16.0,male,10,1.88,95.26,,,
16.0,male,10,,,,,
15.0,male,10,1.68,56.7,7.0,7.0,8
16.0,male,10,1.7,75.3,,,
15.0,female,10,,,5.0,2.0,6
16.0,female,10,,,2.0,,
16.0,female,10,1.73,69.85,0.0,0.0,5
15.0,female,10,1.7,52.16,1.0,1.0,8
15.0,female,10,,,0.0,0.0,7
15.0,female,10,1.73,68.04,5.0,3.0,7
18.0,male,12,1.7,69.85,4.0,3.0,6
18.0,male,12,1.75,97.52,0.0,0.0,<5
17.0,male,12,1.83,95.26,0.0,0.0,6
18.0,male,12,1.7,91.17,0.0,0.0,6
17.0,male,12,1.75,99.79,0.0,0.0,5
18.0,female,12,1.57,55.34,3.0,5.0,9
18.0,female,12,,,7.0,7.0,7
18.0,female,12,1.7,68.95,7.0,7.0,<5
17.0,female,12,,,0.0,0.0,5
17.0,male,11,1.68,77.11,0.0,0.0,8
16.0,male,11,1.73,61.24,7.0,7.0,7
17.0,male,11,1.78,61.24,0.0,0.0,<5
16.0,male,11,1.7,86.18,7.0,7.0,7
18.0,male,11,1.7,70.31,3.0,3.0,5
17.0,male,11,1.78,90.72,6.0,4.0,8
18.0,male,11,1.8,88.0,5.0,4.0,6
18.0,female,12,,,,,7
17.0,female,11,1.55,59.88,6.0,4.0,7
17.0,female,11,1.75,92.99,0.0,0.0,6
17.0,female,11,1.6,54.43,4.0,3.0,5
17.0,female,11,1.6,52.62,7.0,3.0,<5
16.0,female,11,1.63,58.06,3.0,1.0,5
16.0,female,11,1.68,54.43,,,7
16.0,female,11,1.55,53.07,3.0,7.0,7
16.0,female,11,1.52,49.44,1.0,0.0,<5
18.0,female,11,1.65,56.25,3.0,4.0,7
16.0,female,10,1.7,65.77,3.0,3.0,5
14.0,male,9,1.68,54.43,7.0,7.0,8
14.0,male,9,1.78,58.97,0.0,3.0,8
15.0,male,9,1.78,85.28,5.0,5.0,10+
15.0,male,9,1.63,47.63,0.0,4.0,8
15.0,male,9,1.85,80.29,7.0,7.0,8
15.0,male,9,1.7,67.59,4.0,4.0,5
14.0,male,9,,,7.0,7.0,10+
15.0,male,10,1.78,68.04,7.0,1.0,8
14.0,male,9,1.7,55.79,7.0,7.0,<5
15.0,male,9,1.8,63.5,7.0,4.0,6
14.0,female,9,1.55,47.63,5.0,5.0,7
15.0,female,9,1.52,54.43,1.0,0.0,5
15.0,female,10,1.63,56.7,2.0,0.0,9
14.0,female,9,1.65,54.43,0.0,0.0,6
14.0,female,9,1.7,59.88,7.0,7.0,8
15.0,female,9,1.57,54.43,0.0,0.0,7
14.0,female,9,1.6,63.05,4.0,5.0,5
14.0,female,9,1.6,81.65,5.0,5.0,7
15.0,female,9,1.5,46.27,6.0,6.0,5
15.0,female,9,1.5,45.36,2.0,2.0,7
12.0,female,12,,,7.0,7.0,7
15.0,female,9,1.65,58.51,5.0,5.0,8
15.0,female,9,1.7,68.04,7.0,0.0,9
15.0,female,9,1.65,58.97,7.0,5.0,5
15.0,female,9,1.6,47.17,1.0,0.0,5
15.0,female,9,1.52,56.7,7.0,5.0,6
16.0,female,9,1.57,54.89,0.0,0.0,7
15.0,female,9,1.6,81.65,3.0,0.0,5
14.0,female,9,1.63,52.62,7.0,2.0,5
,male,,,,7.0,7.0,9
16.0,male,11,1.68,61.24,3.0,4.0,8
16.0,female,11,1.73,58.97,7.0,7.0,6
17.0,female,11,,,2.0,2.0,8
16.0,female,11,1.6,63.5,7.0,7.0,8
17.0,female,11,1.57,64.86,4.0,0.0,7
,female,,,,0.0,0.0,<5
16.0,female,11,1.63,79.38,1.0,0.0,5
16.0,female,11,1.6,67.13,2.0,2.0,7
16.0,female,11,1.65,65.77,3.0,2.0,6
17.0,female,11,1.57,51.71,3.0,0.0,6
16.0,female,11,1.73,104.33,3.0,1.0,5
17.0,female,11,1.57,47.63,6.0,5.0,7
17.0,male,11,1.68,65.77,7.0,6.0,7
17.0,male,11,1.85,103.42,2.0,0.0,6
17.0,male,11,1.83,62.6,7.0,1.0,5
17.0,male,11,1.83,62.6,6.0,4.0,7
17.0,male,11,1.85,73.48,2.0,2.0,5
17.0,male,12,1.83,78.93,1.0,0.0,5
17.0,male,11,1.85,79.38,7.0,4.0,7
17.0,male,11,1.83,70.31,7.0,7.0,7
16.0,male,11,1.78,56.7,1.0,0.0,6
16.0,male,11,1.78,86.18,7.0,7.0,6
16.0,male,11,1.88,54.43,3.0,0.0,7
17.0,male,11,1.78,79.83,6.0,2.0,7
17.0,male,11,1.83,88.45,7.0,4.0,8
17.0,male,11,1.78,68.49,0.0,0.0,7
18.0,male,11,1.75,61.24,7.0,1.0,5
17.0,male,12,1.75,77.11,2.0,2.0,5
18.0,female,12,1.63,72.58,4.0,4.0,9
18.0,female,12,1.63,47.17,1.0,0.0,9
18.0,female,12,1.63,68.04,2.0,0.0,6
18.0,male,12,1.75,90.72,3.0,1.0,7
18.0,male,12,1.85,94.35,7.0,7.0,7
18.0,male,12,1.8,79.38,0.0,0.0,<5
18.0,male,12,1.8,95.26,3.0,0.0,<5
18.0,male,12,1.78,72.58,7.0,6.0,9
18.0,male,12,1.73,63.5,7.0,2.0,7
18.0,male,12,1.68,73.48,7.0,0.0,6
17.0,male,12,1.68,83.92,4.0,0.0,5
18.0,male,12,1.75,68.04,0.0,0.0,5
18.0,male,12,1.8,61.24,6.0,6.0,8
18.0,male,12,1.75,66.23,5.0,3.0,6
18.0,female,12,1.57,86.18,2.0,0.0,5
18.0,female,12,1.63,56.7,2.0,3.0,<5
18.0,female,12,1.65,68.04,5.0,5.0,6
18.0,female,12,1.6,87.09,5.0,0.0,<5
18.0,female,12,1.65,58.97,7.0,2.0,6
18.0,female,12,1.57,65.77,7.0,7.0,7
17.0,female,12,1.75,65.77,0.0,0.0,6
18.0,female,12,1.63,54.43,3.0,2.0,9
17.0,female,12,,,0.0,0.0,<5
15.0,female,9,1.63,58.97,5.0,5.0,6
15.0,female,9,1.57,52.16,4.0,2.0,10+
15.0,female,9,1.73,52.62,7.0,7.0,7
15.0,female,9,1.5,46.72,4.0,3.0,5
15.0,female,9,1.6,52.62,2.0,1.0,<5
15.0,female,9,1.63,58.97,2.0,4.0,9
14.0,female,9,1.52,49.9,7.0,6.0,<5
16.0,male,9,1.73,64.86,0.0,0.0,6
17.0,male,11,1.88,77.11,6.0,0.0,8
15.0,female,9,1.55,49.9,2.0,3.0,8
15.0,male,9,1.68,69.85,4.0,4.0,7
14.0,male,9,,,7.0,7.0,8
14.0,male,9,1.55,47.63,,,
14.0,male,9,1.65,66.68,2.0,0.0,9
15.0,male,9,1.78,69.4,3.0,7.0,9
17.0,female,12,1.7,59.42,0.0,0.0,<5
18.0,female,12,1.6,51.26,0.0,0.0,6
17.0,female,12,1.55,50.35,5.0,5.0,6
18.0,female,12,1.73,55.34,3.0,2.0,7
18.0,female,12,1.5,58.97,7.0,5.0,8
18.0,female,12,1.7,48.08,4.0,4.0,5
17.0,male,12,1.73,65.77,7.0,7.0,7
18.0,male,12,1.9,77.11,2.0,2.0,6
18.0,male,12,1.88,90.72,7.0,3.0,8
18.0,male,12,1.78,108.86,0.0,5.0,6
18.0,male,12,1.73,65.77,5.0,5.0,8
18.0,male,12,1.96,83.01,7.0,0.0,7
18.0,male,12,1.78,117.94,5.0,5.0,<5
18.0,female,12,1.5,43.55,1.0,0.0,6
17.0,female,12,1.57,45.36,0.0,0.0,7
18.0,female,12,1.73,64.86,4.0,3.0,6
18.0,female,12,1.6,52.62,0.0,2.0,5
17.0,female,12,1.6,57.61,4.0,0.0,7
17.0,female,12,1.63,53.52,0.0,2.0,6
18.0,female,12,1.57,40.82,0.0,2.0,5
17.0,male,12,1.9,95.26,7.0,5.0,8
17.0,male,12,1.73,55.79,0.0,3.0,6
17.0,male,12,1.73,63.96,7.0,2.0,5
17.0,male,12,1.65,54.43,4.0,0.0,5
18.0,male,12,1.7,63.5,5.0,0.0,7
18.0,male,12,1.9,113.4,7.0,6.0,7
17.0,male,12,1.78,79.38,6.0,5.0,6
17.0,male,12,1.68,55.34,5.0,5.0,7
15.0,female,9,,,4.0,0.0,6
15.0,female,9,1.63,58.97,5.0,5.0,7
14.0,female,9,1.68,49.9,7.0,7.0,5
15.0,female,9,1.6,54.43,6.0,6.0,5
15.0,female,9,1.52,46.72,1.0,2.0,5
14.0,female,9,1.68,46.27,5.0,5.0,7
14.0,male,9,,,7.0,6.0,7
16.0,male,9,1.65,57.61,7.0,7.0,8
15.0,male,9,1.8,63.5,0.0,0.0,8
14.0,male,9,1.65,59.88,5.0,5.0,8
15.0,female,10,1.63,62.6,3.0,0.0,8
16.0,female,10,1.65,57.15,5.0,5.0,6
16.0,female,10,1.65,57.61,7.0,3.0,7
16.0,female,10,1.65,56.7,4.0,4.0,7
15.0,female,10,1.63,86.18,0.0,0.0,7
15.0,female,10,1.63,63.5,0.0,0.0,<5
17.0,female,11,1.55,52.16,0.0,0.0,5
16.0,female,10,1.55,54.89,1.0,1.0,8
17.0,female,11,,,4.0,2.0,6
16.0,male,10,1.9,102.06,6.0,7.0,9
18.0,male,11,1.85,74.39,7.0,7.0,5
15.0,male,10,1.68,68.04,4.0,4.0,8
15.0,male,10,1.9,66.68,7.0,5.0,6
15.0,male,10,1.73,119.75,2.0,0.0,5
16.0,male,10,1.73,69.4,5.0,0.0,5
17.0,male,12,1.78,74.84,7.0,7.0,7
17.0,male,10,1.7,65.77,,,
15.0,male,10,1.68,56.7,7.0,7.0,8
16.0,male,10,1.75,65.77,3.0,3.0,6
16.0,male,10,1.8,90.72,7.0,7.0,8
15.0,male,10,1.63,72.58,4.0,3.0,7
16.0,male,10,1.83,82.56,7.0,5.0,6
17.0,male,11,1.73,71.22,7.0,5.0,6
16.0,male,10,1.9,82.56,7.0,7.0,8
15.0,male,10,1.68,77.11,3.0,2.0,7
18.0,male,11,1.8,72.58,5.0,5.0,7
15.0,female,9,1.57,52.16,2.0,0.0,7
14.0,female,9,1.65,64.41,3.0,0.0,8
15.0,female,9,1.63,84.82,0.0,1.0,10+
15.0,female,10,1.52,44.0,4.0,2.0,7
14.0,female,9,1.57,51.26,6.0,5.0,7
14.0,female,9,1.63,58.97,0.0,0.0,6
14.0,female,9,1.6,49.44,5.0,3.0,6
14.0,male,9,1.7,47.63,2.0,2.0,8
15.0,male,9,1.7,74.84,0.0,0.0,<5
15.0,male,9,1.75,70.76,7.0,3.0,9
15.0,male,9,1.8,61.24,7.0,7.0,10+
15.0,male,9,1.68,45.36,5.0,3.0,8
14.0,male,9,1.8,70.31,3.0,3.0,8
15.0,male,9,1.85,60.78,0.0,1.0,6
14.0,male,9,1.65,90.27,4.0,0.0,7
15.0,male,9,1.88,72.58,7.0,,7
16.0,male,9,1.8,104.33,3.0,3.0,5
15.0,male,9,1.85,66.68,7.0,5.0,5
16.0,male,9,1.75,81.65,3.0,3.0,
15.0,male,9,1.8,79.83,6.0,3.0,8
15.0,male,9,1.93,95.26,7.0,4.0,5
15.0,male,9,1.78,78.47,4.0,2.0,7
16.0,male,9,1.78,84.37,4.0,3.0,5
15.0,male,9,1.9,72.58,7.0,5.0,<5
14.0,male,9,1.65,70.31,3.0,3.0,6
16.0,male,10,1.78,58.97,7.0,7.0,<5
15.0,male,9,,,7.0,7.0,9
15.0,male,9,1.57,46.27,7.0,7.0,9
17.0,female,12,1.68,68.04,3.0,0.0,6
18.0,female,12,1.68,58.97,1.0,0.0,7
18.0,female,12,1.68,81.65,7.0,7.0,6
17.0,female,12,1.6,57.61,5.0,5.0,5
17.0,female,12,1.78,59.88,7.0,7.0,7
17.0,female,12,1.52,51.71,0.0,0.0,6
17.0,female,12,1.6,52.16,7.0,5.0,6
17.0,female,12,1.8,63.5,3.0,0.0,7
18.0,female,12,1.68,92.53,7.0,0.0,8
18.0,female,12,1.7,66.68,0.0,0.0,<5
18.0,female,12,1.63,43.09,0.0,0.0,7
17.0,female,11,1.75,62.6,7.0,1.0,6
17.0,female,12,1.6,61.24,4.0,4.0,8
17.0,female,12,1.65,64.41,4.0,4.0,7
17.0,female,11,1.65,64.41,6.0,6.0,5
17.0,female,11,1.57,54.89,7.0,5.0,7
17.0,female,12,1.75,62.6,5.0,5.0,5
18.0,female,12,1.57,49.9,2.0,2.0,5
17.0,female,12,1.65,65.77,5.0,4.0,7
18.0,female,12,1.65,52.16,0.0,0.0,6
17.0,female,12,1.73,65.77,2.0,1.0,8
16.0,female,11,1.63,74.39,0.0,3.0,5
18.0,female,12,1.55,49.9,0.0,0.0,<5
17.0,male,12,1.88,68.95,,,
17.0,male,12,1.75,72.58,7.0,0.0,6
18.0,male,12,1.83,102.06,,,
17.0,male,12,1.7,84.82,3.0,3.0,5
16.0,male,11,1.8,56.7,5.0,3.0,8
17.0,male,12,1.75,64.41,7.0,7.0,8
18.0,male,12,,,0.0,0.0,<5
17.0,female,11,1.68,60.78,1.0,4.0,<5
16.0,female,11,1.68,54.89,3.0,3.0,8
16.0,female,11,1.65,84.37,0.0,2.0,6
17.0,female,11,1.57,62.6,0.0,2.0,5
16.0,female,11,1.7,81.65,3.0,0.0,6
16.0,female,11,1.63,67.59,0.0,0.0,6
16.0,female,11,1.55,50.35,0.0,0.0,6
16.0,female,11,1.65,47.63,0.0,0.0,6
18.0,female,12,1.35,43.09,2.0,0.0,8
17.0,female,12,1.63,60.33,4.0,4.0,5
16.0,female,11,1.63,97.52,7.0,7.0,5
,male,,,,7.0,7.0,7
17.0,male,11,1.7,60.33,7.0,7.0,7
17.0,male,11,,,,,8
17.0,male,11,1.78,69.4,7.0,0.0,8
18.0,male,12,1.78,66.68,7.0,7.0,5
16.0,male,11,1.7,86.18,4.0,7.0,7
17.0,male,11,1.8,80.74,6.0,2.0,7
18.0,male,12,1.83,92.99,6.0,7.0,8
17.0,male,11,1.85,90.72,0.0,6.0,6
16.0,male,11,1.65,57.61,4.0,3.0,6
16.0,male,11,1.85,113.4,2.0,0.0,6
16.0,male,11,1.68,68.04,7.0,3.0,8
17.0,male,11,1.7,63.5,7.0,7.0,7
18.0,male,11,1.88,88.45,7.0,7.0,7
17.0,male,11,1.73,111.13,7.0,6.0,<5
17.0,male,12,1.73,54.43,7.0,0.0,7
17.0,male,11,1.65,54.43,4.0,0.0,6
17.0,male,11,,,7.0,4.0,7
16.0,male,11,1.8,61.24,7.0,6.0,8
15.0,male,9,1.55,61.24,7.0,7.0,8
14.0,male,9,1.68,56.7,,,
14.0,male,9,1.68,61.69,5.0,0.0,8
15.0,male,9,1.75,53.07,0.0,0.0,7
15.0,male,9,1.73,49.9,2.0,2.0,10+
16.0,male,9,1.57,54.43,7.0,7.0,7
14.0,male,9,,,7.0,5.0,7
14.0,male,9,1.65,54.43,5.0,3.0,6
14.0,male,9,1.75,65.77,6.0,6.0,8
14.0,male,9,1.68,73.48,6.0,3.0,7
14.0,male,9,1.83,65.77,1.0,3.0,6
14.0,male,9,1.7,55.79,1.0,0.0,9
16.0,male,9,1.85,55.79,0.0,,8
15.0,male,9,1.78,70.76,7.0,6.0,9
14.0,male,9,1.7,60.78,7.0,7.0,<5
15.0,male,9,1.7,58.97,4.0,0.0,8
15.0,male,9,1.73,59.88,7.0,7.0,7
15.0,male,9,,,4.0,0.0,10+
14.0,male,9,1.68,86.18,5.0,7.0,7
14.0,male,9,1.75,54.43,0.0,0.0,7
14.0,male,9,1.75,58.97,5.0,3.0,7
16.0,male,9,1.78,95.26,3.0,3.0,6
14.0,male,9,1.63,55.34,6.0,0.0,7
14.0,male,9,1.73,73.48,0.0,0.0,5
15.0,male,9,1.73,95.71,2.0,3.0,6
14.0,female,9,1.63,77.11,4.0,4.0,5
15.0,female,9,1.6,50.8,0.0,1.0,
15.0,female,9,,,0.0,0.0,9
14.0,female,9,1.7,79.83,5.0,0.0,8
14.0,female,9,1.63,52.16,3.0,0.0,<5
15.0,female,9,1.75,74.84,1.0,0.0,7
14.0,female,9,1.7,69.4,1.0,1.0,8
14.0,female,9,1.68,54.43,1.0,0.0,8
15.0,female,9,1.57,46.72,6.0,3.0,9
15.0,female,9,1.7,59.88,5.0,5.0,9
14.0,female,9,1.75,68.49,4.0,6.0,7
14.0,female,9,1.68,55.34,0.0,0.0,8
14.0,female,9,1.63,50.35,7.0,7.0,5
14.0,female,9,1.57,48.08,1.0,0.0,6
14.0,female,9,1.73,101.61,3.0,2.0,5
15.0,female,9,1.68,146.06,0.0,2.0,10+
15.0,female,9,1.65,49.9,4.0,0.0,7
14.0,female,9,1.57,44.45,7.0,0.0,<5
15.0,female,9,1.52,43.55,0.0,0.0,7
15.0,female,9,1.6,68.49,3.0,3.0,7
14.0,female,9,1.45,43.55,7.0,0.0,8
14.0,female,9,1.55,46.27,3.0,1.0,8
14.0,female,9,1.52,35.38,0.0,1.0,5
14.0,female,9,1.63,58.97,2.0,0.0,9
14.0,female,9,1.55,52.16,0.0,0.0,6
16.0,male,10,1.68,53.52,7.0,7.0,7
15.0,male,9,1.73,74.84,3.0,1.0,7
14.0,male,9,1.78,62.14,0.0,0.0,8
15.0,male,9,1.78,70.31,3.0,0.0,7
15.0,male,9,1.65,68.04,7.0,7.0,6
14.0,male,9,1.57,60.78,3.0,0.0,6
14.0,male,9,1.68,73.94,0.0,0.0,9
,female,,,,7.0,4.0,<5
15.0,female,9,1.68,52.62,4.0,2.0,7
14.0,female,9,1.7,52.16,3.0,3.0,8
15.0,female,9,1.68,58.97,6.0,2.0,7
15.0,female,9,1.68,50.8,6.0,6.0,
15.0,female,9,1.6,54.43,3.0,2.0,7
15.0,female,9,1.47,36.29,0.0,0.0,8
15.0,female,9,1.73,58.97,1.0,1.0,9
15.0,female,9,1.63,53.07,6.0,0.0,7
14.0,female,9,1.6,64.41,3.0,2.0,8
14.0,female,9,1.6,55.34,3.0,2.0,8
14.0,female,9,1.63,45.36,4.0,5.0,8
14.0,female,9,1.63,54.43,2.0,3.0,6
15.0,female,9,1.7,54.43,0.0,0.0,5
15.0,female,9,1.7,68.04,7.0,6.0,7
14.0,female,9,1.63,56.7,0.0,0.0,5
15.0,female,9,1.5,59.88,2.0,0.0,7
14.0,female,9,1.6,39.92,6.0,5.0,7
15.0,female,9,,,6.0,0.0,10+
14.0,female,9,1.63,46.27,1.0,0.0,5
14.0,female,9,1.57,68.04,6.0,0.0,6
15.0,female,9,1.75,61.24,7.0,3.0,7
15.0,female,9,1.65,58.97,5.0,1.0,7
14.0,female,9,1.55,50.8,2.0,2.0,8
15.0,female,9,1.68,74.84,3.0,0.0,5
14.0,female,9,1.6,52.16,6.0,3.0,8
15.0,female,10,,,0.0,0.0,7
18.0,female,12,1.73,51.26,3.0,0.0,6
18.0,female,12,1.65,53.98,1.0,0.0,8
17.0,female,12,1.6,108.86,0.0,0.0,8
17.0,female,12,1.57,52.16,2.0,0.0,6
17.0,female,12,1.68,55.34,4.0,3.0,
17.0,female,12,1.6,53.52,2.0,0.0,6
17.0,female,12,1.6,58.06,7.0,3.0,6
18.0,female,12,1.75,62.14,6.0,6.0,7
18.0,female,12,1.63,68.04,3.0,1.0,7
18.0,female,12,1.7,56.7,5.0,4.0,7
17.0,male,12,1.8,120.2,7.0,0.0,5
18.0,male,12,1.83,62.14,2.0,2.0,7
18.0,male,12,1.78,52.62,4.0,3.0,8
18.0,male,12,1.8,74.84,7.0,7.0,9
17.0,male,12,1.8,70.31,5.0,0.0,6
18.0,male,12,,,4.0,4.0,<5
17.0,male,12,1.75,95.26,1.0,0.0,8
17.0,male,12,1.75,66.68,7.0,6.0,6
18.0,male,12,1.88,79.38,5.0,7.0,7
18.0,male,12,1.73,91.63,6.0,5.0,7
17.0,male,12,1.88,122.47,6.0,5.0,<5
17.0,male,12,1.78,68.04,4.0,4.0,7
17.0,male,11,1.8,79.38,1.0,1.0,6
17.0,female,11,1.75,78.93,0.0,0.0,7
17.0,male,11,1.93,83.92,7.0,6.0,7
17.0,male,11,,,0.0,0.0,7
16.0,male,11,1.78,81.65,7.0,5.0,6
17.0,male,11,1.73,63.5,7.0,7.0,8
16.0,male,11,1.85,72.58,6.0,6.0,8
17.0,male,11,1.78,106.14,2.0,0.0,6
16.0,male,11,1.78,72.12,4.0,4.0,7
16.0,male,11,1.78,76.66,5.0,3.0,10+
17.0,male,11,1.73,63.5,7.0,0.0,6
17.0,male,11,1.6,54.43,2.0,0.0,8
17.0,male,11,1.73,65.32,3.0,5.0,8
17.0,male,11,1.75,77.11,4.0,0.0,7
16.0,male,11,1.83,83.92,6.0,4.0,7
17.0,male,11,1.75,99.79,3.0,0.0,8
16.0,male,11,1.68,49.9,0.0,2.0,6
17.0,female,11,1.68,60.33,4.0,4.0,7
17.0,female,11,1.57,54.43,0.0,0.0,5
18.0,female,11,1.6,74.84,2.0,0.0,7
17.0,female,11,1.68,86.18,0.0,1.0,5
16.0,female,11,1.57,52.62,5.0,0.0,5
17.0,female,11,1.57,60.78,5.0,4.0,8
16.0,female,11,1.68,61.24,1.0,1.0,7
17.0,female,11,1.63,53.07,3.0,2.0,6
16.0,male,10,1.68,56.25,7.0,7.0,8
16.0,female,10,1.73,57.61,4.0,2.0,8
15.0,female,10,,,2.0,0.0,8
15.0,female,10,1.57,54.43,1.0,1.0,7
15.0,female,10,1.68,61.69,4.0,2.0,6
16.0,female,10,1.6,56.7,4.0,4.0,7
15.0,female,10,1.55,60.33,2.0,1.0,7
16.0,female,10,1.57,47.63,0.0,0.0,6
16.0,female,10,1.65,61.24,2.0,0.0,8
16.0,female,10,1.65,54.43,0.0,3.0,9
15.0,female,10,1.65,62.6,0.0,0.0,<5
16.0,female,10,1.65,68.95,2.0,3.0,7
15.0,male,10,1.78,77.11,3.0,0.0,10+
16.0,male,10,1.93,90.72,7.0,5.0,8
16.0,male,10,1.93,72.58,7.0,3.0,10+
16.0,male,10,1.75,65.77,7.0,3.0,7
16.0,male,10,1.7,49.9,7.0,2.0,7
15.0,male,10,1.85,68.04,7.0,5.0,9
17.0,male,11,1.8,70.31,0.0,0.0,6
15.0,male,10,1.78,62.6,6.0,6.0,9
16.0,male,10,1.7,63.5,3.0,5.0,7
16.0,male,10,1.73,62.14,6.0,0.0,7
16.0,male,10,1.65,58.97,7.0,0.0,6
16.0,male,10,1.85,90.72,4.0,4.0,8
16.0,female,10,1.57,53.07,5.0,0.0,6
16.0,female,10,1.68,68.04,0.0,0.0,7
16.0,female,10,1.7,68.04,5.0,5.0,7
16.0,female,10,1.75,61.24,2.0,1.0,8
15.0,female,10,1.78,72.58,2.0,0.0,7
16.0,female,10,1.57,54.43,3.0,5.0,7
16.0,female,10,1.57,53.07,4.0,5.0,7
15.0,male,10,1.75,56.7,7.0,7.0,6
15.0,male,10,1.7,68.04,1.0,0.0,8
16.0,male,10,1.88,76.66,7.0,7.0,<5
16.0,male,10,1.7,56.7,7.0,3.0,7
17.0,male,10,1.78,66.23,1.0,0.0,6
15.0,male,10,1.7,57.15,6.0,6.0,8
16.0,male,10,1.8,76.2,4.0,5.0,7
15.0,male,10,1.85,90.72,4.0,3.0,8
16.0,male,10,1.78,58.97,3.0,3.0,8
14.0,male,9,1.78,74.84,4.0,0.0,7
15.0,male,10,1.75,104.33,5.0,5.0,8
15.0,male,10,1.7,67.13,1.0,1.0,7
15.0,male,10,,,5.0,5.0,7
15.0,male,10,1.73,65.77,5.0,0.0,7
15.0,male,10,1.8,66.23,4.0,5.0,6
16.0,male,10,1.78,92.99,3.0,0.0,8
15.0,male,10,1.7,73.48,7.0,0.0,7
16.0,female,10,,,1.0,0.0,9
16.0,female,10,1.68,68.95,1.0,0.0,6
15.0,female,10,1.63,48.99,4.0,0.0,9
18.0,male,12,1.78,83.92,7.0,5.0,7
18.0,male,12,1.83,72.58,6.0,4.0,6
17.0,male,12,1.7,70.31,7.0,7.0,8
18.0,male,12,1.78,74.84,7.0,5.0,7
18.0,male,12,1.68,57.61,0.0,0.0,<5
18.0,male,12,1.8,83.92,5.0,5.0,8
17.0,male,12,1.73,58.97,7.0,3.0,8
17.0,male,12,1.85,86.18,5.0,6.0,7
17.0,male,12,,,7.0,0.0,6
17.0,male,12,1.9,95.26,6.0,6.0,6
17.0,male,12,1.88,81.65,6.0,6.0,6
18.0,male,12,1.85,82.56,6.0,3.0,7
17.0,male,12,1.73,65.77,7.0,7.0,8
18.0,male,12,1.93,90.72,7.0,0.0,7
17.0,female,12,1.6,56.25,0.0,1.0,6
18.0,female,12,1.63,44.0,2.0,0.0,8
18.0,female,12,1.65,63.5,5.0,3.0,7
18.0,female,12,,,2.0,0.0,<5
17.0,female,12,1.65,56.7,4.0,3.0,8
17.0,female,12,1.57,45.36,7.0,7.0,<5
17.0,female,12,1.57,45.36,3.0,2.0,5
17.0,female,12,1.68,73.03,0.0,0.0,5
18.0,female,12,1.57,51.26,1.0,0.0,6
17.0,female,12,1.68,54.43,4.0,0.0,7
17.0,female,12,1.52,53.52,7.0,7.0,7
18.0,female,12,1.68,58.97,6.0,3.0,6
17.0,female,12,1.65,70.31,1.0,0.0,8
17.0,female,12,,,2.0,2.0,7
17.0,male,11,1.85,95.26,5.0,5.0,7
17.0,female,11,1.52,63.5,3.0,0.0,6
16.0,male,11,1.8,91.63,2.0,0.0,9
16.0,male,11,1.75,79.38,4.0,2.0,8
16.0,male,11,1.8,97.52,7.0,7.0,8
17.0,male,11,1.75,90.72,2.0,3.0,6
16.0,male,11,1.83,70.76,2.0,0.0,<5
17.0,male,11,,,7.0,7.0,9
17.0,male,11,1.75,76.66,5.0,5.0,7
17.0,male,11,1.8,64.41,0.0,0.0,6
17.0,male,11,1.85,58.97,7.0,3.0,10+
16.0,male,11,1.73,64.86,7.0,7.0,5
17.0,male,11,,,6.0,5.0,<5
16.0,male,11,1.83,99.79,7.0,7.0,8
17.0,male,11,1.78,81.65,7.0,4.0,8
16.0,male,11,1.68,74.84,6.0,6.0,7
16.0,female,11,1.63,50.8,1.0,0.0,5
17.0,female,11,1.6,48.99,7.0,7.0,6
17.0,female,11,1.7,66.68,1.0,0.0,6
17.0,female,11,1.55,54.43,0.0,0.0,6
17.0,female,11,1.68,61.69,5.0,7.0,6
17.0,female,11,1.57,49.44,4.0,0.0,6
16.0,female,10,1.57,49.9,5.0,5.0,8
16.0,male,10,1.73,68.04,6.0,6.0,8
15.0,male,10,1.68,68.04,5.0,0.0,8
16.0,male,10,1.85,71.67,7.0,5.0,8
15.0,female,10,1.6,54.43,3.0,3.0,6
16.0,female,10,1.7,74.84,3.0,7.0,7
15.0,female,10,1.6,61.24,7.0,7.0,6
17.0,female,11,1.7,63.5,5.0,0.0,8
16.0,female,10,1.65,74.84,0.0,0.0,8
15.0,female,10,1.57,53.07,2.0,1.0,5
15.0,female,10,1.7,52.16,3.0,2.0,6
15.0,female,10,1.7,64.41,7.0,7.0,7
15.0,female,10,1.5,47.63,2.0,0.0,<5
16.0,female,10,1.57,44.91,4.0,6.0,7
16.0,female,10,1.52,56.25,5.0,7.0,8
16.0,male,10,,,7.0,3.0,10+
16.0,male,10,1.65,68.04,5.0,5.0,6
16.0,male,10,1.78,68.04,6.0,2.0,6
16.0,male,10,1.73,65.77,7.0,7.0,6
17.0,male,10,1.83,77.11,6.0,6.0,5
17.0,male,11,1.73,64.86,3.0,5.0,6
16.0,male,10,1.78,61.24,7.0,7.0,7
15.0,male,10,1.75,83.92,4.0,5.0,8
15.0,male,10,1.93,68.04,7.0,1.0,7
15.0,male,10,1.63,73.03,0.0,0.0,6
15.0,male,10,1.63,78.47,2.0,2.0,7
15.0,male,10,1.78,58.97,5.0,4.0,8
15.0,male,10,1.85,73.48,7.0,7.0,7
16.0,female,9,1.57,63.96,6.0,5.0,5
14.0,female,9,1.52,49.9,0.0,0.0,6
14.0,female,9,1.65,66.68,1.0,1.0,7
16.0,female,10,1.73,88.45,0.0,0.0,6
14.0,female,9,1.68,53.07,7.0,0.0,5
14.0,female,9,1.63,62.14,3.0,3.0,9
14.0,female,9,1.7,50.35,3.0,3.0,5
16.0,female,10,1.6,70.31,5.0,3.0,7
15.0,female,9,1.7,54.43,6.0,4.0,8
15.0,female,9,1.63,63.05,4.0,3.0,5
16.0,female,9,1.63,63.5,6.0,6.0,9
14.0,female,9,1.65,65.77,0.0,0.0,10+
14.0,female,9,1.7,70.76,7.0,7.0,8
16.0,male,11,1.83,74.84,6.0,7.0,6
14.0,male,9,1.8,71.22,7.0,7.0,7
14.0,male,9,1.65,68.95,5.0,4.0,8
15.0,male,9,1.68,63.5,5.0,5.0,7
15.0,male,9,1.8,89.36,5.0,2.0,10+
14.0,male,9,1.73,52.16,4.0,4.0,8
14.0,male,9,1.8,84.82,5.0,3.0,5
15.0,male,9,1.75,74.84,7.0,6.0,7
14.0,male,9,1.68,63.5,5.0,5.0,6
15.0,male,9,1.85,141.07,0.0,7.0,8
14.0,male,9,1.7,82.1,6.0,3.0,7
14.0,male,9,1.7,51.26,0.0,4.0,
15.0,male,9,1.8,88.45,7.0,7.0,8
15.0,male,9,1.83,117.94,4.0,4.0,6
18.0,male,12,1.6,62.6,7.0,6.0,8
18.0,male,12,1.9,115.67,0.0,0.0,5
18.0,male,12,1.88,109.77,7.0,7.0,5
17.0,female,12,1.55,57.61,4.0,5.0,7
18.0,female,12,1.73,104.33,7.0,7.0,5
17.0,female,12,1.55,69.85,2.0,5.0,7
18.0,female,12,1.65,95.71,2.0,2.0,7
17.0,female,12,1.65,60.78,2.0,0.0,7
18.0,female,12,1.73,63.5,3.0,0.0,8
18.0,female,12,1.7,110.22,0.0,0.0,5
18.0,female,12,1.65,81.19,5.0,5.0,5
17.0,female,12,1.55,56.7,1.0,5.0,8
17.0,female,12,1.63,68.04,0.0,0.0,9
18.0,female,12,1.6,58.97,2.0,2.0,6
17.0,female,12,1.7,108.86,7.0,7.0,10+
17.0,female,11,1.73,68.04,5.0,0.0,6
16.0,female,11,1.65,69.4,5.0,5.0,8
16.0,female,11,1.65,57.15,2.0,0.0,6
16.0,male,11,1.88,88.45,7.0,4.0,7
17.0,male,11,1.65,70.31,0.0,7.0,7
17.0,male,11,1.73,61.69,7.0,7.0,8
18.0,male,12,1.73,69.4,5.0,5.0,6
16.0,male,11,1.88,117.94,0.0,7.0,5
16.0,male,11,1.7,99.79,0.0,0.0,7
16.0,male,11,1.78,52.16,7.0,0.0,5
17.0,male,11,1.9,66.23,7.0,3.0,7
17.0,male,11,1.8,61.24,7.0,5.0,6
17.0,male,11,1.75,81.65,7.0,7.0,6
18.0,male,12,1.93,124.74,0.0,0.0,6
18.0,male,12,1.73,74.84,5.0,5.0,6
18.0,male,12,1.78,66.23,5.0,7.0,5
17.0,male,12,1.88,102.06,5.0,6.0,6
18.0,male,12,1.83,69.85,2.0,3.0,<5
18.0,male,12,1.9,101.61,7.0,7.0,8
18.0,male,12,1.73,74.84,7.0,7.0,5
17.0,male,12,1.7,72.58,7.0,7.0,9
17.0,male,12,1.7,78.93,6.0,6.0,7
18.0,male,12,1.78,113.4,6.0,5.0,8
18.0,male,12,1.7,62.6,3.0,3.0,5
18.0,female,12,,,7.0,5.0,5
18.0,female,12,1.45,57.15,0.0,0.0,5
18.0,female,12,1.96,106.6,0.0,0.0,<5
17.0,female,12,1.75,85.73,0.0,0.0,6
18.0,female,12,1.7,83.01,4.0,3.0,6
18.0,female,12,1.65,59.42,0.0,0.0,5
18.0,male,12,1.83,72.58,5.0,5.0,5
18.0,female,12,1.88,49.9,3.0,3.0,7
17.0,female,12,1.68,52.16,0.0,0.0,6
18.0,female,12,1.5,63.5,5.0,5.0,7
18.0,female,12,1.6,51.26,0.0,0.0,<5
17.0,female,12,,,7.0,7.0,6
18.0,female,12,1.85,78.47,,,
18.0,female,12,,,2.0,0.0,9
17.0,male,11,2.01,93.9,0.0,2.0,7
17.0,male,11,1.83,136.08,7.0,7.0,8
17.0,male,11,1.78,68.04,0.0,0.0,7
17.0,female,11,1.52,52.62,4.0,4.0,9
17.0,female,11,1.55,65.77,0.0,0.0,<5
17.0,male,11,1.73,76.2,7.0,7.0,9
18.0,male,11,1.68,67.13,5.0,7.0,8
17.0,male,11,1.6,57.15,4.0,3.0,9
16.0,male,11,1.7,58.97,7.0,7.0,8
18.0,male,11,1.88,145.15,1.0,1.0,8
16.0,male,11,1.85,68.95,3.0,3.0,8
17.0,male,11,1.85,78.02,7.0,7.0,6
17.0,male,11,1.68,66.23,7.0,7.0,<5
18.0,female,11,1.63,108.86,3.0,7.0,<5
17.0,female,11,1.55,51.71,0.0,0.0,10+
17.0,female,11,1.55,79.83,1.0,0.0,6
17.0,female,11,1.68,89.36,7.0,2.0,5
18.0,female,11,1.52,97.52,3.0,0.0,5
16.0,female,11,1.6,67.13,6.0,7.0,7
16.0,female,11,1.75,65.77,5.0,4.0,8
17.0,female,11,1.57,88.45,3.0,0.0,8
16.0,female,11,1.68,70.76,2.0,0.0,6
17.0,female,11,1.68,60.78,5.0,0.0,7
17.0,female,11,1.78,86.18,7.0,7.0,5
18.0,female,11,,,0.0,0.0,5
15.0,male,10,1.7,87.09,2.0,4.0,<5
15.0,male,10,1.65,47.17,6.0,7.0,7
16.0,male,10,,,0.0,0.0,
15.0,female,10,1.35,95.26,0.0,1.0,10+
16.0,female,10,1.63,58.06,5.0,0.0,8
15.0,female,10,1.55,54.43,7.0,5.0,7
,male,10,,,,,
15.0,male,10,1.83,86.18,,,6
16.0,male,10,1.6,49.9,3.0,2.0,8
16.0,male,10,1.78,87.09,7.0,7.0,7
17.0,male,10,1.83,59.88,0.0,2.0,6
17.0,male,11,1.63,74.84,7.0,,9
18.0,female,11,,,1.0,0.0,6
15.0,female,10,1.73,88.45,1.0,2.0,8
16.0,female,10,1.68,66.23,,,
18.0,female,10,1.47,61.24,1.0,1.0,7
17.0,female,10,1.6,65.77,2.0,4.0,10+
16.0,female,10,1.6,49.9,5.0,5.0,6
16.0,female,10,1.68,56.7,7.0,1.0,<5
16.0,female,10,1.68,55.79,,,
17.0,female,10,1.57,91.17,4.0,3.0,6
16.0,female,10,1.63,58.51,2.0,7.0,7
16.0,female,10,1.63,88.45,7.0,5.0,6
17.0,female,10,1.6,49.44,3.0,2.0,8
15.0,female,10,1.6,74.39,0.0,0.0,
16.0,female,10,1.68,55.79,5.0,0.0,9
17.0,male,11,1.83,86.18,0.0,1.0,6
16.0,male,11,2.01,90.72,7.0,6.0,6
,,,,,7.0,7.0,6
,,,,,7.0,7.0,10+
18.0,male,11,1.75,58.97,7.0,7.0,5
17.0,male,11,1.85,83.92,7.0,7.0,5
18.0,male,11,1.98,94.8,3.0,7.0,5
16.0,male,11,1.7,68.04,4.0,2.0,<5
18.0,male,11,1.7,63.5,1.0,3.0,5
18.0,male,11,1.63,52.16,3.0,4.0,7
17.0,male,11,1.68,89.81,7.0,5.0,6
17.0,male,11,1.68,71.22,0.0,2.0,<5
18.0,female,11,1.63,104.33,0.0,0.0,6
18.0,female,11,1.6,92.99,1.0,5.0,7
17.0,female,11,,,0.0,2.0,7
17.0,female,11,1.55,88.45,0.0,0.0,6
18.0,female,11,1.55,84.82,5.0,7.0,6
17.0,female,11,1.73,104.78,7.0,2.0,5
18.0,female,11,1.63,85.28,1.0,5.0,8
17.0,female,11,1.57,63.5,0.0,0.0,7
17.0,male,10,1.78,68.04,0.0,4.0,5
18.0,male,10,1.73,68.04,7.0,0.0,<5
18.0,male,12,1.68,60.78,3.0,0.0,5
18.0,male,12,1.7,104.33,7.0,7.0,8
17.0,female,11,1.57,54.43,1.0,0.0,6
15.0,female,10,1.68,54.43,0.0,0.0,6
16.0,female,10,1.52,41.28,5.0,5.0,6
17.0,male,10,2.06,81.65,7.0,5.0,7
17.0,male,10,1.85,73.48,1.0,0.0,8
16.0,male,10,1.83,103.42,5.0,7.0,<5
17.0,male,10,1.63,56.7,3.0,7.0,5
17.0,male,10,1.78,68.49,4.0,3.0,5
17.0,male,10,1.9,73.48,2.0,0.0,6
15.0,male,10,1.73,52.16,6.0,3.0,6
17.0,male,10,1.65,56.7,7.0,4.0,8
17.0,female,10,1.65,63.96,1.0,0.0,5
16.0,female,10,1.65,57.61,2.0,2.0,5
16.0,female,10,,,6.0,6.0,6
16.0,female,10,1.6,56.7,1.0,1.0,6
16.0,female,10,1.55,58.97,1.0,0.0,5
16.0,female,10,1.52,51.26,5.0,5.0,<5
17.0,female,10,1.57,85.73,1.0,1.0,6
16.0,female,10,1.63,78.47,0.0,0.0,8
15.0,female,10,1.5,81.65,7.0,7.0,5
17.0,female,10,1.73,67.59,5.0,5.0,8
18.0,female,12,1.73,83.92,3.0,2.0,6
18.0,female,12,1.68,68.04,0.0,0.0,8
18.0,female,12,1.65,69.4,1.0,2.0,6
18.0,female,12,1.65,69.4,7.0,1.0,8
,male,,,,7.0,7.0,5
18.0,male,other,,,7.0,7.0,<5
18.0,male,11,1.88,83.01,6.0,1.0,8
18.0,male,12,1.68,69.85,7.0,7.0,8
18.0,male,12,1.8,68.04,5.0,5.0,5
18.0,male,12,1.7,134.27,4.0,1.0,5
18.0,male,12,1.73,75.3,2.0,4.0,5
18.0,male,12,1.65,68.04,3.0,3.0,9
18.0,male,12,1.8,79.38,1.0,1.0,7
18.0,male,12,1.78,79.83,5.0,5.0,6
18.0,male,12,,,3.0,6.0,7
18.0,male,12,1.83,68.04,5.0,3.0,5
18.0,male,12,,,0.0,4.0,7
18.0,male,12,1.83,136.08,3.0,7.0,6
18.0,male,12,1.8,80.29,7.0,7.0,8
18.0,female,12,1.52,85.73,0.0,0.0,5
18.0,female,12,1.6,48.08,0.0,0.0,5
18.0,female,12,1.6,58.06,5.0,7.0,9
18.0,female,12,1.73,93.9,3.0,1.0,6
18.0,female,12,1.47,58.51,2.0,1.0,5
18.0,female,12,,,1.0,0.0,7
18.0,female,12,1.6,61.69,7.0,7.0,6
18.0,female,12,1.65,54.43,4.0,3.0,7
17.0,female,12,1.73,62.6,1.0,1.0,5
18.0,female,12,1.65,78.93,6.0,0.0,7
18.0,female,12,1.7,63.5,0.0,0.0,5
18.0,female,12,,,0.0,0.0,7
18.0,female,12,,,7.0,4.0,9
18.0,female,12,1.68,97.52,3.0,4.0,6
15.0,male,10,,,3.0,3.0,8
16.0,male,10,1.83,113.4,3.0,3.0,8
16.0,male,10,1.83,70.31,4.0,3.0,8
16.0,male,10,1.8,72.58,4.0,0.0,7
16.0,male,10,1.85,83.92,7.0,5.0,8
15.0,male,10,1.88,83.92,4.0,3.0,8
16.0,male,10,1.63,58.97,6.0,7.0,6
16.0,male,10,1.7,69.4,4.0,3.0,7
16.0,male,10,1.83,92.99,0.0,2.0,6
16.0,male,10,1.93,65.77,5.0,5.0,6
15.0,female,10,1.68,61.24,6.0,4.0,7
16.0,female,10,1.7,65.77,6.0,0.0,7
15.0,female,10,1.7,54.43,5.0,5.0,8
15.0,female,10,1.73,54.43,5.0,6.0,8
15.0,female,10,1.63,92.99,1.0,1.0,7
15.0,female,10,1.63,70.31,3.0,1.0,7
16.0,female,10,1.6,52.16,6.0,0.0,8
16.0,female,10,1.63,52.16,5.0,3.0,7
16.0,female,10,1.68,52.16,7.0,6.0,7
18.0,male,12,1.83,73.03,7.0,0.0,7
17.0,female,12,1.73,63.5,6.0,6.0,8
17.0,female,12,,,0.0,0.0,6
18.0,female,12,1.57,58.97,7.0,2.0,7
17.0,female,12,1.6,54.43,2.0,6.0,8
17.0,female,12,1.6,59.88,0.0,0.0,6
17.0,female,12,1.65,117.94,2.0,1.0,8
18.0,female,12,1.57,61.24,0.0,0.0,9
17.0,female,12,1.6,61.24,3.0,0.0,7
17.0,female,12,1.73,56.7,2.0,2.0,7
17.0,female,12,1.57,55.79,4.0,0.0,8
18.0,female,12,1.8,65.77,5.0,3.0,8
18.0,female,12,1.73,63.5,0.0,0.0,7
17.0,male,12,1.85,91.17,3.0,0.0,6
18.0,male,12,1.83,72.58,6.0,5.0,7
17.0,male,12,1.78,68.49,7.0,7.0,7
17.0,male,12,1.83,77.11,6.0,4.0,8
17.0,male,12,1.88,81.65,2.0,1.0,7
18.0,male,12,1.73,71.67,6.0,1.0,7
18.0,male,12,1.83,61.24,5.0,4.0,7
18.0,male,12,1.85,77.11,1.0,0.0,8
17.0,male,12,1.83,92.99,7.0,7.0,6
18.0,male,12,1.88,81.65,1.0,1.0,7
17.0,male,12,1.83,81.65,7.0,6.0,5
17.0,male,12,1.78,68.04,7.0,3.0,7
17.0,male,12,1.85,88.45,3.0,4.0,6
17.0,male,12,1.88,68.04,1.0,0.0,7
14.0,male,9,1.83,90.72,3.0,3.0,8
15.0,male,9,1.78,70.31,7.0,5.0,8
15.0,male,9,1.68,80.74,5.0,3.0,6
14.0,male,9,1.8,69.85,7.0,7.0,8
15.0,male,9,,,7.0,4.0,9
14.0,male,9,1.68,56.25,5.0,5.0,7
14.0,male,9,1.88,83.01,7.0,3.0,7
15.0,male,9,1.75,64.86,7.0,3.0,8
16.0,male,9,,,0.0,5.0,6
15.0,male,9,1.57,71.67,3.0,2.0,7
14.0,male,9,1.83,68.04,4.0,4.0,8
15.0,male,9,1.78,86.18,0.0,0.0,7
14.0,male,9,1.9,80.29,5.0,3.0,9
15.0,male,9,1.83,75.3,7.0,7.0,8
14.0,male,9,1.8,70.76,7.0,4.0,9
14.0,male,9,1.75,74.84,7.0,7.0,7
15.0,female,9,1.65,54.43,7.0,6.0,7
14.0,female,9,1.57,54.43,7.0,7.0,6
14.0,female,9,1.65,49.9,5.0,6.0,8
15.0,female,9,1.65,45.36,7.0,7.0,8
14.0,female,9,1.78,61.24,5.0,0.0,8
14.0,female,9,1.73,58.97,7.0,5.0,8
14.0,female,9,1.73,54.43,5.0,3.0,9
15.0,female,9,1.73,72.58,6.0,6.0,7
14.0,female,9,1.6,43.09,5.0,2.0,5
15.0,female,9,1.57,47.63,4.0,2.0,5
15.0,female,9,1.57,47.63,0.0,0.0,8
16.0,male,11,1.85,88.45,4.0,4.0,8
17.0,male,11,1.75,65.32,5.0,7.0,6
17.0,male,11,1.78,65.77,7.0,3.0,8
17.0,male,11,1.75,61.24,2.0,0.0,7
17.0,male,11,1.9,78.02,5.0,3.0,7
17.0,male,11,1.8,72.58,4.0,4.0,9
17.0,male,11,1.85,74.84,4.0,1.0,7
17.0,male,11,1.8,74.84,4.0,3.0,6
16.0,male,11,1.75,58.97,5.0,4.0,7
17.0,male,11,1.8,74.84,4.0,5.0,8
16.0,female,11,1.75,81.65,7.0,2.0,8
16.0,female,11,1.75,68.04,6.0,2.0,7
16.0,female,11,1.75,95.26,6.0,5.0,8
17.0,female,11,1.57,56.7,4.0,0.0,7
17.0,female,11,1.47,47.63,0.0,0.0,6
17.0,female,11,1.85,68.04,6.0,6.0,7
16.0,female,11,1.6,58.97,3.0,2.0,6
16.0,female,11,1.7,52.16,7.0,3.0,7
15.0,male,9,1.78,98.88,4.0,3.0,8
15.0,female,9,1.57,66.23,3.0,3.0,5
15.0,female,9,1.63,69.85,5.0,2.0,8
16.0,female,9,1.63,49.9,5.0,0.0,7
15.0,female,9,1.57,56.7,3.0,1.0,8
15.0,female,9,1.65,58.97,4.0,3.0,6
15.0,female,9,1.68,60.33,4.0,2.0,7
14.0,female,9,1.68,68.04,4.0,5.0,8
15.0,female,9,1.55,46.72,5.0,0.0,7
15.0,female,9,1.7,56.7,2.0,3.0,7
15.0,male,9,1.65,99.79,7.0,7.0,8
14.0,male,9,1.57,45.36,7.0,0.0,8
15.0,male,9,1.65,58.97,1.0,0.0,7
15.0,male,9,1.6,67.13,5.0,0.0,6
15.0,male,9,1.7,56.25,5.0,5.0,6
15.0,male,9,1.73,81.65,7.0,7.0,8
15.0,male,9,1.7,87.54,4.0,1.0,7
15.0,male,9,1.85,74.84,1.0,0.0,7
14.0,male,9,1.75,69.4,7.0,7.0,7
14.0,male,9,1.7,68.04,7.0,7.0,7
18.0,male,11,1.73,58.97,7.0,7.0,6
18.0,female,11,1.57,64.41,2.0,3.0,8
17.0,male,11,1.8,54.43,7.0,4.0,6
12.0,female,12,,,5.0,7.0,8
17.0,female,11,1.8,52.16,6.0,6.0,8
17.0,female,11,1.63,54.43,2.0,0.0,9
17.0,male,11,1.75,74.84,6.0,6.0,6
17.0,male,11,1.7,88.0,5.0,5.0,8
17.0,male,11,,,7.0,7.0,7
16.0,male,11,1.85,68.04,1.0,0.0,5
,,,,,2.0,0.0,5
17.0,female,11,1.6,54.43,0.0,0.0,5
17.0,male,11,1.7,61.69,4.0,7.0,8
17.0,male,11,1.8,92.53,0.0,7.0,<5
18.0,female,11,1.7,60.78,3.0,0.0,5
18.0,male,12,1.85,74.39,7.0,0.0,8
18.0,male,12,1.73,68.04,7.0,4.0,7
17.0,male,12,1.85,80.29,6.0,4.0,6
18.0,male,12,1.83,136.08,5.0,0.0,6
18.0,male,12,1.73,89.81,7.0,0.0,<5
18.0,male,12,1.83,113.4,0.0,0.0,5
18.0,male,12,1.8,87.54,7.0,0.0,7
18.0,male,12,1.83,99.79,7.0,4.0,8
18.0,male,12,1.75,59.42,7.0,2.0,7
18.0,male,12,1.85,90.72,3.0,0.0,8
18.0,male,12,1.68,74.84,0.0,0.0,6
17.0,male,12,1.75,77.11,0.0,0.0,5
18.0,male,12,1.7,65.77,6.0,4.0,7
18.0,male,12,1.75,74.84,6.0,4.0,6
17.0,male,12,1.78,63.5,1.0,2.0,6
17.0,male,12,1.78,63.96,4.0,5.0,6
18.0,male,12,1.83,71.22,5.0,5.0,7
17.0,male,12,1.75,66.23,7.0,7.0,7
18.0,female,12,1.68,54.43,3.0,2.0,7
18.0,female,12,1.63,77.11,4.0,2.0,7
18.0,female,12,1.65,88.0,5.0,0.0,7
18.0,female,12,1.55,61.24,1.0,0.0,8
18.0,female,12,1.65,49.44,7.0,7.0,5
17.0,male,10,1.6,88.91,0.0,3.0,6
17.0,female,10,1.57,46.72,2.0,0.0,7
17.0,male,10,1.78,79.38,1.0,1.0,7
16.0,male,10,1.8,70.31,5.0,5.0,8
16.0,male,10,1.7,68.04,3.0,0.0,7
16.0,male,10,1.75,54.43,7.0,7.0,8
16.0,male,10,1.83,79.38,5.0,3.0,6
16.0,male,10,1.83,72.58,5.0,3.0,7
17.0,male,11,1.73,64.86,7.0,7.0,7
16.0,male,10,1.75,90.72,5.0,2.0,6
16.0,male,10,1.7,74.84,7.0,5.0,6
15.0,male,10,1.8,67.13,1.0,5.0,6
15.0,male,10,1.7,49.9,2.0,2.0,5
17.0,male,11,1.78,68.95,0.0,7.0,<5
16.0,male,10,1.6,62.6,0.0,0.0,6
16.0,male,10,1.57,95.26,4.0,0.0,9
15.0,male,10,1.73,96.62,2.0,0.0,7
15.0,male,10,1.73,77.11,3.0,3.0,8
17.0,male,10,1.75,78.93,7.0,4.0,8
16.0,female,10,1.52,52.16,5.0,2.0,7
16.0,female,10,1.6,77.11,0.0,0.0,6
16.0,female,10,1.6,90.72,1.0,0.0,
16.0,female,10,1.8,78.02,1.0,0.0,8
16.0,female,10,1.65,49.9,6.0,3.0,8
16.0,female,10,1.63,47.63,0.0,0.0,7
16.0,female,10,1.6,50.35,1.0,1.0,9
15.0,male,9,1.78,88.45,6.0,6.0,8
15.0,male,9,1.7,63.5,4.0,6.0,
15.0,male,9,1.75,79.38,0.0,5.0,8
15.0,male,9,1.7,102.97,0.0,1.0,<5
16.0,male,9,1.78,73.03,7.0,7.0,7
14.0,male,9,1.75,52.16,7.0,7.0,5
15.0,male,9,1.75,81.65,7.0,7.0,8
14.0,male,9,1.63,52.62,7.0,7.0,9
14.0,male,9,1.68,68.04,7.0,7.0,7
15.0,male,9,1.83,106.6,7.0,7.0,10+
15.0,male,9,1.75,56.7,2.0,1.0,6
14.0,male,9,,,4.0,0.0,8
15.0,male,9,1.75,92.99,5.0,0.0,7
15.0,male,9,1.8,95.26,1.0,0.0,8
17.0,male,10,1.73,71.22,5.0,5.0,5
14.0,female,9,1.68,81.65,2.0,0.0,7
15.0,female,9,1.63,53.07,4.0,3.0,7
15.0,female,9,1.5,50.35,1.0,0.0,8
15.0,female,9,1.73,74.84,5.0,5.0,5
17.0,female,12,1.6,58.97,3.0,4.0,7
14.0,female,9,1.7,58.97,5.0,5.0,7
14.0,female,9,1.6,54.43,7.0,4.0,6
15.0,female,9,1.63,90.72,5.0,5.0,5
14.0,female,9,1.7,68.04,3.0,3.0,6
14.0,female,9,1.65,86.64,4.0,4.0,7
14.0,female,9,1.68,89.81,7.0,0.0,7
14.0,male,9,1.75,76.66,5.0,1.0,6
,male,,,,7.0,7.0,7
,male,,,,6.0,2.0,7
14.0,male,9,1.68,59.88,5.0,5.0,8
15.0,male,9,1.78,61.24,7.0,7.0,7
15.0,male,9,1.63,47.63,7.0,7.0,7
15.0,male,9,1.6,52.16,4.0,5.0,8
14.0,male,9,1.7,54.89,6.0,5.0,8
15.0,male,9,1.75,70.31,3.0,4.0,6
15.0,male,9,1.75,68.04,7.0,7.0,8
15.0,male,9,1.73,58.97,1.0,7.0,5
15.0,male,9,1.83,69.4,7.0,7.0,9
15.0,male,9,1.75,56.7,3.0,3.0,8
14.0,male,9,1.75,61.24,6.0,6.0,8
14.0,female,9,1.6,68.04,0.0,1.0,7
14.0,female,9,1.6,54.43,5.0,3.0,8
15.0,female,9,1.63,72.58,1.0,0.0,5
15.0,female,9,1.73,65.77,2.0,0.0,5
15.0,female,9,1.78,99.79,2.0,1.0,9
15.0,female,9,,,7.0,7.0,7
14.0,female,9,1.68,81.65,5.0,3.0,9
15.0,female,9,1.68,54.89,5.0,0.0,6
15.0,female,9,1.6,48.54,5.0,0.0,7
18.0,male,11,1.83,68.04,5.0,5.0,6
16.0,male,11,1.78,65.32,7.0,4.0,8
16.0,male,10,1.7,61.24,4.0,5.0,
17.0,male,11,1.78,63.5,7.0,7.0,8
17.0,male,11,1.93,70.31,7.0,6.0,8
16.0,male,11,1.9,102.06,7.0,7.0,5
18.0,male,12,1.73,65.77,2.0,7.0,7
18.0,male,10,1.88,115.21,0.0,0.0,6
17.0,male,11,1.8,74.84,2.0,0.0,7
17.0,male,11,1.7,74.84,7.0,5.0,8
17.0,male,11,,,5.0,5.0,8
16.0,male,11,1.7,53.98,7.0,7.0,8
16.0,female,11,1.55,45.36,7.0,0.0,8
17.0,female,11,1.6,50.8,4.0,7.0,8
17.0,female,11,1.57,55.79,0.0,0.0,6
17.0,female,11,1.68,52.62,0.0,0.0,8
16.0,female,11,1.63,49.44,0.0,0.0,5
17.0,female,11,1.52,52.16,0.0,1.0,5
16.0,female,11,1.7,116.12,0.0,0.0,7
17.0,female,11,1.5,50.8,7.0,7.0,6
17.0,female,11,1.55,64.41,4.0,4.0,7
17.0,male,12,1.7,80.29,7.0,7.0,<5
16.0,male,11,1.85,77.11,2.0,0.0,9
18.0,male,12,1.83,74.39,3.0,3.0,6
18.0,male,12,1.8,68.04,5.0,4.0,8
18.0,male,12,1.55,77.11,1.0,0.0,5
17.0,male,12,1.83,68.04,5.0,5.0,7
18.0,male,12,1.8,69.4,5.0,3.0,5
18.0,male,12,1.65,54.43,7.0,7.0,7
18.0,male,12,1.83,79.38,7.0,7.0,7
18.0,male,12,1.7,95.26,1.0,0.0,8
17.0,female,12,1.65,68.04,0.0,0.0,5
18.0,female,12,1.7,84.82,5.0,0.0,6
17.0,female,12,1.68,74.84,0.0,0.0,7
18.0,female,12,1.63,58.97,2.0,0.0,7
18.0,female,12,1.6,47.17,7.0,0.0,8
,male,,,,3.0,2.0,7
18.0,female,12,1.63,79.38,7.0,0.0,6
18.0,male,12,1.85,93.9,4.0,5.0,<5
17.0,male,12,1.78,122.47,1.0,0.0,5
18.0,male,12,1.9,93.44,6.0,6.0,6
18.0,male,12,1.8,82.56,5.0,7.0,<5
18.0,male,12,1.78,61.24,0.0,1.0,8
18.0,male,12,1.78,63.5,5.0,5.0,8
17.0,male,12,1.75,65.77,7.0,4.0,7
18.0,male,12,1.8,69.85,1.0,1.0,6
18.0,male,12,1.83,83.92,7.0,3.0,7
17.0,male,12,1.63,49.9,1.0,1.0,8
18.0,male,12,1.85,95.26,7.0,5.0,7
18.0,male,12,1.78,65.77,7.0,5.0,9
17.0,male,12,1.73,88.91,6.0,6.0,7
18.0,male,11,1.68,66.68,4.0,0.0,7
16.0,male,10,1.78,63.96,1.0,5.0,6
17.0,male,11,1.83,83.92,5.0,5.0,5
17.0,male,11,1.73,75.75,1.0,2.0,8
16.0,female,10,1.7,58.97,5.0,5.0,6
16.0,female,11,1.7,65.77,6.0,1.0,8
18.0,female,11,,,5.0,5.0,6
16.0,female,11,1.6,56.7,2.0,2.0,7
17.0,female,11,1.6,70.31,7.0,0.0,6
18.0,female,12,1.73,67.13,7.0,0.0,<5
18.0,female,12,1.7,66.23,4.0,0.0,<5
17.0,male,11,1.8,80.74,4.0,1.0,7
17.0,male,11,1.73,62.14,0.0,0.0,7
17.0,male,11,1.75,83.92,7.0,7.0,9
17.0,male,11,1.85,104.33,2.0,0.0,8
17.0,male,11,1.93,158.76,2.0,2.0,6
17.0,male,11,1.75,97.07,3.0,1.0,5
17.0,male,11,1.88,91.63,5.0,2.0,<5
17.0,female,11,1.68,65.77,5.0,5.0,6
17.0,female,11,1.65,61.24,5.0,3.0,6
17.0,female,11,1.63,52.16,6.0,1.0,7
17.0,female,11,1.52,61.24,0.0,0.0,6
17.0,female,11,1.7,62.14,0.0,0.0,6
17.0,female,11,1.68,61.24,0.0,0.0,7
15.0,male,10,1.73,105.24,7.0,4.0,7
16.0,male,10,,,5.0,0.0,5
16.0,male,10,1.65,47.63,7.0,7.0,6
16.0,male,10,1.85,81.65,5.0,0.0,7
16.0,male,10,1.8,54.43,3.0,3.0,<5
16.0,male,10,1.83,65.77,7.0,5.0,8
16.0,male,10,1.83,78.47,5.0,5.0,7
17.0,female,10,1.65,90.72,0.0,0.0,<5
16.0,female,10,1.55,72.58,5.0,2.0,6
16.0,female,10,1.65,54.43,5.0,2.0,7
16.0,female,10,1.78,68.04,5.0,5.0,7
16.0,female,10,1.6,80.29,3.0,0.0,7
17.0,male,11,1.88,81.65,2.0,2.0,8
15.0,male,10,1.85,52.16,0.0,0.0,6
16.0,female,10,1.7,56.7,1.0,0.0,8
16.0,female,10,1.63,60.33,6.0,4.0,7
16.0,female,10,1.55,58.51,7.0,4.0,5
15.0,female,10,1.7,56.7,0.0,0.0,8
16.0,female,10,1.73,79.38,7.0,7.0,6
17.0,male,10,1.8,68.04,5.0,5.0,9
16.0,male,10,1.75,92.08,3.0,4.0,9
16.0,male,10,1.78,74.84,7.0,7.0,7
16.0,male,10,1.73,73.94,7.0,7.0,<5
17.0,male,10,1.8,70.76,3.0,1.0,7
17.0,male,10,1.88,72.58,7.0,7.0,<5
16.0,male,10,1.78,70.31,1.0,1.0,7
14.0,male,9,1.83,78.47,4.0,3.0,8
15.0,male,9,1.6,46.27,7.0,7.0,<5
14.0,male,9,1.78,63.5,5.0,5.0,8
15.0,male,9,1.68,58.97,7.0,1.0,6
15.0,male,9,1.78,99.79,4.0,4.0,8
15.0,male,9,1.78,61.24,5.0,5.0,7
15.0,female,9,1.55,44.45,7.0,7.0,6
15.0,female,9,1.57,50.35,5.0,2.0,8
15.0,female,9,,,0.0,0.0,7
15.0,female,9,1.6,55.79,1.0,0.0,7
15.0,female,9,1.6,69.4,3.0,4.0,7
15.0,female,9,1.6,65.77,5.0,5.0,8
18.0,male,12,1.83,95.26,3.0,0.0,7
18.0,male,12,1.9,81.65,7.0,7.0,8
18.0,male,12,1.78,68.04,0.0,0.0,5
18.0,female,12,1.65,55.34,5.0,5.0,6
18.0,female,12,1.55,56.7,7.0,1.0,7
16.0,male,10,1.8,73.48,7.0,7.0,<5
16.0,male,10,1.88,82.56,6.0,0.0,<5
15.0,male,9,1.83,95.26,5.0,5.0,8
18.0,male,9,,,5.0,0.0,<5
16.0,male,9,1.68,65.77,1.0,0.0,<5
,male,,,,6.0,5.0,6
15.0,female,9,1.68,51.26,7.0,7.0,9
15.0,female,9,1.65,48.99,2.0,5.0,6
16.0,female,9,1.78,68.95,7.0,5.0,7
15.0,female,9,1.75,64.41,7.0,7.0,10+
13.0,female,12,,,0.0,0.0,10+
14.0,female,9,1.5,43.09,2.0,2.0,10+
13.0,female,9,1.47,45.81,0.0,0.0,9
15.0,female,9,1.63,69.4,2.0,0.0,7
14.0,female,9,1.57,49.9,0.0,0.0,7
14.0,female,9,1.55,79.38,0.0,2.0,7
15.0,female,10,1.52,46.72,7.0,0.0,8
17.0,female,10,1.63,58.06,5.0,2.0,8
15.0,male,9,1.78,95.71,2.0,5.0,6
14.0,male,9,1.68,55.79,,,
14.0,male,9,1.8,84.82,7.0,7.0,6
15.0,male,9,1.83,92.99,5.0,2.0,7
15.0,male,9,1.78,67.13,3.0,3.0,<5
15.0,male,9,1.9,83.46,3.0,4.0,8
15.0,male,9,1.7,87.09,6.0,7.0,8
17.0,male,12,1.7,93.9,1.0,1.0,7
17.0,female,12,1.52,67.13,5.0,2.0,6
17.0,female,12,1.6,44.0,0.0,0.0,7
17.0,female,12,1.55,54.89,6.0,5.0,6
18.0,female,12,1.6,51.71,0.0,3.0,7
18.0,female,12,1.73,90.72,6.0,6.0,6
17.0,male,12,1.68,59.88,7.0,7.0,7
18.0,male,12,1.65,63.5,3.0,5.0,7
17.0,male,12,1.75,74.84,7.0,3.0,7
18.0,male,12,1.83,67.13,7.0,7.0,7
18.0,male,12,1.93,90.72,0.0,0.0,8
18.0,male,12,1.65,68.04,7.0,4.0,7
18.0,female,12,1.65,58.06,7.0,7.0,7
17.0,male,12,1.75,65.77,0.0,0.0,5
18.0,female,12,1.55,52.16,3.0,0.0,8
18.0,female,12,1.6,53.52,0.0,0.0,7
17.0,male,12,1.78,111.13,2.0,1.0,8
,male,,,,7.0,7.0,7
,female,,,,3.0,2.0,6
17.0,male,11,1.73,68.04,7.0,7.0,8
17.0,male,11,1.83,74.84,7.0,5.0,8
17.0,male,11,1.73,68.04,7.0,0.0,7
17.0,male,11,1.8,68.04,7.0,7.0,6
17.0,male,11,1.9,90.72,6.0,6.0,7
17.0,male,11,1.73,58.97,7.0,5.0,7
18.0,male,12,1.78,95.26,6.0,4.0,8
17.0,male,11,1.8,99.79,4.0,4.0,7
17.0,female,11,1.63,72.58,0.0,2.0,7
16.0,female,11,1.7,87.54,3.0,0.0,6
17.0,female,11,1.7,95.26,2.0,1.0,5
16.0,female,11,1.73,83.92,2.0,0.0,7
16.0,female,11,1.73,108.86,4.0,2.0,7
17.0,female,11,1.6,64.86,5.0,0.0,5
17.0,female,11,1.52,49.9,7.0,7.0,5
17.0,female,11,1.55,72.58,3.0,3.0,8
17.0,female,11,1.55,61.24,6.0,5.0,<5
18.0,female,11,1.73,106.14,0.0,0.0,5
18.0,female,11,1.7,63.5,1.0,1.0,8
17.0,female,11,1.47,54.43,1.0,1.0,8
17.0,female,11,1.47,38.56,0.0,0.0,6
17.0,female,11,1.57,71.67,2.0,2.0,5
15.0,female,10,1.73,79.38,1.0,3.0,6
15.0,female,9,1.57,65.77,3.0,0.0,9
15.0,female,9,1.7,65.77,5.0,2.0,6
15.0,female,9,,,7.0,5.0,<5
14.0,female,9,,,,0.0,6
14.0,female,9,1.8,71.67,2.0,1.0,7
15.0,female,9,1.73,56.7,7.0,7.0,8
15.0,female,9,1.55,50.8,7.0,7.0,8
14.0,female,9,1.68,61.24,6.0,6.0,7
15.0,male,9,1.93,127.46,1.0,7.0,7
15.0,male,9,1.78,61.69,5.0,7.0,9
15.0,male,9,1.7,68.04,7.0,6.0,8
15.0,male,9,1.75,73.94,6.0,4.0,8
15.0,male,9,1.83,102.06,5.0,3.0,7
17.0,male,10,1.75,78.93,7.0,5.0,8
15.0,male,9,1.75,70.76,7.0,5.0,9
17.0,male,12,1.75,73.48,4.0,0.0,7
18.0,male,12,1.75,93.9,3.0,3.0,7
18.0,male,12,,,,1.0,
18.0,male,12,1.83,82.1,7.0,7.0,9
17.0,female,12,1.75,79.38,2.0,0.0,7
18.0,female,12,1.57,63.5,4.0,0.0,7
18.0,female,12,1.65,72.58,2.0,1.0,6
18.0,female,12,1.63,56.7,5.0,0.0,5
18.0,female,12,1.57,52.16,3.0,0.0,6
18.0,female,12,1.55,52.16,5.0,1.0,7
18.0,female,12,1.55,54.43,5.0,2.0,6
18.0,female,12,1.63,56.25,3.0,3.0,6
17.0,female,12,1.57,48.54,7.0,7.0,7
17.0,female,12,1.6,56.7,4.0,0.0,8
18.0,female,12,1.7,68.04,7.0,7.0,7
18.0,female,12,1.73,68.04,2.0,2.0,7
17.0,female,12,1.65,81.65,5.0,0.0,8
17.0,female,12,1.7,74.84,3.0,3.0,7
17.0,female,11,1.57,52.16,0.0,0.0,5
16.0,female,11,,,4.0,0.0,7
17.0,female,11,1.7,62.6,4.0,5.0,8
17.0,female,11,1.55,57.15,3.0,0.0,6
17.0,male,11,1.75,65.77,5.0,3.0,7
15.0,male,9,2.03,56.7,7.0,3.0,9
16.0,male,9,1.96,104.78,7.0,7.0,7
15.0,male,9,1.8,102.97,3.0,3.0,7
16.0,male,9,1.85,62.6,7.0,7.0,7
15.0,male,9,1.63,60.78,3.0,5.0,6
14.0,male,9,1.7,58.51,2.0,2.0,8
15.0,male,9,1.8,61.24,5.0,4.0,6
16.0,male,9,1.83,70.76,6.0,2.0,6
15.0,male,9,1.83,85.28,2.0,0.0,6
14.0,male,9,1.73,54.89,7.0,7.0,9
15.0,male,9,1.83,66.23,5.0,5.0,7
16.0,male,9,1.75,63.5,3.0,2.0,6
15.0,male,9,1.7,68.04,3.0,4.0,<5
14.0,female,9,,,5.0,2.0,8
15.0,female,9,1.52,51.71,5.0,5.0,8
15.0,female,9,1.7,79.38,3.0,3.0,7
15.0,female,9,1.65,44.45,5.0,2.0,6
15.0,female,9,1.5,68.95,2.0,2.0,7
16.0,female,10,1.63,52.16,4.0,4.0,9
16.0,female,10,1.6,54.43,3.0,3.0,7
15.0,female,9,1.5,45.81,5.0,2.0,6
15.0,female,9,1.68,70.31,5.0,2.0,6
15.0,female,9,1.47,51.26,4.0,2.0,8
15.0,female,9,1.73,63.5,7.0,5.0,5
16.0,male,10,1.83,65.77,7.0,7.0,9
15.0,male,10,1.78,66.23,6.0,4.0,7
16.0,male,10,1.73,60.33,7.0,7.0,9
16.0,male,10,1.7,77.11,7.0,6.0,7
15.0,male,10,1.75,122.47,3.0,1.0,8
17.0,male,10,1.8,118.84,3.0,2.0,<5
16.0,male,10,1.88,75.75,7.0,0.0,6
16.0,male,10,1.85,65.77,3.0,3.0,6
16.0,male,10,1.85,88.91,7.0,7.0,5
17.0,male,11,1.75,79.38,7.0,7.0,<5
16.0,male,10,1.83,65.32,4.0,3.0,7
17.0,male,10,1.73,72.58,7.0,4.0,8
17.0,male,10,1.65,63.5,1.0,0.0,6
17.0,male,10,1.68,81.65,,,
17.0,male,10,1.68,147.42,5.0,5.0,5
16.0,male,10,1.75,54.43,5.0,4.0,9
16.0,male,10,1.85,74.84,3.0,6.0,7
17.0,female,10,1.65,85.73,7.0,0.0,<5
16.0,female,10,1.63,60.78,2.0,1.0,6
16.0,female,10,1.7,76.2,7.0,7.0,9
16.0,female,10,,,2.0,0.0,9
16.0,female,10,1.65,52.16,0.0,0.0,8
16.0,female,10,1.55,47.63,5.0,5.0,7
15.0,female,10,1.6,61.24,3.0,3.0,10+
18.0,female,12,1.78,77.11,4.0,4.0,5
18.0,female,12,1.6,80.74,2.0,0.0,6
18.0,male,12,1.93,73.03,7.0,2.0,6
17.0,male,12,1.7,64.41,7.0,2.0,7
18.0,male,12,1.73,72.58,3.0,5.0,5
18.0,male,12,1.75,68.04,7.0,0.0,6
18.0,male,12,1.83,97.52,2.0,3.0,6
17.0,female,12,1.7,58.97,1.0,2.0,7
18.0,female,12,1.65,54.43,5.0,5.0,8
18.0,female,12,1.65,77.11,1.0,0.0,10+
18.0,female,12,1.57,60.78,3.0,3.0,8
18.0,male,12,1.7,72.58,7.0,0.0,7
18.0,female,12,1.63,53.52,1.0,1.0,7
17.0,male,12,1.85,77.11,7.0,7.0,6
18.0,male,12,1.75,67.13,5.0,4.0,5
18.0,male,12,1.88,72.58,7.0,7.0,5
18.0,male,12,1.8,95.26,3.0,3.0,7
18.0,male,12,1.78,68.04,2.0,2.0,7
18.0,male,12,1.73,81.65,2.0,0.0,7
18.0,male,12,1.83,89.81,0.0,2.0,8
18.0,male,12,1.85,95.26,5.0,5.0,7
18.0,male,12,1.8,158.76,1.0,0.0,<5
17.0,female,12,1.6,60.78,5.0,5.0,7
17.0,female,12,1.73,79.38,6.0,4.0,8
16.0,male,9,1.75,72.58,7.0,5.0,8
15.0,male,9,1.6,56.7,7.0,5.0,9
15.0,male,9,1.6,54.89,7.0,2.0,7
15.0,male,9,1.73,65.77,7.0,3.0,8
14.0,male,9,1.75,57.15,7.0,4.0,8
15.0,male,9,1.8,72.58,4.0,4.0,8
15.0,male,9,1.68,55.34,7.0,7.0,8
15.0,male,9,1.52,44.45,7.0,2.0,8
15.0,male,9,1.57,43.09,1.0,2.0,5
14.0,male,9,1.75,64.86,5.0,7.0,8
15.0,male,9,1.85,69.85,7.0,7.0,7
15.0,male,9,1.75,62.6,7.0,7.0,9
15.0,male,9,1.63,51.26,5.0,2.0,8
14.0,male,9,1.57,51.71,6.0,2.0,8
15.0,female,9,1.63,54.43,7.0,7.0,6
14.0,female,9,1.63,46.27,7.0,4.0,8
15.0,female,9,1.68,54.43,4.0,5.0,7
15.0,female,9,1.73,68.04,5.0,2.0,6
15.0,female,9,1.75,50.8,3.0,2.0,8
15.0,female,9,1.6,49.9,5.0,5.0,8
14.0,female,9,1.63,85.73,2.0,0.0,7
15.0,female,9,1.63,51.71,6.0,6.0,7
,male,,,,4.0,0.0,6
,female,,,,7.0,3.0,8
16.0,female,10,1.68,59.88,0.0,0.0,8
16.0,female,10,1.68,55.79,2.0,2.0,6
15.0,female,10,1.6,52.16,6.0,2.0,<5
15.0,female,10,1.57,44.45,0.0,0.0,8
16.0,female,10,1.73,66.23,4.0,4.0,6
16.0,female,10,1.68,108.86,7.0,0.0,7
16.0,female,10,1.52,52.16,3.0,2.0,9
17.0,female,10,1.5,61.24,0.0,1.0,5
17.0,male,10,1.68,72.58,2.0,0.0,8
16.0,male,10,1.8,102.06,0.0,0.0,7
17.0,male,12,1.83,74.84,5.0,3.0,5
16.0,male,10,1.8,69.85,0.0,0.0,7
16.0,male,10,1.8,52.16,7.0,2.0,8
17.0,male,11,1.78,59.42,7.0,7.0,6
16.0,male,10,1.88,90.72,5.0,7.0,7
16.0,male,10,,,7.0,3.0,8
15.0,male,10,1.96,116.12,4.0,0.0,9
16.0,male,10,1.78,68.04,4.0,1.0,8
15.0,male,10,1.8,73.48,6.0,4.0,7
17.0,female,11,1.55,55.79,1.0,1.0,6
18.0,female,11,1.6,59.88,3.0,3.0,6
17.0,male,11,1.9,124.74,3.0,3.0,5
16.0,male,11,1.83,76.66,7.0,1.0,8
16.0,male,11,1.73,58.97,1.0,3.0,8
16.0,male,11,1.85,109.77,1.0,4.0,<5
17.0,male,11,1.7,108.86,4.0,4.0,6
16.0,male,11,1.88,115.67,7.0,7.0,7
17.0,male,11,1.83,84.37,1.0,1.0,7
17.0,male,11,1.75,60.78,4.0,2.0,7
17.0,male,11,1.68,59.88,0.0,0.0,9
17.0,male,11,1.8,66.68,2.0,0.0,7
17.0,male,11,1.78,88.45,0.0,0.0,7
17.0,male,11,1.85,73.03,7.0,6.0,8
17.0,male,11,1.88,79.38,7.0,7.0,7
16.0,female,11,1.7,63.5,0.0,0.0,8
17.0,female,11,1.73,71.67,5.0,5.0,5
16.0,female,11,1.6,49.9,4.0,0.0,5
16.0,female,10,1.68,89.81,4.0,0.0,5
16.0,female,10,1.57,46.72,4.0,5.0,7
16.0,female,10,1.65,54.43,6.0,0.0,8
16.0,female,10,1.65,55.79,4.0,4.0,5
15.0,female,10,,,7.0,3.0,6
16.0,female,10,1.68,56.7,7.0,7.0,8
16.0,female,10,1.63,64.41,5.0,4.0,7
16.0,female,10,1.65,56.7,0.0,0.0,6
16.0,female,10,1.68,64.41,3.0,2.0,<5
15.0,female,10,1.57,54.43,1.0,1.0,6
15.0,female,10,1.68,97.98,0.0,0.0,6
15.0,female,10,1.68,58.97,0.0,2.0,5
16.0,male,10,1.98,92.99,7.0,3.0,7
16.0,male,10,1.78,78.47,5.0,2.0,7
16.0,male,10,1.85,76.2,6.0,6.0,8
16.0,male,10,1.93,97.98,4.0,4.0,6
16.0,male,10,1.83,62.6,6.0,6.0,8
16.0,male,10,1.9,81.65,7.0,7.0,7
16.0,male,10,1.78,79.83,0.0,0.0,6
16.0,male,10,1.85,72.58,7.0,5.0,7
15.0,male,10,1.8,62.6,7.0,5.0,7
16.0,male,10,1.88,77.11,4.0,3.0,6
16.0,male,10,1.7,74.39,0.0,2.0,8
15.0,male,10,1.7,58.06,7.0,7.0,8
16.0,male,10,1.8,66.68,3.0,0.0,7
15.0,male,10,1.6,45.36,3.0,3.0,7
18.0,female,12,1.63,67.59,6.0,3.0,<5
17.0,female,12,1.5,55.79,3.0,0.0,7
18.0,female,12,1.63,52.16,4.0,4.0,7
17.0,female,12,1.6,54.43,4.0,4.0,<5
18.0,female,12,1.68,58.97,4.0,0.0,6
17.0,female,12,1.6,126.1,6.0,6.0,8
18.0,female,12,1.6,58.97,3.0,2.0,7
17.0,female,12,1.7,54.43,7.0,2.0,7
17.0,female,12,1.57,49.9,0.0,0.0,7
18.0,male,12,1.7,72.58,7.0,6.0,5
17.0,male,12,1.8,77.11,7.0,7.0,7
17.0,male,12,1.75,92.99,7.0,0.0,7
17.0,male,12,1.7,72.58,0.0,0.0,7
18.0,male,12,1.85,81.65,7.0,7.0,7
18.0,male,12,1.65,68.04,0.0,0.0,7
17.0,male,12,1.83,71.67,7.0,5.0,8
18.0,male,12,1.9,74.84,4.0,1.0,7
17.0,male,12,1.98,117.94,1.0,0.0,7
18.0,male,12,1.75,99.79,2.0,4.0,7
18.0,male,12,,,7.0,7.0,6
18.0,male,12,1.88,81.65,7.0,4.0,7
18.0,male,12,1.73,77.57,7.0,7.0,6
15.0,female,9,1.73,70.31,3.0,2.0,5
15.0,female,9,1.65,60.78,7.0,0.0,7
15.0,female,9,1.65,48.08,7.0,6.0,6
14.0,female,9,1.65,59.88,2.0,1.0,5
14.0,female,9,1.7,117.94,4.0,2.0,
15.0,female,9,1.57,43.09,4.0,3.0,7
15.0,female,9,1.63,49.9,7.0,5.0,7
15.0,female,9,1.65,73.48,7.0,4.0,7
14.0,female,9,1.73,69.85,6.0,6.0,8
15.0,female,9,1.8,108.86,2.0,1.0,6
14.0,female,9,1.65,107.96,3.0,0.0,5
14.0,female,9,1.65,54.43,7.0,7.0,6
15.0,female,9,1.73,57.61,4.0,2.0,9
15.0,male,9,1.78,77.11,7.0,5.0,5
15.0,male,9,1.78,70.31,6.0,5.0,7
15.0,male,9,1.83,68.04,2.0,0.0,6
15.0,male,9,1.73,57.15,3.0,2.0,8
15.0,male,9,1.85,63.5,7.0,7.0,8
15.0,male,9,1.7,77.11,5.0,5.0,9
15.0,male,9,1.65,52.16,7.0,7.0,8
15.0,male,9,1.75,70.31,5.0,4.0,7
14.0,male,9,1.8,49.9,0.0,0.0,8
15.0,male,9,1.8,74.84,6.0,3.0,<5
16.0,female,11,1.68,72.12,3.0,3.0,6
16.0,female,11,1.65,58.97,4.0,3.0,<5
16.0,female,11,1.75,58.97,5.0,5.0,6
18.0,female,11,1.68,58.97,2.0,2.0,8
16.0,female,11,1.65,66.23,0.0,0.0,<5
17.0,female,12,1.57,69.4,6.0,1.0,8
17.0,female,11,1.65,54.43,2.0,1.0,8
17.0,female,11,1.6,56.7,7.0,5.0,8
17.0,male,11,1.57,51.71,7.0,7.0,7
17.0,male,11,1.8,65.77,7.0,5.0,8
17.0,male,11,1.75,70.31,7.0,4.0,7
17.0,male,11,1.57,74.84,2.0,0.0,6
17.0,male,11,1.7,56.7,5.0,0.0,<5
17.0,male,11,1.93,86.18,7.0,5.0,8
16.0,male,11,1.85,72.58,5.0,5.0,7
16.0,male,11,1.7,61.24,7.0,7.0,6
16.0,male,11,1.83,62.14,6.0,4.0,6
17.0,male,11,1.88,65.77,6.0,3.0,7
16.0,male,11,1.7,58.06,4.0,0.0,6
17.0,male,11,1.7,72.58,7.0,7.0,8
17.0,male,11,1.88,86.18,7.0,6.0,9
17.0,male,11,1.73,79.38,7.0,7.0,6
17.0,male,11,1.75,61.24,0.0,3.0,6
18.0,male,11,1.8,81.65,7.0,5.0,7
17.0,male,11,1.63,66.68,5.0,5.0,<5
16.0,female,10,1.8,127.01,6.0,0.0,5
16.0,female,11,1.73,54.43,3.0,1.0,7
16.0,female,11,1.57,44.45,3.0,5.0,7
17.0,female,11,1.7,52.16,1.0,6.0,6
17.0,female,11,1.7,58.06,4.0,4.0,<5
16.0,female,11,1.6,60.33,2.0,2.0,6
17.0,female,11,1.68,65.77,5.0,5.0,6
17.0,female,11,1.52,72.58,4.0,3.0,7
17.0,female,11,1.65,68.04,2.0,3.0,5
17.0,female,11,1.65,53.07,0.0,1.0,5
17.0,female,11,1.55,51.71,5.0,5.0,<5
17.0,female,12,1.63,58.97,0.0,5.0,6
16.0,female,11,1.7,86.18,6.0,5.0,<5
17.0,female,12,1.6,58.97,0.0,4.0,7
17.0,female,11,1.6,52.16,2.0,1.0,7
17.0,male,11,1.75,62.6,7.0,6.0,6
17.0,male,11,1.78,80.29,3.0,1.0,6
16.0,male,11,1.85,80.74,7.0,7.0,6
17.0,male,11,,,7.0,7.0,8
17.0,male,11,1.83,70.31,5.0,7.0,6
17.0,male,11,1.83,67.13,7.0,6.0,7
16.0,male,11,1.73,57.61,7.0,5.0,5
17.0,male,11,1.85,99.79,0.0,7.0,7
17.0,male,11,1.83,79.38,6.0,5.0,6
17.0,male,12,1.93,106.6,0.0,0.0,5
17.0,female,11,1.75,58.97,5.0,1.0,9
15.0,female,9,1.57,49.9,0.0,0.0,<5
15.0,female,9,1.63,58.51,7.0,5.0,7
15.0,female,9,1.65,48.54,5.0,4.0,7
16.0,female,9,,,2.0,2.0,8
15.0,female,9,,,7.0,6.0,6
15.0,female,9,1.63,49.9,7.0,7.0,7
15.0,female,9,1.55,54.43,4.0,0.0,6
15.0,male,9,1.73,56.7,6.0,6.0,7
14.0,male,9,1.7,52.16,2.0,1.0,9
16.0,male,10,1.68,44.0,0.0,2.0,8
14.0,male,9,1.68,49.9,7.0,5.0,5
15.0,male,9,1.85,63.5,3.0,7.0,9
16.0,male,10,1.96,81.65,2.0,2.0,7
14.0,male,9,1.7,68.04,7.0,7.0,8
18.0,male,12,1.73,54.43,0.0,1.0,7
18.0,male,12,1.4,58.06,5.0,5.0,8
17.0,male,11,,,2.0,3.0,9
15.0,male,9,1.78,63.05,7.0,6.0,6
14.0,male,9,1.73,72.58,7.0,7.0,7
18.0,female,12,1.7,72.58,5.0,5.0,7
18.0,female,12,1.73,68.04,7.0,7.0,8
17.0,female,12,1.63,47.63,0.0,2.0,8
18.0,female,12,1.73,53.07,4.0,2.0,7
18.0,female,12,1.57,52.62,2.0,0.0,6
18.0,female,12,1.6,58.06,0.0,0.0,5
17.0,female,12,1.75,73.94,5.0,1.0,9
17.0,female,12,1.52,44.45,0.0,0.0,5
18.0,female,12,1.6,74.84,4.0,2.0,8
18.0,male,12,1.78,106.6,3.0,0.0,7
17.0,male,12,1.78,65.77,4.0,0.0,6
17.0,male,12,1.75,79.38,7.0,7.0,7
18.0,male,12,1.83,76.2,5.0,5.0,7
18.0,male,12,1.7,84.37,2.0,2.0,5
18.0,male,12,1.88,87.54,7.0,5.0,5
18.0,male,12,1.75,68.04,7.0,3.0,6
18.0,male,12,1.83,79.38,5.0,6.0,8
18.0,male,12,1.73,81.19,5.0,5.0,6
18.0,male,12,1.85,92.99,7.0,7.0,6
18.0,male,12,1.78,85.73,0.0,0.0,6
18.0,male,12,1.63,50.8,4.0,,6
18.0,male,12,1.75,68.04,5.0,4.0,7
18.0,male,12,1.83,74.84,2.0,4.0,8
18.0,male,12,1.9,120.2,5.0,5.0,6
18.0,male,12,1.78,74.84,7.0,7.0,8
18.0,male,12,1.8,77.11,0.0,1.0,5
17.0,male,12,1.8,89.36,0.0,0.0,7
18.0,male,12,1.85,65.77,4.0,4.0,8
18.0,male,12,1.85,66.23,0.0,0.0,<5
16.0,female,10,1.68,58.97,7.0,6.0,7
16.0,female,10,1.68,58.97,5.0,5.0,7
15.0,female,10,1.6,56.25,2.0,6.0,8
16.0,female,10,1.65,42.18,2.0,2.0,<5
16.0,female,10,1.57,45.36,0.0,1.0,7
16.0,female,10,1.7,53.07,1.0,0.0,6
16.0,female,10,1.68,63.5,3.0,3.0,7
16.0,female,10,1.73,72.58,7.0,5.0,9
17.0,female,10,1.65,72.58,0.0,0.0,<5
16.0,female,10,1.57,68.04,2.0,1.0,5
16.0,female,10,1.63,72.58,5.0,2.0,7
17.0,male,11,1.78,72.58,7.0,3.0,<5
15.0,male,10,1.75,63.5,6.0,2.0,7
17.0,male,10,1.68,73.48,3.0,4.0,8
16.0,male,10,1.9,89.81,7.0,7.0,8
16.0,male,10,1.73,65.77,7.0,3.0,7
16.0,male,10,1.78,61.24,7.0,7.0,6
16.0,male,10,1.8,63.5,7.0,1.0,9
16.0,male,10,1.7,56.7,5.0,6.0,8
16.0,male,10,1.73,68.04,6.0,6.0,7
16.0,male,10,1.73,68.04,7.0,5.0,7
16.0,male,10,1.78,68.04,7.0,0.0,9
16.0,male,10,1.83,79.38,7.0,7.0,7
16.0,male,10,1.75,63.5,7.0,7.0,7
15.0,male,10,1.9,136.08,0.0,0.0,5
17.0,female,11,1.63,63.5,7.0,4.0,6
17.0,female,11,1.57,54.43,0.0,0.0,8
17.0,female,11,1.6,61.24,7.0,7.0,<5
16.0,female,11,1.65,69.85,4.0,3.0,8
16.0,female,11,1.57,49.9,0.0,0.0,8
16.0,female,11,1.63,57.15,2.0,0.0,6
16.0,female,11,1.68,73.48,3.0,2.0,7
17.0,female,11,1.57,54.43,7.0,6.0,9
17.0,female,11,1.65,76.2,6.0,6.0,8
16.0,female,11,1.7,59.88,7.0,2.0,6
16.0,female,11,1.55,65.77,2.0,0.0,7
17.0,female,11,1.68,69.85,7.0,2.0,5
16.0,female,11,1.68,56.7,0.0,0.0,6
17.0,female,11,1.68,58.06,4.0,3.0,6
16.0,male,11,1.8,68.95,4.0,4.0,7
17.0,male,11,1.88,95.71,7.0,3.0,<5
17.0,male,11,1.75,81.65,7.0,4.0,6
17.0,male,11,1.73,54.43,0.0,0.0,6
17.0,male,11,1.57,51.26,6.0,6.0,7
17.0,male,11,1.88,89.81,7.0,7.0,8
17.0,male,11,1.8,68.04,6.0,5.0,7
18.0,male,11,1.8,102.06,4.0,1.0,7
16.0,male,11,1.68,99.79,5.0,0.0,7
17.0,male,11,1.85,102.06,4.0,4.0,7
17.0,male,11,1.78,72.58,4.0,3.0,7
17.0,male,11,1.75,64.86,7.0,0.0,7
,male,,,,3.0,4.0,7
17.0,male,11,1.83,71.67,7.0,7.0,6
15.0,male,9,1.8,68.04,7.0,7.0,9
15.0,male,9,1.88,72.58,3.0,0.0,6
15.0,male,9,1.8,127.01,3.0,2.0,7
14.0,male,9,1.75,63.5,2.0,2.0,8
14.0,male,9,1.78,77.11,7.0,7.0,9
15.0,male,9,1.73,64.86,0.0,0.0,5
15.0,male,9,1.83,77.11,7.0,7.0,5
15.0,male,9,,,3.0,7.0,6
15.0,male,9,1.75,54.89,7.0,7.0,8
14.0,male,9,1.68,50.8,2.0,4.0,7
15.0,male,9,1.6,51.26,7.0,7.0,8
15.0,female,9,1.6,45.36,7.0,7.0,7
15.0,female,9,1.52,58.06,2.0,6.0,<5
15.0,female,9,1.6,61.24,7.0,3.0,7
14.0,female,9,1.52,65.77,5.0,1.0,6
15.0,female,9,1.63,54.89,7.0,2.0,6
15.0,female,9,1.7,57.61,4.0,4.0,9
15.0,female,9,1.57,45.36,7.0,0.0,7
16.0,female,9,1.57,97.52,1.0,0.0,5
15.0,female,9,1.55,67.59,7.0,0.0,6
15.0,female,9,1.55,72.12,6.0,0.0,7
14.0,female,9,1.7,79.38,7.0,6.0,6
15.0,female,9,1.6,95.26,0.0,0.0,<5
15.0,female,9,1.65,52.16,6.0,3.0,8
18.0,female,12,1.63,67.13,4.0,0.0,5
17.0,female,12,1.68,56.7,6.0,4.0,7
17.0,female,12,1.7,54.43,4.0,0.0,7
18.0,female,12,1.63,95.71,1.0,0.0,6
18.0,female,12,1.63,58.51,6.0,6.0,6
17.0,female,12,1.75,58.97,3.0,2.0,6
17.0,female,12,1.6,56.7,0.0,2.0,9
17.0,female,12,1.73,56.7,2.0,0.0,6
17.0,female,12,1.7,63.05,2.0,0.0,7
17.0,female,12,1.63,48.99,5.0,5.0,6
18.0,female,12,1.63,70.31,1.0,1.0,7
18.0,female,12,1.6,58.97,4.0,4.0,6
18.0,female,12,1.65,82.56,7.0,7.0,9
18.0,female,12,1.68,58.97,3.0,0.0,7
17.0,male,12,,,7.0,7.0,8
18.0,male,12,1.83,73.03,7.0,0.0,7
18.0,male,12,1.75,72.58,2.0,0.0,7
18.0,male,12,1.85,79.38,3.0,0.0,9
18.0,male,12,1.78,70.31,5.0,4.0,
17.0,male,12,1.78,48.99,3.0,0.0,6
18.0,male,12,,,7.0,7.0,8
17.0,male,12,1.75,63.05,0.0,1.0,6
18.0,male,12,1.83,72.58,7.0,5.0,7
17.0,male,12,1.73,77.11,7.0,2.0,6
18.0,male,12,1.8,65.77,1.0,0.0,6
15.0,female,10,1.65,67.13,1.0,0.0,8
15.0,female,10,1.65,64.41,5.0,0.0,7
15.0,female,10,1.78,60.78,1.0,1.0,5
15.0,female,10,1.57,66.23,1.0,0.0,7
15.0,female,10,,,0.0,0.0,7
16.0,female,10,1.5,63.5,4.0,0.0,7
16.0,female,10,1.6,83.92,2.0,0.0,7
15.0,female,10,1.65,63.05,0.0,0.0,6
15.0,female,10,1.57,61.24,2.0,2.0,<5
16.0,male,10,,,1.0,0.0,6
16.0,male,10,1.68,62.6,7.0,2.0,7
16.0,male,10,1.8,95.26,4.0,2.0,8
15.0,male,10,1.8,68.04,5.0,0.0,6
16.0,male,10,1.65,124.74,0.0,0.0,6
15.0,male,10,1.78,108.86,0.0,0.0,8
17.0,male,10,1.73,70.31,3.0,4.0,7
15.0,male,10,1.75,70.31,7.0,7.0,7
16.0,male,10,1.75,77.11,5.0,0.0,6
16.0,male,9,1.8,55.79,7.0,7.0,6
16.0,male,10,1.7,87.54,6.0,7.0,9
17.0,male,12,1.8,78.02,7.0,0.0,7
17.0,male,12,1.75,61.24,0.0,0.0,5
18.0,male,12,1.8,89.36,2.0,0.0,<5
17.0,male,12,1.83,68.04,0.0,0.0,6
18.0,male,12,1.78,70.31,4.0,0.0,5
17.0,male,12,1.96,77.11,7.0,7.0,8
18.0,male,12,1.78,68.04,7.0,7.0,7
17.0,male,12,1.8,70.31,6.0,0.0,5
17.0,male,12,1.85,68.95,7.0,0.0,7
18.0,male,12,1.7,75.75,0.0,2.0,6
18.0,male,12,1.8,70.31,7.0,7.0,7
17.0,male,12,1.75,70.31,7.0,7.0,7
17.0,male,12,1.88,74.84,2.0,3.0,6
17.0,female,12,1.63,77.11,1.0,0.0,7
17.0,female,12,1.52,58.97,7.0,3.0,6
18.0,female,12,1.55,63.5,0.0,0.0,7
18.0,female,12,1.73,56.7,7.0,7.0,7
17.0,female,12,1.68,74.84,0.0,0.0,6
18.0,female,12,1.73,49.9,0.0,0.0,8
17.0,female,12,1.6,56.7,0.0,0.0,6
17.0,female,12,1.6,79.38,3.0,1.0,7
17.0,female,12,1.68,61.24,7.0,7.0,6
17.0,female,12,1.6,56.7,4.0,3.0,8
17.0,female,12,1.55,68.04,5.0,0.0,5
18.0,female,12,1.6,53.52,2.0,0.0,8
16.0,male,10,,,7.0,4.0,6
16.0,male,10,1.7,68.95,5.0,5.0,7
15.0,male,10,1.68,122.47,5.0,5.0,6
16.0,male,10,1.9,88.45,0.0,0.0,6
16.0,male,10,1.78,61.24,7.0,7.0,10+
16.0,male,10,1.78,68.04,7.0,7.0,8
16.0,male,10,,,7.0,7.0,5
16.0,male,10,1.85,97.07,7.0,7.0,6
15.0,male,10,1.73,58.97,4.0,4.0,8
16.0,male,10,1.9,110.68,1.0,1.0,6
16.0,male,10,2.06,122.02,3.0,2.0,5
16.0,male,10,1.75,68.04,0.0,2.0,8
15.0,female,10,1.6,63.96,6.0,6.0,8
15.0,female,10,1.63,52.16,6.0,5.0,8
15.0,female,10,1.6,104.33,2.0,7.0,<5
15.0,female,10,1.68,46.27,7.0,7.0,5
15.0,male,10,1.8,70.31,6.0,5.0,7
15.0,male,10,1.88,66.68,7.0,7.0,7
16.0,male,10,1.75,65.77,7.0,7.0,7
16.0,male,10,1.78,69.4,7.0,7.0,8
15.0,male,10,1.85,108.86,3.0,1.0,7
15.0,male,10,1.78,74.84,5.0,2.0,7
14.0,female,9,1.65,49.44,2.0,2.0,6
15.0,female,9,1.68,63.5,7.0,2.0,8
15.0,male,9,1.73,56.7,0.0,7.0,6
15.0,male,9,1.78,62.6,7.0,5.0,8
15.0,male,9,1.8,95.26,7.0,7.0,6
14.0,male,9,1.57,53.98,7.0,7.0,7
15.0,male,9,1.78,79.38,1.0,4.0,7
15.0,male,9,1.7,74.84,7.0,5.0,8
14.0,female,9,1.55,63.5,0.0,0.0,10+
14.0,female,9,1.57,72.58,3.0,5.0,7
14.0,female,9,1.75,89.81,2.0,3.0,7
15.0,female,9,1.6,58.51,3.0,3.0,6
14.0,female,9,1.73,61.69,7.0,5.0,5
14.0,female,9,1.6,70.31,2.0,2.0,7
15.0,female,9,1.6,54.43,4.0,6.0,5
14.0,female,9,1.68,58.97,7.0,7.0,7
15.0,female,9,1.68,63.5,7.0,5.0,6
14.0,female,9,1.5,63.5,7.0,7.0,7
15.0,female,9,1.73,77.11,5.0,5.0,8
15.0,female,9,1.55,61.24,2.0,0.0,8
16.0,female,9,1.45,40.82,3.0,5.0,<5
18.0,male,11,1.83,144.24,4.0,4.0,<5
17.0,male,11,1.68,70.31,0.0,7.0,9
17.0,male,11,1.85,83.92,5.0,2.0,7
17.0,male,11,1.63,72.58,1.0,3.0,7
16.0,male,11,1.9,113.4,7.0,0.0,8
17.0,male,11,1.83,85.73,7.0,7.0,8
16.0,male,11,1.73,61.24,7.0,5.0,8
17.0,male,11,1.83,67.13,5.0,5.0,6
17.0,male,11,1.7,90.72,2.0,0.0,5
17.0,female,11,1.68,127.01,2.0,0.0,7
16.0,female,11,1.57,70.31,0.0,0.0,6
16.0,female,11,1.57,112.49,0.0,0.0,7
17.0,female,11,1.73,99.79,0.0,0.0,6
16.0,female,11,,,0.0,0.0,<5
16.0,female,11,1.68,68.04,3.0,3.0,7
16.0,female,11,1.65,65.77,1.0,0.0,7
16.0,female,11,1.7,56.7,6.0,5.0,9
17.0,female,11,1.73,56.25,3.0,3.0,6
16.0,female,11,1.7,54.43,4.0,3.0,<5
17.0,female,11,1.73,76.2,0.0,0.0,10+
17.0,female,11,1.55,50.8,7.0,7.0,5
18.0,male,12,1.8,63.5,2.0,2.0,6
18.0,male,12,1.8,88.45,7.0,4.0,5
18.0,male,12,1.83,63.5,4.0,0.0,8
18.0,male,12,1.85,79.38,5.0,4.0,6
17.0,male,12,1.8,66.23,5.0,6.0,8
17.0,male,12,1.83,54.43,7.0,7.0,9
17.0,male,12,1.68,54.89,1.0,0.0,8
18.0,male,12,1.83,97.52,7.0,7.0,5
17.0,male,12,1.83,54.43,7.0,5.0,7
18.0,male,12,1.9,100.7,7.0,7.0,6
16.0,male,9,1.83,72.58,7.0,7.0,<5
18.0,female,12,1.6,47.63,0.0,4.0,6
17.0,female,12,1.7,59.42,5.0,0.0,7
18.0,female,12,1.6,47.63,5.0,2.0,8
18.0,female,12,1.63,72.58,0.0,0.0,5
17.0,female,12,1.73,73.03,1.0,0.0,7
17.0,female,12,1.6,45.36,3.0,0.0,6
17.0,female,12,1.65,59.88,5.0,0.0,6
18.0,female,12,1.65,70.31,2.0,0.0,5
17.0,female,12,1.68,77.11,1.0,1.0,<5
18.0,female,12,1.78,61.24,1.0,0.0,9
18.0,male,11,1.83,74.84,5.0,7.0,8
17.0,male,11,1.7,54.43,7.0,7.0,<5
17.0,male,11,1.96,88.45,7.0,5.0,7
17.0,male,11,1.88,77.11,0.0,0.0,<5
17.0,male,11,1.83,99.79,7.0,7.0,<5
17.0,male,11,1.75,74.39,2.0,7.0,9
17.0,male,11,1.68,61.24,3.0,0.0,7
17.0,male,11,1.7,88.45,,,
16.0,male,11,1.8,81.65,6.0,6.0,6
17.0,male,11,,,0.0,0.0,5
17.0,male,11,1.78,72.58,7.0,7.0,
18.0,male,11,1.7,95.26,7.0,7.0,6
17.0,male,11,,,0.0,0.0,5
18.0,male,11,1.8,100.7,7.0,0.0,9
17.0,male,11,1.73,63.5,0.0,0.0,7
16.0,male,11,1.78,88.45,7.0,7.0,
17.0,female,11,1.73,70.31,0.0,0.0,6
16.0,female,11,1.6,52.16,3.0,0.0,5
17.0,female,11,1.65,78.93,5.0,0.0,6
16.0,female,11,1.52,52.16,1.0,1.0,8
16.0,female,11,1.55,61.24,3.0,0.0,6
16.0,female,11,1.65,70.31,0.0,0.0,6
16.0,male,10,1.8,103.42,0.0,0.0,10+
16.0,male,10,1.83,99.79,7.0,7.0,6
16.0,male,10,1.83,64.86,1.0,5.0,8
16.0,male,10,1.75,99.79,7.0,7.0,7
15.0,male,10,1.93,113.4,4.0,7.0,6
16.0,male,10,1.9,90.72,7.0,0.0,6
16.0,male,10,1.8,68.49,7.0,7.0,7
16.0,male,10,1.65,63.5,1.0,2.0,5
17.0,male,10,1.7,91.63,6.0,1.0,9
16.0,female,10,1.57,66.23,4.0,2.0,7
16.0,female,10,1.52,82.56,1.0,2.0,7
16.0,female,10,1.63,65.77,0.0,0.0,7
16.0,female,10,1.63,53.52,0.0,0.0,8
15.0,female,10,1.57,70.31,2.0,2.0,6
15.0,female,10,1.6,69.85,0.0,0.0,7
15.0,female,10,1.55,53.52,5.0,4.0,<5
15.0,male,9,1.7,77.11,5.0,5.0,8
15.0,male,9,1.73,76.2,4.0,7.0,8
15.0,male,9,1.75,75.75,3.0,5.0,7
15.0,male,9,1.8,113.4,6.0,6.0,8
14.0,male,9,1.68,72.58,7.0,7.0,8
15.0,female,9,1.55,58.06,1.0,0.0,6
15.0,female,9,1.63,58.97,3.0,0.0,7
14.0,female,9,1.6,62.6,4.0,4.0,6
15.0,female,9,1.63,58.97,2.0,3.0,5
16.0,female,9,1.57,46.27,5.0,5.0,10+
15.0,female,9,1.7,97.52,5.0,5.0,8
15.0,female,9,1.57,52.16,4.0,4.0,7
15.0,female,9,1.63,61.24,0.0,2.0,6
15.0,female,9,1.65,69.85,1.0,5.0,9
16.0,female,9,1.55,49.9,2.0,2.0,7
15.0,female,9,1.68,73.03,0.0,4.0,7
14.0,female,9,1.55,51.71,2.0,2.0,5
16.0,male,11,1.78,69.4,7.0,7.0,5
17.0,male,11,1.96,83.92,4.0,4.0,6
17.0,male,11,,,6.0,4.0,8
16.0,male,11,1.85,96.16,3.0,4.0,9
16.0,male,11,1.7,56.7,7.0,3.0,7
17.0,male,11,1.85,78.02,7.0,7.0,8
18.0,male,11,1.7,69.4,3.0,0.0,8
17.0,male,11,1.75,64.86,7.0,4.0,8
16.0,male,11,1.7,80.74,7.0,7.0,7
17.0,male,11,1.85,68.04,3.0,3.0,<5
17.0,male,11,1.83,92.53,6.0,4.0,8
16.0,male,11,1.7,122.47,0.0,0.0,5
16.0,female,11,1.63,65.77,7.0,7.0,5
16.0,female,11,1.57,68.04,1.0,2.0,6
17.0,female,11,1.7,88.91,2.0,3.0,6
16.0,female,11,1.5,61.24,4.0,2.0,6
16.0,female,11,1.63,65.77,7.0,2.0,7
17.0,female,11,1.73,56.7,5.0,2.0,8
17.0,female,11,1.68,58.06,1.0,0.0,9
16.0,female,11,1.63,56.25,2.0,0.0,6
16.0,female,11,1.65,56.7,3.0,0.0,9
16.0,female,11,1.6,64.86,1.0,0.0,5
17.0,female,11,1.57,81.65,2.0,3.0,5
15.0,female,9,1.68,96.62,3.0,0.0,10+
14.0,female,9,1.68,56.7,1.0,0.0,8
14.0,female,9,1.57,62.14,4.0,0.0,6
16.0,female,9,1.52,48.08,0.0,0.0,5
14.0,female,9,1.6,54.43,3.0,2.0,8
15.0,female,9,1.68,104.33,0.0,0.0,6
15.0,female,9,1.63,63.05,3.0,0.0,10+
15.0,female,9,1.65,61.69,7.0,5.0,7
15.0,male,9,1.88,112.04,5.0,5.0,6
16.0,male,9,1.55,111.59,0.0,7.0,8
14.0,male,9,1.78,57.15,7.0,5.0,7
16.0,male,9,1.83,115.67,6.0,7.0,6
15.0,male,9,1.78,63.5,1.0,0.0,8
14.0,male,9,1.93,97.52,7.0,5.0,7
16.0,male,9,1.83,85.28,1.0,7.0,5
15.0,male,9,1.8,79.83,5.0,4.0,8
14.0,male,9,1.96,117.94,2.0,0.0,8
15.0,male,9,1.75,62.14,4.0,4.0,8
14.0,male,9,1.75,60.78,5.0,6.0,8
14.0,male,9,1.6,59.88,5.0,5.0,9
15.0,male,9,1.78,54.43,0.0,7.0,8
15.0,male,9,1.85,66.68,7.0,5.0,7
17.0,male,10,1.83,111.13,7.0,5.0,5
16.0,female,10,,,2.0,2.0,5
16.0,male,10,1.85,102.51,0.0,0.0,5
15.0,male,10,1.7,60.78,5.0,4.0,9
16.0,male,10,1.83,95.26,2.0,1.0,<5
16.0,male,10,1.73,68.04,4.0,4.0,5
17.0,male,11,1.85,99.79,,,6
17.0,male,10,1.75,84.37,7.0,6.0,8
16.0,female,10,1.6,63.96,7.0,7.0,6
15.0,female,10,1.65,66.23,4.0,3.0,6
15.0,female,10,1.55,50.8,0.0,2.0,5
16.0,female,11,1.52,52.16,5.0,1.0,7
16.0,female,10,1.63,129.73,3.0,0.0,6
17.0,female,12,1.57,66.23,2.0,2.0,8
17.0,female,9,,,0.0,0.0,<5
18.0,female,12,1.6,69.85,2.0,0.0,7
17.0,female,12,,,2.0,3.0,8
17.0,female,12,1.57,58.06,7.0,7.0,<5
18.0,female,12,1.57,79.38,0.0,0.0,7
18.0,female,12,1.52,49.9,7.0,2.0,7
18.0,male,12,1.83,77.11,7.0,7.0,8
17.0,male,12,1.9,63.05,7.0,4.0,7
18.0,male,12,1.78,77.11,7.0,4.0,5
18.0,male,12,1.8,68.04,0.0,3.0,8
17.0,male,12,1.75,65.32,6.0,3.0,8
17.0,male,12,,,1.0,0.0,10+
16.0,female,11,1.68,52.16,7.0,2.0,6
16.0,male,11,1.8,116.12,0.0,0.0,6
18.0,male,12,1.85,68.04,7.0,7.0,5
16.0,male,11,1.75,74.84,4.0,0.0,7
17.0,male,11,1.68,72.58,0.0,2.0,<5
16.0,male,11,1.73,77.11,5.0,0.0,7
12.0,male,11,,,7.0,1.0,<5
16.0,male,11,1.73,83.92,1.0,0.0,7
16.0,male,11,1.68,62.6,2.0,0.0,8
17.0,male,11,1.78,65.77,4.0,7.0,7
17.0,male,11,1.73,78.02,4.0,4.0,7
16.0,male,11,1.88,117.94,5.0,6.0,6
17.0,male,11,1.88,58.51,0.0,0.0,7
17.0,male,11,1.78,87.09,7.0,7.0,5
16.0,male,11,1.78,77.11,4.0,0.0,7
18.0,female,11,1.57,43.55,2.0,2.0,5
16.0,female,11,1.6,57.61,2.0,0.0,5
16.0,female,11,1.68,74.84,0.0,2.0,6
16.0,female,11,1.68,46.72,0.0,0.0,7
16.0,female,11,1.55,57.15,4.0,0.0,6
17.0,female,11,1.57,54.89,0.0,0.0,9
17.0,female,11,1.55,40.82,0.0,0.0,8
16.0,female,11,1.52,49.44,5.0,0.0,7
18.0,female,11,1.73,65.77,1.0,0.0,<5
17.0,female,11,1.68,56.7,3.0,2.0,5
17.0,female,11,1.57,61.69,3.0,3.0,<5
18.0,male,12,1.88,69.85,7.0,6.0,5
18.0,male,12,1.8,53.52,3.0,0.0,7
18.0,male,12,1.8,82.56,0.0,0.0,5
18.0,male,12,1.9,92.08,6.0,5.0,6
18.0,male,12,1.78,63.5,5.0,0.0,<5
18.0,male,12,1.88,95.26,3.0,1.0,6
17.0,male,12,1.85,99.79,0.0,0.0,6
18.0,male,12,1.83,92.08,6.0,2.0,6
18.0,male,12,1.78,74.84,0.0,0.0,5
18.0,male,12,1.78,81.65,3.0,0.0,5
18.0,male,12,1.73,95.26,1.0,1.0,6
18.0,male,12,1.78,116.12,5.0,5.0,8
18.0,male,12,1.73,77.11,7.0,5.0,6
18.0,male,12,1.73,104.33,6.0,1.0,6
18.0,female,12,1.65,92.99,1.0,2.0,6
17.0,female,12,1.63,56.7,6.0,6.0,8
17.0,female,12,1.57,65.77,0.0,0.0,6
18.0,female,12,1.6,72.58,4.0,0.0,<5
17.0,female,12,1.75,115.21,5.0,0.0,8
17.0,female,12,1.6,58.06,2.0,0.0,6
17.0,female,12,1.73,65.77,0.0,0.0,5
18.0,female,12,1.55,61.24,5.0,5.0,8
18.0,female,12,1.65,117.94,4.0,0.0,5
18.0,female,12,1.6,45.36,2.0,7.0,5
18.0,female,12,1.55,47.63,4.0,5.0,<5
17.0,female,12,1.6,95.26,1.0,1.0,6
16.0,male,10,1.7,63.5,6.0,6.0,7
16.0,male,10,1.85,127.01,,,
16.0,male,10,1.73,58.97,6.0,1.0,8
15.0,male,10,1.8,95.26,4.0,4.0,8
15.0,male,10,1.7,71.67,1.0,2.0,7
14.0,male,9,1.73,58.97,7.0,4.0,8
15.0,male,10,1.9,111.13,7.0,5.0,8
14.0,male,9,1.73,70.31,2.0,3.0,9
16.0,male,10,1.83,74.84,5.0,5.0,7
15.0,male,10,1.8,81.65,6.0,3.0,8
16.0,male,10,1.83,72.58,6.0,0.0,7
,female,,,,1.0,0.0,7
16.0,female,10,1.7,63.5,2.0,0.0,7
15.0,female,10,1.57,54.43,4.0,5.0,6
16.0,female,10,1.7,64.41,0.0,0.0,8
16.0,female,10,1.7,61.24,7.0,5.0,6
15.0,female,10,1.75,113.4,3.0,0.0,<5
15.0,female,10,1.73,75.75,0.0,7.0,8
16.0,female,10,1.75,88.45,0.0,0.0,5
16.0,female,10,1.6,61.24,0.0,0.0,5
16.0,female,10,1.52,54.43,7.0,7.0,8
16.0,female,10,1.63,56.7,0.0,0.0,6
16.0,female,10,1.57,56.7,3.0,3.0,5
15.0,female,10,1.68,65.77,0.0,2.0,7
15.0,female,10,1.7,71.67,7.0,7.0,8
16.0,female,10,1.68,56.7,6.0,4.0,6
14.0,female,9,1.57,49.44,7.0,5.0,<5
16.0,female,10,1.73,72.58,6.0,6.0,7
15.0,male,9,1.8,72.58,7.0,4.0,7
15.0,male,9,1.83,74.84,3.0,0.0,5
15.0,male,9,1.7,58.97,2.0,0.0,<5
15.0,male,9,1.7,85.73,0.0,0.0,7
15.0,male,9,1.9,109.32,2.0,1.0,8
15.0,male,9,1.6,41.73,4.0,3.0,7
15.0,male,9,1.75,68.04,3.0,1.0,8
16.0,male,9,1.78,77.57,2.0,1.0,8
14.0,male,9,1.68,72.58,6.0,4.0,8
15.0,female,9,1.63,56.7,4.0,4.0,8
15.0,female,9,1.55,54.89,7.0,7.0,8
15.0,female,9,1.65,69.4,4.0,0.0,5
15.0,female,9,1.27,58.06,0.0,0.0,8
14.0,female,9,1.65,63.5,4.0,2.0,7
15.0,female,9,1.63,41.73,1.0,0.0,6
15.0,female,9,1.7,52.16,7.0,7.0,5
15.0,female,9,1.75,68.04,0.0,3.0,8
15.0,female,9,1.63,70.31,5.0,5.0,6
14.0,female,9,1.57,44.0,5.0,3.0,7
15.0,female,9,1.57,44.0,7.0,0.0,5
15.0,female,9,1.63,53.52,3.0,4.0,7
15.0,female,9,1.57,50.8,1.0,0.0,6
14.0,female,9,1.57,47.17,7.0,6.0,8
15.0,female,9,1.57,62.14,3.0,1.0,6
14.0,female,9,1.55,46.72,6.0,4.0,7
14.0,female,9,1.57,56.7,2.0,2.0,9
14.0,female,9,1.7,49.44,2.0,2.0,7
15.0,female,9,1.55,59.88,3.0,3.0,5
15.0,female,9,1.68,83.01,2.0,1.0,10+
18.0,female,12,1.73,63.5,7.0,4.0,6
17.0,female,12,1.63,56.7,0.0,0.0,7
18.0,female,12,1.6,99.79,3.0,0.0,6
18.0,female,12,,,2.0,0.0,6
17.0,female,12,1.57,106.6,0.0,1.0,9
18.0,female,12,1.63,74.84,5.0,0.0,7
17.0,female,12,1.7,52.16,0.0,0.0,8
18.0,female,12,1.65,47.63,0.0,0.0,7
18.0,female,12,1.63,83.92,3.0,1.0,<5
17.0,male,12,1.78,68.04,1.0,0.0,7
17.0,male,12,1.78,104.33,3.0,0.0,8
17.0,male,12,1.88,80.74,7.0,6.0,6
18.0,male,12,1.78,70.31,1.0,0.0,6
17.0,male,12,1.7,75.3,5.0,1.0,7
17.0,male,12,1.88,68.04,0.0,7.0,7
18.0,male,12,1.83,72.58,4.0,7.0,6
16.0,male,12,1.7,50.8,0.0,0.0,6
17.0,male,12,1.73,65.77,0.0,0.0,6
18.0,male,12,1.8,85.73,6.0,3.0,7
18.0,male,12,1.7,51.26,7.0,7.0,6
18.0,male,12,1.83,70.31,5.0,0.0,7
14.0,male,9,1.68,60.78,4.0,0.0,7
15.0,male,9,1.6,85.28,4.0,3.0,5
14.0,male,9,,,4.0,0.0,7
15.0,male,9,1.73,65.77,7.0,5.0,8
15.0,male,9,1.68,47.17,7.0,7.0,9
16.0,male,9,1.83,80.74,4.0,0.0,8
14.0,male,9,1.73,63.5,5.0,5.0,<5
14.0,male,9,1.73,65.77,7.0,6.0,6
14.0,male,9,1.68,63.05,7.0,7.0,8
14.0,male,9,1.83,113.4,4.0,2.0,6
15.0,male,9,1.68,80.74,5.0,5.0,6
15.0,male,9,1.8,66.68,3.0,7.0,7
15.0,male,9,1.9,104.33,6.0,6.0,9
14.0,female,9,1.7,71.67,4.0,4.0,5
14.0,female,9,1.65,60.78,6.0,6.0,7
15.0,female,9,,,0.0,0.0,<5
15.0,female,9,1.8,86.18,1.0,0.0,9
15.0,female,9,1.65,87.54,3.0,0.0,6
16.0,female,9,1.63,83.46,0.0,0.0,6
15.0,female,9,1.7,79.38,3.0,2.0,5
15.0,female,9,1.55,56.7,4.0,2.0,7
15.0,female,9,1.65,61.69,0.0,0.0,6
14.0,female,9,1.6,89.36,0.0,0.0,7
15.0,female,9,1.57,53.52,7.0,7.0,8
15.0,female,10,1.73,58.51,3.0,5.0,6
15.0,female,10,1.73,63.5,6.0,6.0,6
16.0,female,10,1.6,72.58,3.0,5.0,8
15.0,female,10,1.63,59.88,0.0,0.0,7
16.0,female,10,1.6,49.9,7.0,2.0,7
16.0,female,10,1.65,79.38,3.0,1.0,7
16.0,female,10,1.6,49.9,0.0,0.0,6
16.0,female,10,1.57,69.4,0.0,0.0,7
15.0,female,10,1.5,39.46,2.0,2.0,7
17.0,female,10,1.63,56.7,6.0,1.0,7
16.0,female,10,1.7,58.97,7.0,7.0,5
15.0,female,10,1.83,76.2,3.0,2.0,7
17.0,female,10,1.68,58.97,6.0,2.0,6
15.0,female,10,1.57,50.8,6.0,6.0,8
15.0,female,10,1.57,52.16,0.0,0.0,6
17.0,female,10,1.65,57.61,3.0,2.0,6
16.0,male,10,1.88,90.72,7.0,7.0,6
16.0,male,10,1.9,78.02,7.0,4.0,8
16.0,male,10,1.7,71.67,6.0,6.0,7
15.0,male,10,1.75,61.69,1.0,5.0,7
16.0,male,10,1.78,83.92,6.0,6.0,8
16.0,male,10,1.88,68.04,7.0,7.0,10+
16.0,male,10,1.73,70.76,5.0,5.0,7
16.0,male,10,1.78,67.59,7.0,7.0,9
15.0,male,10,1.8,88.45,7.0,7.0,6
17.0,male,10,1.83,71.67,6.0,1.0,7
17.0,male,10,1.8,63.5,7.0,7.0,8
17.0,female,11,1.6,51.26,0.0,0.0,<5
17.0,female,11,1.65,63.5,1.0,0.0,<5
16.0,female,11,,,,,6
16.0,female,11,1.52,44.45,0.0,0.0,8
16.0,female,11,1.68,57.15,7.0,7.0,6
17.0,female,11,1.57,57.15,5.0,5.0,6
16.0,male,11,1.88,78.02,3.0,0.0,6
18.0,male,11,1.83,95.71,6.0,5.0,7
16.0,male,11,1.8,122.47,7.0,7.0,5
17.0,male,11,1.78,109.77,2.0,0.0,7
17.0,male,11,1.85,94.8,0.0,0.0,8
17.0,male,11,1.68,107.05,7.0,5.0,10+
18.0,male,11,1.68,74.84,2.0,3.0,7
17.0,male,11,1.9,122.47,0.0,1.0,7
18.0,male,11,1.75,72.58,7.0,7.0,6
17.0,male,11,1.73,79.38,5.0,6.0,7
17.0,male,11,,,5.0,5.0,7
18.0,male,11,1.83,107.5,7.0,7.0,6
17.0,male,11,1.73,73.48,5.0,3.0,8
16.0,male,11,,,4.0,0.0,8
17.0,male,11,1.85,127.01,7.0,7.0,<5
17.0,male,11,1.75,63.5,2.0,5.0,6
15.0,male,9,1.7,58.97,,,8
15.0,male,9,1.68,58.97,0.0,0.0,<5
15.0,male,9,1.7,61.24,3.0,3.0,8
15.0,male,9,1.65,58.97,,,
14.0,male,9,1.6,99.79,4.0,4.0,7
14.0,male,9,1.6,54.43,5.0,5.0,5
14.0,male,9,1.73,58.51,,,
15.0,male,9,,,1.0,7.0,9
15.0,male,9,1.73,58.06,0.0,2.0,8
14.0,male,9,1.68,54.89,7.0,7.0,
15.0,male,10,1.63,63.5,0.0,0.0,5
14.0,male,9,1.68,57.61,3.0,4.0,5
15.0,male,9,1.63,54.89,7.0,3.0,10+
15.0,male,9,1.7,56.7,5.0,7.0,5
14.0,male,9,1.75,89.81,4.0,3.0,<5
14.0,male,9,1.68,63.5,0.0,0.0,5
15.0,male,9,1.83,61.24,1.0,1.0,8
14.0,male,9,1.65,54.89,,,
14.0,male,9,1.75,58.97,7.0,7.0,9
15.0,male,11,1.7,77.11,7.0,0.0,6
14.0,male,9,1.68,58.06,6.0,4.0,7
14.0,male,9,1.68,75.3,,,
14.0,male,9,,,2.0,7.0,8
17.0,male,11,1.8,71.67,0.0,0.0,<5
17.0,male,11,1.75,83.92,7.0,7.0,6
16.0,male,10,1.6,62.14,1.0,3.0,6
15.0,male,10,1.73,68.04,7.0,1.0,5
14.0,male,9,1.6,49.9,7.0,7.0,5
15.0,male,9,1.63,44.45,7.0,6.0,8
15.0,male,10,1.8,84.37,0.0,0.0,<5
16.0,male,9,,,0.0,0.0,9
15.0,male,9,1.7,61.24,4.0,0.0,6
15.0,male,9,1.7,61.24,,,
16.0,male,10,1.57,122.47,0.0,0.0,9
14.0,male,9,1.7,80.74,1.0,2.0,5
17.0,male,12,1.8,56.7,6.0,0.0,7
15.0,male,9,1.65,58.97,5.0,4.0,<5
14.0,male,9,,,0.0,3.0,5
16.0,male,11,1.75,58.97,7.0,3.0,8
15.0,male,9,,,0.0,0.0,<5
18.0,male,9,1.93,124.74,3.0,1.0,9
14.0,male,9,1.65,60.78,7.0,3.0,7
12.0,male,other,,,5.0,5.0,10+
15.0,male,9,1.78,58.97,4.0,0.0,<5
17.0,female,12,1.6,52.16,2.0,0.0,6
14.0,female,9,1.55,44.45,0.0,0.0,8
18.0,female,12,1.5,51.26,0.0,0.0,5
14.0,female,9,1.7,60.33,0.0,0.0,7
14.0,female,9,,,7.0,5.0,8
15.0,female,9,1.65,72.58,7.0,7.0,8
18.0,female,12,1.8,77.11,0.0,0.0,<5
17.0,female,11,1.65,70.31,0.0,0.0,6
17.0,female,12,1.75,63.5,1.0,0.0,<5
17.0,female,12,1.7,77.57,2.0,0.0,6
15.0,female,9,1.65,61.24,6.0,0.0,8
17.0,female,12,1.63,61.24,,,
17.0,female,12,1.55,50.35,0.0,0.0,6
14.0,female,9,1.52,39.01,2.0,2.0,6
15.0,female,9,1.57,72.58,,,
15.0,male,9,1.7,61.24,7.0,7.0,8
14.0,male,9,1.7,56.7,4.0,4.0,6
15.0,male,10,1.88,81.19,6.0,4.0,5
16.0,male,11,1.65,49.9,4.0,4.0,7
18.0,male,12,1.73,58.97,5.0,2.0,5
18.0,male,12,1.6,65.77,4.0,3.0,6
17.0,male,12,1.65,54.43,0.0,0.0,5
16.0,male,11,1.78,71.22,3.0,6.0,8
15.0,female,10,1.55,54.43,0.0,0.0,5
18.0,female,12,1.55,45.36,2.0,2.0,5
17.0,female,12,1.55,52.62,0.0,0.0,6
16.0,female,11,,,0.0,2.0,10+
18.0,female,12,1.65,58.97,2.0,2.0,6
16.0,female,11,1.63,54.43,7.0,0.0,8
17.0,female,12,1.63,56.7,,,5
18.0,female,12,,,,,
17.0,female,11,1.52,60.33,3.0,0.0,6
17.0,female,12,,,0.0,0.0,<5
16.0,female,11,1.55,67.13,4.0,4.0,<5
17.0,female,12,1.65,56.25,7.0,2.0,6
17.0,female,12,1.63,43.55,2.0,0.0,<5
17.0,female,12,1.6,42.18,7.0,0.0,<5
16.0,male,11,1.65,62.6,,,
17.0,male,11,1.83,70.31,7.0,7.0,
15.0,male,10,1.7,52.16,2.0,2.0,6
16.0,male,10,,,0.0,0.0,5
15.0,male,10,1.8,65.77,7.0,0.0,6
15.0,male,10,1.57,45.81,7.0,7.0,6
18.0,male,12,1.75,80.74,1.0,1.0,6
18.0,male,12,1.8,80.74,7.0,0.0,8
15.0,male,10,,,1.0,2.0,8
17.0,male,11,1.73,72.58,5.0,3.0,5
17.0,male,11,,,,,
17.0,male,11,1.68,60.33,1.0,2.0,7
16.0,male,11,1.68,70.31,,7.0,5
17.0,male,12,1.7,63.5,4.0,3.0,6
15.0,male,10,1.6,54.43,0.0,0.0,8
15.0,male,10,1.7,77.11,7.0,7.0,<5
17.0,male,11,1.68,68.04,0.0,0.0,6
16.0,male,10,1.68,58.97,3.0,1.0,6
16.0,male,10,1.73,72.58,5.0,0.0,6
17.0,male,11,1.78,74.39,7.0,7.0,7
16.0,male,11,1.75,77.11,3.0,3.0,6
15.0,male,10,1.65,76.66,7.0,7.0,8
16.0,male,11,1.83,104.33,4.0,7.0,<5
14.0,male,9,,,2.0,1.0,<5
15.0,male,9,1.73,55.34,2.0,3.0,7
16.0,male,10,1.6,51.26,4.0,0.0,8
16.0,male,10,,,4.0,4.0,7
16.0,female,10,1.57,70.31,3.0,5.0,5
15.0,female,9,1.65,73.48,6.0,7.0,7
15.0,female,10,1.65,54.43,4.0,4.0,
14.0,female,9,1.68,70.76,0.0,0.0,10+
15.0,female,9,1.65,53.98,2.0,1.0,<5
15.0,female,9,1.57,56.7,4.0,4.0,5
14.0,female,9,1.57,52.62,0.0,0.0,9
15.0,female,9,1.42,46.72,0.0,0.0,7
15.0,female,10,1.47,44.45,3.0,3.0,7
17.0,female,11,1.63,54.43,2.0,2.0,8
15.0,female,9,1.5,77.11,5.0,5.0,5
17.0,female,12,1.68,99.79,2.0,2.0,9
15.0,female,10,1.57,67.59,1.0,0.0,6
16.0,female,10,1.73,55.79,3.0,0.0,9
17.0,female,12,1.57,83.92,0.0,2.0,<5
15.0,female,10,1.5,72.58,1.0,1.0,<5
17.0,female,11,1.63,61.24,7.0,0.0,5
16.0,female,11,1.52,49.9,7.0,0.0,6
16.0,female,10,1.73,68.95,2.0,2.0,6
16.0,male,10,1.63,52.16,7.0,7.0,7
16.0,male,10,1.73,64.86,4.0,7.0,5
17.0,male,11,1.7,63.05,7.0,4.0,8
16.0,male,10,1.7,58.97,7.0,4.0,5
16.0,male,11,1.8,77.11,4.0,6.0,8
16.0,male,11,1.73,56.7,5.0,5.0,6
16.0,male,10,1.6,81.65,2.0,2.0,7
16.0,male,10,1.63,70.76,4.0,3.0,5
17.0,male,10,1.75,54.89,5.0,3.0,5
15.0,male,10,1.75,76.66,3.0,1.0,7
17.0,male,12,1.73,65.77,7.0,3.0,7
16.0,male,10,1.7,58.97,7.0,5.0,6
16.0,male,11,1.98,99.34,1.0,2.0,6
15.0,male,9,1.75,55.34,4.0,4.0,9
15.0,male,9,1.78,68.04,7.0,7.0,7
,male,,,,,7.0,6
15.0,male,9,1.65,66.23,7.0,7.0,8
15.0,male,9,1.63,64.86,1.0,2.0,7
16.0,male,9,1.65,58.51,,,10+
14.0,male,9,1.6,49.9,0.0,0.0,8
15.0,male,9,1.8,91.17,2.0,1.0,6
14.0,male,9,1.8,58.97,6.0,2.0,9
15.0,male,9,1.7,56.7,4.0,3.0,8
14.0,male,9,1.7,49.9,4.0,7.0,7
15.0,male,9,1.7,54.43,0.0,0.0,5
15.0,male,9,1.85,86.18,,,
14.0,male,9,1.75,55.79,0.0,0.0,5
16.0,male,9,1.78,86.18,4.0,5.0,
13.0,female,9,1.65,62.6,0.0,0.0,7
14.0,female,9,,,1.0,0.0,9
14.0,female,9,1.57,59.88,7.0,7.0,6
14.0,female,9,1.65,68.04,0.0,0.0,9
14.0,female,9,1.57,55.34,4.0,4.0,6
15.0,female,9,1.65,61.24,3.0,3.0,6
14.0,female,9,,,3.0,2.0,5
14.0,female,9,1.57,49.9,5.0,6.0,8
14.0,female,9,1.6,56.25,0.0,0.0,7
15.0,female,9,1.65,59.42,1.0,3.0,
16.0,female,9,1.7,85.73,2.0,2.0,7
14.0,female,9,1.63,75.75,5.0,3.0,6
,male,,,,,,
17.0,male,11,1.8,91.63,,,
16.0,male,10,,,7.0,3.0,6
17.0,male,12,1.63,57.61,,,
17.0,male,11,1.73,88.91,4.0,4.0,7
17.0,male,11,,,4.0,4.0,5
17.0,male,12,,,,,
15.0,male,10,1.75,81.65,5.0,6.0,7
17.0,male,11,1.85,83.92,5.0,2.0,6
17.0,male,10,1.6,54.43,3.0,3.0,6
16.0,male,11,1.8,70.76,3.0,4.0,8
18.0,male,12,1.88,82.56,7.0,7.0,<5
16.0,female,11,,,0.0,0.0,5
16.0,female,10,1.6,52.16,1.0,0.0,5
16.0,female,11,1.57,61.69,0.0,1.0,5
16.0,female,11,1.52,77.11,0.0,0.0,6
17.0,female,11,1.7,58.97,2.0,6.0,8
17.0,female,11,1.57,48.08,3.0,3.0,
18.0,female,12,1.63,48.54,2.0,2.0,9
16.0,female,11,1.73,90.72,,,10+
17.0,female,11,1.65,63.96,0.0,0.0,6
16.0,female,11,1.65,61.24,0.0,0.0,5
16.0,female,11,1.52,74.84,7.0,7.0,
18.0,female,12,1.55,90.72,0.0,0.0,6
16.0,female,10,1.52,43.55,2.0,0.0,9
18.0,female,12,1.52,45.36,0.0,7.0,9
17.0,female,11,1.63,50.8,4.0,1.0,5
18.0,female,12,,,1.0,1.0,6
16.0,female,10,1.5,49.9,0.0,0.0,7
15.0,female,10,1.63,85.73,3.0,3.0,8
15.0,female,10,1.57,49.44,2.0,1.0,6
16.0,female,10,1.68,61.24,7.0,7.0,5
15.0,female,10,1.65,39.92,4.0,0.0,7
15.0,female,10,1.5,56.7,4.0,0.0,6
15.0,female,10,1.55,46.72,3.0,4.0,7
15.0,female,10,1.6,53.52,0.0,0.0,7
15.0,female,10,,,3.0,2.0,7
15.0,female,10,1.6,57.15,2.0,3.0,6
15.0,female,10,1.7,61.24,3.0,3.0,8
16.0,female,10,1.63,54.89,1.0,1.0,5
15.0,female,10,1.68,68.95,4.0,0.0,7
15.0,female,10,1.65,58.06,0.0,0.0,7
16.0,female,10,1.6,55.79,6.0,6.0,6
15.0,female,10,1.7,65.77,4.0,4.0,5
15.0,female,10,1.65,48.54,5.0,2.0,7
17.0,female,10,1.73,81.65,5.0,5.0,6
15.0,female,10,1.65,63.5,3.0,1.0,7
15.0,female,10,,,2.0,2.0,<5
15.0,female,10,1.63,45.36,5.0,5.0,6
15.0,female,10,1.6,55.79,2.0,0.0,<5
15.0,female,10,1.63,55.79,4.0,0.0,7
15.0,male,10,1.7,58.97,4.0,7.0,<5
15.0,male,10,1.68,58.97,7.0,7.0,5
15.0,male,10,1.8,79.38,5.0,5.0,6
15.0,male,10,,,1.0,3.0,7
16.0,male,10,1.68,54.43,2.0,0.0,7
15.0,male,10,1.75,74.84,0.0,2.0,6
16.0,male,10,1.75,60.78,7.0,7.0,6
15.0,male,10,1.63,54.43,3.0,3.0,5
17.0,male,11,1.83,88.45,7.0,7.0,<5
18.0,male,12,1.78,79.38,7.0,6.0,6
15.0,male,10,1.73,81.65,3.0,3.0,6
18.0,male,12,1.65,59.88,3.0,1.0,7
16.0,male,11,1.85,58.97,1.0,1.0,7
15.0,male,10,1.83,58.97,3.0,3.0,7
16.0,male,10,1.73,63.5,0.0,0.0,7
15.0,female,9,1.55,45.36,2.0,0.0,7
15.0,female,10,1.6,63.05,5.0,5.0,6
15.0,female,10,1.5,74.84,1.0,2.0,8
16.0,female,10,1.55,74.84,6.0,0.0,5
17.0,male,12,,,6.0,3.0,5
15.0,male,10,1.7,63.5,3.0,3.0,8
17.0,male,12,,,5.0,5.0,7
17.0,female,11,1.63,58.97,1.0,2.0,6
16.0,female,11,1.65,65.77,2.0,2.0,7
15.0,female,10,,,5.0,3.0,7
15.0,female,10,1.57,53.98,3.0,2.0,7
16.0,female,10,1.57,55.79,5.0,4.0,<5
18.0,female,12,1.52,58.51,7.0,0.0,6
15.0,female,10,1.57,58.06,5.0,7.0,6
16.0,female,10,1.73,68.04,4.0,1.0,6
16.0,female,11,1.63,54.43,6.0,2.0,5
15.0,female,10,1.63,59.42,0.0,0.0,8
15.0,female,10,1.6,73.48,1.0,4.0,5
15.0,male,10,1.73,53.52,7.0,7.0,8
15.0,male,10,1.63,66.23,3.0,4.0,6
15.0,male,9,1.75,66.23,1.0,3.0,7
15.0,male,10,1.73,71.22,6.0,3.0,8
17.0,male,12,1.88,104.33,7.0,4.0,6
16.0,male,10,1.78,55.79,6.0,0.0,5
15.0,male,10,1.78,54.43,3.0,2.0,8
15.0,male,10,1.68,68.49,3.0,3.0,7
16.0,male,10,1.78,54.89,3.0,0.0,10+
18.0,male,12,1.78,60.78,2.0,3.0,<5
15.0,male,10,,,7.0,0.0,6
15.0,male,10,1.73,68.49,3.0,3.0,7
16.0,female,11,1.55,54.43,2.0,2.0,<5
15.0,female,10,1.65,51.71,0.0,0.0,9
16.0,female,10,1.5,52.16,3.0,3.0,9
15.0,female,10,1.57,58.97,0.0,0.0,6
17.0,female,12,1.63,72.58,0.0,1.0,6
15.0,female,9,1.57,81.65,1.0,1.0,6
15.0,female,10,1.7,56.7,0.0,3.0,6
16.0,female,10,1.63,54.43,2.0,1.0,<5
15.0,female,10,1.7,56.7,0.0,0.0,7
15.0,female,10,1.6,81.65,5.0,5.0,7
15.0,female,10,1.63,63.96,1.0,0.0,5
17.0,female,12,1.55,56.7,0.0,0.0,6
15.0,male,10,1.8,127.01,7.0,7.0,6
17.0,male,12,1.78,64.41,2.0,2.0,6
16.0,male,11,1.73,63.5,7.0,7.0,6
17.0,male,12,1.83,88.91,2.0,3.0,5
17.0,male,12,,,1.0,3.0,6
17.0,male,12,1.75,77.11,6.0,3.0,7
18.0,male,12,1.68,65.77,4.0,3.0,6
17.0,male,12,1.8,84.82,3.0,1.0,7
15.0,male,10,1.75,63.5,5.0,3.0,8
16.0,male,10,1.8,84.37,7.0,6.0,<5
17.0,male,12,1.85,61.24,5.0,7.0,8
17.0,male,12,1.7,64.86,7.0,7.0,
16.0,male,10,1.65,55.34,2.0,3.0,6
16.0,female,11,1.6,52.62,2.0,7.0,7
16.0,female,11,1.7,58.97,7.0,7.0,5
15.0,female,10,1.57,62.6,3.0,,8
15.0,female,10,1.7,43.09,7.0,5.0,7
16.0,female,11,1.57,78.02,2.0,0.0,5
16.0,female,11,1.6,65.77,7.0,7.0,8
16.0,female,11,1.6,61.69,0.0,0.0,
16.0,female,11,1.7,54.43,4.0,0.0,7
17.0,female,12,1.7,74.84,5.0,0.0,8
16.0,female,11,1.6,54.43,0.0,0.0,6
16.0,female,10,1.57,68.04,5.0,5.0,5
16.0,female,11,1.5,70.76,2.0,3.0,8
15.0,female,10,1.73,85.28,6.0,2.0,<5
16.0,male,10,1.7,61.69,,,
17.0,male,11,,,0.0,5.0,6
17.0,male,11,1.78,53.52,0.0,0.0,<5
17.0,male,12,1.65,61.24,2.0,1.0,5
17.0,male,12,1.8,63.05,,,
17.0,male,11,1.78,79.38,,,
17.0,male,12,1.75,75.75,5.0,5.0,7
17.0,male,12,1.7,62.6,3.0,3.0,8
15.0,male,10,1.8,76.66,1.0,3.0,5
18.0,male,12,1.68,54.43,7.0,4.0,8
17.0,male,12,1.75,61.24,3.0,3.0,7
16.0,male,11,1.85,74.84,2.0,2.0,6
15.0,male,9,1.73,58.97,7.0,7.0,9
14.0,male,9,1.96,80.29,4.0,2.0,7
14.0,male,9,1.55,85.28,1.0,7.0,5
14.0,male,9,1.8,108.86,5.0,2.0,9
15.0,male,9,,,,,
16.0,male,10,,,2.0,2.0,6
15.0,male,10,1.75,68.04,4.0,4.0,7
,male,,,,0.0,0.0,<5
14.0,male,9,1.7,79.83,7.0,7.0,8
15.0,male,9,1.78,63.5,4.0,7.0,8
14.0,male,9,1.83,66.23,2.0,7.0,8
15.0,male,9,,,1.0,0.0,7
14.0,male,9,1.6,43.55,3.0,3.0,5
15.0,female,9,1.65,58.97,1.0,1.0,<5
15.0,female,9,1.63,68.49,0.0,0.0,8
16.0,female,9,1.63,68.04,2.0,2.0,5
14.0,female,9,1.7,78.93,2.0,1.0,6
16.0,female,10,1.55,63.5,1.0,4.0,6
15.0,female,9,1.55,45.36,7.0,7.0,7
14.0,female,9,1.6,44.45,6.0,1.0,<5
15.0,female,9,1.57,74.84,3.0,4.0,6
14.0,female,9,,,3.0,3.0,8
14.0,female,9,1.7,49.9,1.0,2.0,5
15.0,female,9,1.63,64.86,0.0,0.0,9
14.0,female,9,1.55,59.88,2.0,3.0,5
14.0,female,9,1.55,49.9,1.0,1.0,6
16.0,female,11,1.63,62.14,1.0,0.0,8
14.0,female,9,1.57,56.25,5.0,4.0,7
17.0,female,11,1.8,67.13,0.0,0.0,5
15.0,female,9,1.65,50.35,2.0,3.0,8
14.0,female,9,1.7,72.12,0.0,0.0,9
14.0,female,9,,,3.0,0.0,8
15.0,female,9,1.52,50.35,3.0,3.0,7
14.0,female,9,1.6,49.9,5.0,0.0,7
14.0,female,9,,,,,
16.0,female,10,1.63,68.95,2.0,2.0,6
15.0,female,9,1.63,47.63,1.0,7.0,7
15.0,female,9,1.65,68.04,0.0,0.0,6
14.0,female,9,1.63,65.32,0.0,0.0,7
15.0,male,9,1.78,58.97,5.0,5.0,6
15.0,male,9,,,,,
16.0,male,11,1.75,70.31,,4.0,
14.0,male,9,1.55,42.18,0.0,0.0,10+
14.0,male,9,1.83,61.24,0.0,0.0,8
15.0,male,9,1.8,99.79,2.0,7.0,7
15.0,male,9,,,7.0,4.0,10+
18.0,male,12,1.7,58.97,2.0,2.0,6
14.0,male,9,1.83,80.29,3.0,3.0,7
14.0,male,9,1.57,63.5,0.0,7.0,8
15.0,male,9,1.68,79.38,5.0,0.0,5
14.0,male,9,1.78,78.47,7.0,4.0,6
14.0,male,9,1.73,52.16,0.0,0.0,6
17.0,male,12,1.88,97.52,,,
15.0,male,9,1.75,73.94,2.0,1.0,7
17.0,female,11,1.6,72.12,0.0,3.0,8
16.0,female,11,1.63,77.11,0.0,2.0,<5
17.0,female,11,1.55,51.71,0.0,1.0,6
17.0,female,11,1.7,49.9,0.0,0.0,7
16.0,female,11,1.65,54.43,2.0,4.0,6
17.0,female,12,1.57,48.99,4.0,2.0,7
16.0,male,11,1.93,120.2,,,7
17.0,male,11,1.73,88.91,7.0,6.0,7
16.0,male,11,1.73,53.07,4.0,6.0,6
17.0,male,11,1.96,73.03,5.0,0.0,7
17.0,male,11,1.6,69.4,2.0,0.0,6
16.0,male,11,1.88,81.19,7.0,7.0,<5
16.0,male,11,1.73,108.86,7.0,5.0,7
16.0,male,11,1.75,70.31,7.0,7.0,7
16.0,male,11,1.85,77.11,0.0,0.0,<5
16.0,male,11,1.85,97.52,7.0,7.0,7
15.0,female,10,,,7.0,7.0,5
15.0,female,10,1.55,47.63,3.0,3.0,<5
15.0,female,10,1.52,65.77,0.0,1.0,5
17.0,female,10,1.57,51.26,3.0,0.0,8
16.0,female,10,1.55,55.34,2.0,2.0,6
16.0,female,10,1.55,66.23,6.0,0.0,7
15.0,female,10,1.57,40.82,6.0,0.0,7
15.0,female,10,1.75,88.45,6.0,6.0,7
16.0,female,10,1.55,45.36,4.0,7.0,7
15.0,female,10,1.5,79.38,0.0,0.0,5
15.0,female,10,1.68,63.5,5.0,5.0,7
16.0,female,10,1.6,63.5,3.0,1.0,6
16.0,female,10,1.63,51.71,3.0,3.0,5
16.0,male,10,1.88,107.05,0.0,0.0,5
16.0,male,10,1.9,65.77,7.0,7.0,6
16.0,male,10,1.85,65.77,7.0,7.0,8
16.0,male,10,1.75,82.56,4.0,4.0,6
16.0,male,10,1.83,72.58,5.0,5.0,7
15.0,male,10,1.68,56.7,0.0,,<5
16.0,male,10,1.75,52.16,2.0,0.0,<5
15.0,male,9,1.75,54.43,7.0,3.0,5
15.0,male,10,1.63,45.36,7.0,4.0,6
16.0,male,10,1.83,68.95,6.0,5.0,8
16.0,male,10,1.8,70.31,2.0,7.0,5
17.0,female,12,,,0.0,0.0,6
17.0,female,12,1.65,72.58,,,
17.0,female,12,1.75,64.41,2.0,0.0,6
18.0,female,12,1.68,124.74,3.0,2.0,<5
18.0,female,12,1.57,56.7,3.0,0.0,10+
17.0,female,12,,,1.0,1.0,6
17.0,female,12,1.68,99.79,7.0,7.0,7
18.0,female,12,1.55,52.16,0.0,0.0,10+
17.0,female,12,1.7,91.17,4.0,7.0,7
18.0,female,12,1.78,67.13,2.0,1.0,7
17.0,female,12,1.52,76.66,1.0,0.0,6
17.0,female,12,1.63,69.85,1.0,0.0,9
17.0,male,12,1.85,70.31,6.0,5.0,
17.0,male,12,1.8,74.84,7.0,5.0,7
18.0,male,12,1.7,68.04,3.0,2.0,<5
18.0,male,12,1.83,117.94,3.0,7.0,5
18.0,male,12,1.88,124.74,0.0,3.0,<5
17.0,male,12,1.75,59.88,7.0,5.0,6
18.0,male,12,1.78,75.75,7.0,7.0,6
15.0,female,9,1.6,84.37,5.0,7.0,<5
15.0,female,9,1.65,52.16,1.0,1.0,6
16.0,female,9,1.55,53.98,2.0,2.0,<5
16.0,female,9,1.52,72.58,1.0,1.0,5
15.0,female,9,1.63,86.18,5.0,0.0,<5
14.0,female,9,1.63,79.38,1.0,0.0,10+
14.0,female,9,1.63,77.11,4.0,0.0,6
16.0,female,9,1.57,67.13,4.0,1.0,8
14.0,female,9,,,4.0,3.0,5
15.0,female,9,1.6,61.69,1.0,1.0,<5
17.0,female,11,1.6,61.69,1.0,0.0,5
15.0,male,9,1.65,52.62,0.0,1.0,7
15.0,male,9,1.75,61.69,7.0,6.0,8
14.0,male,9,1.7,58.97,1.0,1.0,6
14.0,male,9,1.78,59.88,5.0,0.0,5
15.0,male,9,1.73,78.47,4.0,7.0,7
15.0,male,9,1.8,73.03,2.0,2.0,7
14.0,male,9,1.5,37.65,7.0,0.0,7
15.0,male,9,1.65,86.18,7.0,5.0,6
16.0,male,9,,,6.0,5.0,8
15.0,male,9,1.6,61.69,0.0,2.0,7
15.0,male,9,1.7,79.38,7.0,7.0,9
14.0,male,9,1.83,79.83,7.0,4.0,9
15.0,male,9,1.68,65.77,4.0,2.0,6
17.0,female,12,,,2.0,0.0,6
18.0,female,12,1.65,70.31,3.0,3.0,5
17.0,female,12,1.6,69.85,,,
17.0,female,12,,,0.0,0.0,6
17.0,female,12,1.52,53.07,1.0,1.0,5
18.0,female,12,1.47,52.16,3.0,1.0,6
18.0,female,12,1.85,71.67,0.0,0.0,5
17.0,female,12,1.68,51.71,5.0,3.0,6
18.0,female,12,1.7,68.04,7.0,7.0,8
18.0,female,12,1.65,74.84,3.0,3.0,6
18.0,female,12,,,1.0,0.0,<5
17.0,female,12,1.45,77.11,2.0,2.0,8
18.0,male,12,1.9,131.54,2.0,0.0,<5
18.0,male,12,1.83,86.18,5.0,6.0,6
18.0,male,12,1.83,61.69,3.0,0.0,5
17.0,male,12,2.03,113.4,7.0,7.0,<5
18.0,male,12,1.96,83.92,3.0,7.0,6
18.0,male,12,1.83,73.94,7.0,5.0,<5
18.0,male,12,1.8,101.15,4.0,2.0,6
18.0,male,12,1.85,97.52,2.0,2.0,6
18.0,male,12,1.8,81.65,0.0,2.0,5
17.0,male,12,1.68,56.7,4.0,4.0,7
15.0,female,9,1.65,73.94,4.0,2.0,7
14.0,female,9,1.55,72.58,4.0,2.0,6
14.0,female,9,1.68,53.52,1.0,0.0,5
14.0,female,9,,,5.0,5.0,8
14.0,female,9,1.57,58.06,7.0,5.0,8
16.0,female,10,1.55,58.06,3.0,2.0,
14.0,female,9,1.52,55.79,4.0,0.0,7
14.0,female,9,1.65,61.69,6.0,6.0,6
14.0,female,9,,,3.0,1.0,6
15.0,male,9,1.75,95.26,0.0,7.0,6
15.0,male,9,1.75,71.67,4.0,0.0,6
15.0,male,9,1.65,53.07,1.0,4.0,7
15.0,male,9,1.7,61.24,2.0,7.0,<5
16.0,male,9,1.68,63.5,3.0,0.0,5
16.0,male,9,1.83,69.85,5.0,5.0,6
14.0,male,9,1.65,54.43,7.0,4.0,8
16.0,male,9,1.8,90.72,7.0,7.0,9
16.0,male,10,1.63,56.7,5.0,4.0,7
15.0,male,10,1.8,88.0,7.0,5.0,7
14.0,male,9,1.68,53.07,5.0,5.0,7
15.0,male,9,1.75,84.82,7.0,4.0,9
15.0,male,9,1.55,53.52,2.0,1.0,8
15.0,male,9,1.68,95.26,4.0,4.0,<5
14.0,male,9,1.63,59.88,3.0,4.0,6
16.0,male,9,1.7,66.68,3.0,1.0,8
16.0,male,9,1.8,102.51,5.0,5.0,8
17.0,male,11,1.68,62.6,7.0,7.0,5
17.0,male,11,1.63,63.5,7.0,6.0,10+
16.0,male,11,1.68,60.33,7.0,7.0,6
16.0,male,11,1.75,59.88,5.0,5.0,<5
18.0,male,11,1.7,68.04,,,
17.0,male,11,,,3.0,0.0,7
16.0,male,11,1.78,92.99,7.0,7.0,10+
16.0,female,11,1.68,98.88,2.0,3.0,6
17.0,female,11,1.57,68.95,0.0,0.0,6
17.0,female,11,1.57,68.04,0.0,2.0,5
16.0,female,11,1.55,53.52,5.0,4.0,5
17.0,female,11,1.73,78.93,0.0,0.0,10+
18.0,male,11,1.73,68.49,7.0,4.0,6
17.0,male,11,1.75,73.94,7.0,3.0,8
17.0,female,11,1.63,58.97,7.0,7.0,5
17.0,female,11,1.5,44.0,4.0,3.0,8
16.0,female,11,1.63,69.4,0.0,1.0,5
16.0,female,11,1.6,67.59,5.0,2.0,5
17.0,female,11,1.63,51.26,3.0,2.0,7
16.0,female,11,1.7,68.95,7.0,7.0,5
16.0,female,11,1.68,63.5,2.0,0.0,5
16.0,female,,1.63,52.16,2.0,2.0,5
15.0,male,10,1.63,48.08,0.0,1.0,7
16.0,male,11,1.78,100.25,7.0,2.0,7
17.0,male,11,1.7,66.68,7.0,7.0,10+
17.0,male,11,1.7,65.77,7.0,7.0,8
16.0,male,10,1.83,68.04,2.0,1.0,7
17.0,male,11,1.85,67.13,3.0,0.0,6
17.0,male,11,,,6.0,6.0,8
17.0,male,11,1.8,70.76,2.0,0.0,6
17.0,male,11,1.85,82.56,7.0,7.0,8
17.0,male,11,1.68,110.22,4.0,5.0,8
,female,,,,4.0,4.0,7
16.0,female,10,1.73,55.79,0.0,0.0,8
16.0,female,10,1.5,66.68,2.0,1.0,5
16.0,female,10,1.75,56.25,1.0,0.0,6
15.0,female,10,1.75,61.24,4.0,0.0,6
16.0,female,10,1.65,54.43,3.0,2.0,6
16.0,female,10,,,1.0,2.0,10+
16.0,female,10,1.55,75.75,2.0,2.0,6
17.0,female,10,1.52,46.72,2.0,5.0,8
15.0,male,10,1.68,54.43,3.0,0.0,5
18.0,male,10,1.75,68.04,3.0,0.0,5
17.0,male,10,1.73,65.32,5.0,5.0,6
15.0,male,10,1.83,97.52,3.0,4.0,5
16.0,male,10,1.68,104.33,1.0,2.0,<5
15.0,male,10,1.83,73.94,1.0,0.0,5
17.0,male,10,1.85,68.04,7.0,5.0,8
16.0,male,10,1.7,63.5,7.0,7.0,8
16.0,male,10,1.85,81.65,7.0,7.0,7
16.0,male,10,1.93,68.04,7.0,6.0,6
17.0,male,11,1.78,61.24,7.0,7.0,6
17.0,male,other,1.9,81.65,7.0,7.0,7
17.0,male,11,1.78,71.67,6.0,4.0,7
17.0,male,11,1.75,70.31,7.0,5.0,6
17.0,female,11,1.6,68.04,7.0,7.0,8
17.0,female,11,1.55,54.43,6.0,5.0,7
16.0,male,10,1.83,86.18,7.0,7.0,6
15.0,male,10,1.83,73.48,3.0,2.0,6
15.0,male,10,1.83,69.85,5.0,0.0,9
15.0,male,10,1.75,70.31,7.0,5.0,
15.0,male,10,1.88,71.67,1.0,0.0,8
16.0,male,10,1.83,68.04,7.0,2.0,8
16.0,male,10,1.7,67.13,0.0,0.0,8
16.0,female,10,1.57,109.77,5.0,2.0,6
16.0,female,10,1.73,56.7,2.0,1.0,5
15.0,female,10,1.6,53.52,5.0,0.0,7
15.0,female,10,1.7,72.58,0.0,0.0,5
15.0,female,10,1.57,60.33,5.0,5.0,7
15.0,female,10,1.5,43.09,7.0,0.0,7
15.0,female,10,1.65,54.89,6.0,6.0,9
16.0,female,10,1.57,55.79,0.0,0.0,7
16.0,female,10,1.68,65.77,7.0,3.0,6
16.0,female,10,1.65,97.07,0.0,0.0,<5
15.0,female,10,1.55,51.71,7.0,3.0,7
16.0,female,10,1.68,104.33,7.0,2.0,8
15.0,female,10,1.6,48.99,5.0,0.0,7
18.0,female,12,1.57,57.15,1.0,0.0,6
17.0,female,12,1.65,72.58,0.0,0.0,5
18.0,female,12,1.63,52.16,5.0,5.0,6
17.0,female,12,1.57,43.09,0.0,0.0,6
18.0,female,12,1.63,62.14,5.0,0.0,9
17.0,female,12,1.63,61.24,0.0,0.0,6
17.0,female,12,1.7,84.82,5.0,0.0,6
18.0,male,12,1.85,76.66,0.0,0.0,<5
18.0,male,12,1.63,58.97,3.0,3.0,8
18.0,male,12,1.8,80.74,7.0,4.0,5
18.0,male,12,1.78,86.18,0.0,0.0,7
17.0,male,12,1.85,78.02,7.0,7.0,5
17.0,male,12,1.73,59.42,5.0,5.0,5
17.0,male,12,1.78,65.77,3.0,3.0,5
15.0,female,9,1.68,61.24,7.0,7.0,8
14.0,female,9,,,5.0,2.0,8
15.0,female,9,1.63,51.71,6.0,0.0,8
14.0,female,9,1.68,49.9,5.0,5.0,8
14.0,male,9,1.83,74.84,5.0,1.0,5
14.0,male,9,1.8,131.54,7.0,7.0,7
15.0,male,9,1.6,63.5,6.0,2.0,6
14.0,male,9,1.68,59.88,5.0,0.0,7
15.0,male,9,1.73,68.04,7.0,7.0,7
18.0,female,12,,,0.0,0.0,<5
17.0,female,12,1.6,63.5,4.0,0.0,7
17.0,female,12,1.68,49.9,2.0,2.0,5
17.0,female,12,1.55,65.77,5.0,6.0,9
18.0,female,12,1.73,67.13,7.0,2.0,6
18.0,female,12,1.57,52.16,7.0,7.0,<5
18.0,female,12,1.6,84.82,0.0,0.0,5
17.0,female,12,1.63,58.97,1.0,0.0,5
17.0,female,11,1.65,68.04,0.0,0.0,8
17.0,female,12,1.63,53.98,0.0,0.0,6
17.0,female,12,1.52,54.43,0.0,0.0,6
16.0,female,11,1.68,73.94,5.0,4.0,<5
18.0,female,12,1.52,43.55,7.0,4.0,6
16.0,female,11,1.73,95.26,3.0,3.0,8
18.0,male,12,1.75,68.04,7.0,7.0,6
17.0,male,12,1.85,76.66,2.0,1.0,7
18.0,male,12,1.83,73.48,7.0,5.0,5
17.0,male,12,1.78,63.5,0.0,0.0,7
18.0,male,12,,,0.0,0.0,8
18.0,male,12,1.65,61.24,0.0,0.0,7
18.0,male,12,1.96,50.35,7.0,0.0,6
17.0,male,12,1.7,63.5,0.0,5.0,5
18.0,male,11,1.83,77.11,2.0,6.0,6
18.0,male,12,1.8,80.74,3.0,5.0,6
17.0,male,12,,,2.0,0.0,<5
18.0,male,12,1.8,81.65,7.0,7.0,8
18.0,male,12,1.75,86.18,5.0,4.0,8
18.0,male,12,1.65,54.43,7.0,7.0,8
17.0,male,10,1.75,74.84,7.0,7.0,8
16.0,female,11,1.75,64.86,5.0,5.0,7
17.0,female,11,1.7,61.69,0.0,0.0,5
17.0,female,11,1.55,52.16,0.0,0.0,6
16.0,female,11,1.63,61.69,3.0,2.0,8
17.0,female,11,1.55,61.24,2.0,0.0,7
16.0,female,11,1.63,56.7,5.0,5.0,5
16.0,female,11,1.55,61.24,0.0,0.0,<5
17.0,female,11,1.6,53.52,3.0,0.0,5
16.0,female,11,1.68,79.38,0.0,0.0,7
18.0,female,11,,,0.0,0.0,7
17.0,female,11,1.6,49.9,7.0,2.0,6
17.0,male,12,1.8,69.85,3.0,2.0,6
18.0,male,11,1.93,71.67,4.0,2.0,5
17.0,male,11,1.88,68.04,7.0,3.0,6
12.0,male,12,,,0.0,0.0,7
18.0,male,11,1.75,79.83,1.0,0.0,6
17.0,male,11,1.88,113.4,,,
16.0,male,11,1.57,54.43,7.0,7.0,
17.0,male,11,1.75,74.84,2.0,2.0,5
17.0,male,11,1.7,66.68,5.0,3.0,8
18.0,male,12,1.73,70.31,7.0,5.0,5
17.0,male,11,1.83,72.58,2.0,0.0,7
16.0,male,11,1.75,54.43,3.0,2.0,6
17.0,male,11,1.65,96.62,5.0,3.0,7
17.0,male,11,,,5.0,5.0,6
16.0,male,11,1.68,65.77,2.0,6.0,7
17.0,male,12,1.68,74.84,5.0,0.0,6
17.0,male,11,,,0.0,0.0,5
16.0,male,11,1.65,54.43,7.0,0.0,7
15.0,female,9,1.65,49.9,5.0,3.0,5
14.0,male,9,1.8,102.97,7.0,3.0,7
15.0,female,9,1.68,49.9,0.0,0.0,5
15.0,female,9,1.6,61.24,4.0,7.0,8
15.0,female,9,,,0.0,0.0,7
,male,,,,2.0,2.0,
15.0,male,9,1.65,56.7,0.0,0.0,5
14.0,male,9,1.8,83.92,4.0,3.0,7
14.0,male,9,1.63,58.51,6.0,1.0,7
14.0,male,9,1.8,56.25,5.0,3.0,8
14.0,male,9,1.85,71.67,7.0,7.0,5
14.0,male,9,1.8,62.14,3.0,0.0,5
15.0,male,9,1.78,79.38,0.0,0.0,7
14.0,male,9,1.7,53.52,5.0,5.0,8
15.0,male,9,1.65,52.16,6.0,6.0,7
14.0,male,9,1.55,50.8,7.0,7.0,7
17.0,female,10,1.55,40.82,7.0,7.0,9
16.0,female,10,,,3.0,4.0,5
16.0,female,10,1.55,59.88,7.0,7.0,7
17.0,female,10,1.55,45.36,7.0,7.0,6
15.0,female,10,1.73,62.14,2.0,0.0,8
15.0,female,10,1.57,77.11,2.0,0.0,8
16.0,female,10,1.7,95.26,0.0,0.0,7
15.0,female,10,1.45,53.52,0.0,0.0,6
16.0,female,10,1.63,56.25,7.0,7.0,9
16.0,female,10,1.73,81.19,5.0,5.0,6
16.0,female,10,1.63,58.97,0.0,0.0,8
16.0,female,10,1.65,68.04,7.0,5.0,7
15.0,female,10,1.8,58.97,0.0,0.0,7
16.0,female,10,1.6,61.24,3.0,1.0,8
16.0,female,10,1.55,70.31,0.0,1.0,8
15.0,female,10,1.73,71.22,0.0,0.0,<5
17.0,male,11,1.73,99.79,1.0,1.0,5
15.0,male,10,,,7.0,4.0,5
16.0,male,10,1.73,88.45,7.0,1.0,<5
18.0,male,11,1.63,79.38,3.0,7.0,8
16.0,male,10,1.85,71.67,6.0,3.0,8
16.0,male,10,1.7,81.65,0.0,0.0,<5
16.0,male,10,1.65,77.11,1.0,2.0,7
17.0,male,11,1.8,76.66,7.0,7.0,8
18.0,male,12,1.78,63.5,5.0,3.0,6
16.0,male,10,,,7.0,6.0,6
15.0,male,10,1.88,79.38,4.0,2.0,8
16.0,male,10,,,1.0,1.0,8
15.0,male,10,,,4.0,,<5
15.0,male,10,1.75,54.43,2.0,0.0,5
15.0,male,10,1.73,69.4,0.0,0.0,5
18.0,female,12,1.63,52.62,0.0,0.0,6
18.0,female,12,1.52,68.04,2.0,1.0,6
17.0,female,12,1.65,58.97,2.0,1.0,8
18.0,female,12,1.73,111.13,7.0,0.0,8
18.0,female,12,1.65,56.7,5.0,0.0,5
17.0,female,12,1.57,62.6,1.0,0.0,5
17.0,female,12,1.73,93.9,3.0,2.0,5
17.0,female,12,1.6,57.61,3.0,3.0,6
18.0,male,12,1.83,99.79,0.0,0.0,6
17.0,male,12,1.83,68.04,7.0,3.0,7
17.0,male,12,1.78,73.03,7.0,5.0,7
18.0,male,12,2.11,80.29,7.0,7.0,7
18.0,male,12,1.7,90.72,5.0,2.0,<5
17.0,male,12,1.9,68.04,7.0,5.0,6
17.0,male,12,1.73,68.04,3.0,3.0,6
18.0,male,12,1.68,58.97,2.0,2.0,8
18.0,male,12,1.8,67.13,3.0,3.0,7
18.0,male,12,1.78,76.66,3.0,2.0,8
18.0,male,12,1.88,72.12,2.0,0.0,7
16.0,female,11,1.7,68.49,6.0,6.0,5
17.0,female,11,1.65,77.11,2.0,0.0,7
17.0,female,11,,,3.0,4.0,7
16.0,female,11,1.63,80.29,7.0,0.0,6
17.0,female,11,1.7,61.24,2.0,7.0,7
16.0,female,11,1.7,58.97,4.0,4.0,6
16.0,female,11,1.65,46.27,3.0,5.0,6
17.0,female,11,1.7,56.25,2.0,0.0,7
16.0,female,11,1.65,53.52,0.0,5.0,5
17.0,female,11,1.57,53.07,2.0,1.0,5
17.0,female,11,1.6,80.29,3.0,2.0,<5
16.0,female,11,1.52,52.62,3.0,0.0,6
17.0,female,11,1.6,51.26,7.0,0.0,6
18.0,female,11,1.63,52.16,7.0,7.0,7
16.0,female,11,1.6,90.72,0.0,0.0,5
17.0,female,11,,,1.0,1.0,9
17.0,female,11,1.57,52.16,5.0,4.0,6
17.0,female,11,1.63,49.9,3.0,4.0,7
16.0,male,11,1.83,72.12,0.0,0.0,5
17.0,male,11,1.65,63.5,7.0,0.0,6
16.0,male,11,1.78,65.77,7.0,7.0,8
17.0,male,11,1.83,68.04,5.0,2.0,8
17.0,male,11,1.88,91.17,7.0,7.0,6
17.0,male,11,1.8,79.38,3.0,0.0,7
15.0,female,9,,,,,
16.0,female,9,,,0.0,0.0,9
15.0,female,9,1.68,55.79,0.0,0.0,6
15.0,female,9,1.57,57.15,3.0,0.0,6
15.0,female,9,1.65,81.65,,,
14.0,male,9,1.8,60.33,3.0,1.0,6
14.0,male,9,1.73,80.29,7.0,7.0,5
15.0,male,9,1.65,70.31,7.0,0.0,8
15.0,male,9,1.75,70.76,3.0,0.0,6
14.0,male,9,1.6,47.63,,,
14.0,male,9,,,2.0,2.0,8
14.0,male,9,1.8,72.58,7.0,4.0,8
14.0,male,9,,,0.0,0.0,7
15.0,male,9,1.6,70.31,7.0,7.0,5
16.0,male,10,1.7,71.67,5.0,5.0,10+
15.0,male,10,1.83,68.04,7.0,7.0,9
15.0,male,10,1.78,58.97,6.0,1.0,7
16.0,male,10,1.73,65.77,7.0,7.0,6
16.0,female,10,1.63,49.9,1.0,2.0,5
16.0,female,10,1.75,56.7,5.0,2.0,5
16.0,female,10,1.6,58.97,3.0,0.0,8
17.0,female,11,,,,,6
16.0,female,10,1.68,70.76,3.0,0.0,5
17.0,female,10,1.63,52.16,0.0,0.0,7
16.0,female,10,,,6.0,0.0,6
16.0,female,10,1.57,52.16,5.0,5.0,8
16.0,female,10,1.5,48.08,0.0,0.0,6
15.0,female,10,1.65,53.52,3.0,2.0,8
15.0,female,10,1.73,65.77,0.0,0.0,7
16.0,female,10,1.68,56.7,7.0,5.0,5
16.0,female,10,1.65,61.69,5.0,5.0,7
16.0,female,10,1.63,85.73,7.0,3.0,9
15.0,female,10,1.65,56.7,7.0,7.0,6
17.0,female,12,1.65,57.61,5.0,4.0,7
18.0,female,12,1.68,75.3,6.0,6.0,8
18.0,female,12,1.5,50.8,1.0,1.0,5
18.0,female,12,1.78,127.92,0.0,0.0,6
18.0,female,12,1.57,81.19,2.0,0.0,8
18.0,female,12,1.6,46.27,3.0,3.0,8
17.0,female,12,1.63,49.9,7.0,4.0,6
18.0,female,12,1.52,53.98,5.0,0.0,7
18.0,female,12,1.57,69.85,2.0,2.0,7
18.0,male,12,,,0.0,0.0,6
18.0,male,12,1.65,78.02,7.0,7.0,5
18.0,male,12,1.7,58.97,0.0,0.0,9
18.0,male,12,,,7.0,5.0,7
18.0,male,12,1.78,58.97,6.0,0.0,<5
17.0,male,12,1.88,122.47,7.0,3.0,7
18.0,male,12,1.83,68.04,6.0,2.0,7
18.0,male,12,1.7,113.4,0.0,0.0,6
17.0,male,12,1.8,77.11,7.0,7.0,7
18.0,male,12,1.75,64.86,5.0,2.0,<5
18.0,male,12,1.75,63.05,7.0,7.0,8
18.0,male,12,1.78,112.04,0.0,7.0,8
17.0,male,12,1.8,131.54,1.0,3.0,6
17.0,male,12,1.78,77.11,2.0,2.0,<5
16.0,female,10,1.65,74.84,0.0,0.0,5
18.0,female,11,1.5,41.73,3.0,0.0,6
17.0,female,11,1.63,58.97,0.0,0.0,6
17.0,female,11,1.63,86.18,2.0,0.0,7
16.0,female,11,1.73,86.64,0.0,0.0,6
16.0,female,11,1.52,44.45,4.0,4.0,10+
16.0,female,11,1.57,104.33,2.0,0.0,5
16.0,female,11,1.68,65.77,4.0,0.0,9
16.0,female,11,1.7,85.73,4.0,0.0,<5
16.0,female,11,1.55,42.18,0.0,0.0,<5
17.0,female,11,1.57,44.45,0.0,0.0,6
17.0,female,11,1.6,74.39,2.0,2.0,6
17.0,female,11,1.6,51.71,4.0,2.0,5
17.0,male,12,1.7,91.63,7.0,7.0,6
17.0,male,11,1.68,61.24,0.0,1.0,8
17.0,male,11,,,7.0,2.0,7
17.0,male,11,1.73,58.97,2.0,2.0,5
17.0,male,10,1.7,63.5,3.0,3.0,8
16.0,male,11,1.85,77.11,7.0,7.0,<5
16.0,male,11,1.65,52.16,4.0,5.0,<5
16.0,male,11,,,7.0,7.0,6
17.0,male,11,1.85,67.13,2.0,0.0,<5
17.0,male,11,1.75,74.84,2.0,2.0,7
16.0,male,10,1.68,67.13,7.0,2.0,5
17.0,male,10,1.85,86.64,3.0,3.0,8
16.0,male,10,1.73,72.58,6.0,7.0,<5
15.0,male,10,1.65,61.24,0.0,0.0,5
16.0,male,10,1.57,96.62,0.0,0.0,6
16.0,male,10,1.8,68.04,7.0,7.0,6
17.0,male,10,1.7,61.24,7.0,7.0,5
16.0,male,10,1.75,71.22,7.0,7.0,7
16.0,male,10,1.78,85.28,3.0,2.0,6
16.0,male,10,1.68,74.39,,,
17.0,male,11,1.78,61.24,2.0,4.0,7
15.0,female,10,1.68,83.92,5.0,0.0,7
16.0,male,10,1.73,79.38,0.0,0.0,7
15.0,female,10,1.6,44.45,1.0,2.0,7
16.0,female,10,1.63,62.14,7.0,3.0,9
16.0,female,10,1.68,72.58,2.0,0.0,<5
16.0,female,10,1.6,58.97,0.0,0.0,<5
15.0,female,10,1.63,72.58,7.0,7.0,8
16.0,female,10,1.5,48.54,3.0,1.0,8
15.0,female,10,1.63,54.43,5.0,0.0,<5
16.0,female,10,1.5,54.43,7.0,7.0,9
15.0,female,10,,,0.0,0.0,5
16.0,female,10,1.6,54.43,1.0,3.0,7
16.0,female,10,1.63,57.15,0.0,0.0,8
15.0,female,10,1.52,46.72,2.0,1.0,7
17.0,male,10,,,0.0,2.0,<5
15.0,male,9,1.83,68.04,4.0,4.0,8
15.0,male,9,1.57,66.23,7.0,6.0,
14.0,male,9,1.75,64.41,5.0,7.0,<5
14.0,male,9,1.75,70.31,2.0,1.0,6
15.0,male,9,1.8,75.75,0.0,3.0,<5
15.0,male,9,1.8,53.07,4.0,3.0,9
15.0,male,9,1.7,61.24,7.0,5.0,7
14.0,male,9,,,2.0,2.0,5
16.0,male,10,1.83,72.58,0.0,7.0,<5
17.0,male,10,1.75,77.57,3.0,3.0,5
14.0,male,9,1.6,49.9,7.0,3.0,9
15.0,male,9,1.8,58.51,2.0,0.0,<5
15.0,male,9,1.8,78.93,5.0,0.0,7
16.0,male,10,1.78,81.19,5.0,4.0,6
15.0,male,9,1.73,58.97,5.0,3.0,5
15.0,female,9,1.7,122.47,3.0,0.0,5
14.0,female,9,1.47,44.45,0.0,0.0,<5
14.0,female,9,1.68,60.78,7.0,4.0,7
15.0,female,9,1.68,69.4,4.0,2.0,5
15.0,female,9,,,2.0,1.0,6
14.0,female,9,1.65,59.88,7.0,5.0,7
15.0,female,9,,,5.0,5.0,8
14.0,female,9,1.63,48.99,5.0,0.0,<5
14.0,female,9,1.65,61.24,2.0,1.0,7
15.0,female,9,1.45,56.7,3.0,3.0,9
15.0,female,9,1.7,83.92,0.0,3.0,8
17.0,female,11,1.5,43.55,1.0,0.0,6
16.0,female,11,1.6,52.16,6.0,0.0,5
17.0,female,11,1.6,68.04,7.0,3.0,5
16.0,female,11,1.68,125.19,0.0,0.0,7
17.0,female,11,1.68,56.7,7.0,2.0,5
16.0,female,11,1.63,58.97,6.0,5.0,7
17.0,female,11,1.7,54.43,2.0,0.0,7
17.0,female,11,1.57,52.16,5.0,6.0,6
16.0,female,11,1.57,52.16,5.0,1.0,7
17.0,female,11,1.55,56.7,6.0,3.0,6
16.0,female,11,1.7,83.92,0.0,0.0,6
16.0,male,11,1.75,94.8,4.0,7.0,9
16.0,male,11,1.8,113.4,7.0,5.0,8
17.0,male,11,1.78,82.56,7.0,5.0,8
17.0,male,11,1.78,79.38,1.0,0.0,<5
15.0,female,10,1.45,44.0,3.0,1.0,5
16.0,female,10,1.65,52.16,1.0,0.0,8
15.0,female,10,1.6,52.16,7.0,5.0,<5
15.0,female,10,1.52,81.65,0.0,0.0,7
17.0,female,10,1.65,78.02,1.0,2.0,<5
15.0,female,10,1.57,44.45,7.0,4.0,8
15.0,female,10,1.63,68.04,2.0,0.0,7
16.0,female,10,1.57,50.8,1.0,1.0,6
16.0,female,10,1.57,60.33,7.0,7.0,10+
17.0,female,10,1.75,45.36,7.0,3.0,6
17.0,male,10,1.68,80.74,0.0,0.0,
16.0,male,11,1.75,65.32,7.0,7.0,8
16.0,male,10,,,4.0,1.0,7
16.0,male,10,1.65,67.13,4.0,3.0,5
17.0,male,9,1.75,67.13,7.0,1.0,8
15.0,male,10,1.7,68.04,7.0,7.0,5
15.0,male,10,1.75,102.51,7.0,4.0,10+
16.0,male,10,1.7,68.04,0.0,0.0,6
15.0,male,10,1.78,62.14,7.0,4.0,6
15.0,male,10,1.73,98.43,7.0,7.0,<5
15.0,female,9,1.7,54.43,2.0,1.0,<5
14.0,female,9,,,2.0,3.0,8
15.0,female,9,1.57,73.94,1.0,3.0,<5
14.0,female,9,1.6,49.44,3.0,1.0,6
14.0,female,9,,,1.0,1.0,5
14.0,female,9,1.57,63.5,3.0,2.0,6
14.0,female,9,1.47,54.43,5.0,0.0,6
14.0,female,9,1.65,63.96,3.0,5.0,<5
15.0,female,9,1.75,56.7,7.0,7.0,8
16.0,female,11,1.57,65.77,0.0,0.0,<5
14.0,female,9,1.7,53.07,5.0,4.0,6
16.0,female,9,1.6,76.66,7.0,7.0,<5
14.0,female,9,1.6,66.68,6.0,1.0,<5
14.0,female,9,1.63,81.65,0.0,0.0,7
14.0,female,9,1.63,71.67,6.0,7.0,6
15.0,female,9,1.63,49.9,0.0,7.0,6
14.0,female,9,1.68,69.85,0.0,2.0,<5
,male,,,,7.0,4.0,9
16.0,male,9,,,5.0,3.0,<5
15.0,male,9,1.8,58.97,4.0,0.0,8
14.0,male,9,1.78,77.11,5.0,3.0,5
14.0,male,9,1.73,50.8,7.0,4.0,8
12.0,male,9,,,0.0,7.0,<5
14.0,male,9,1.7,64.41,5.0,0.0,6
14.0,male,9,1.6,55.79,3.0,3.0,8
15.0,male,9,1.75,84.82,3.0,2.0,7
13.0,male,9,1.85,113.4,7.0,7.0,<5
14.0,male,9,1.65,65.32,7.0,5.0,<5
14.0,male,9,1.7,52.16,7.0,4.0,7
15.0,male,9,,,4.0,4.0,6
14.0,male,9,1.7,59.88,7.0,7.0,6
16.0,male,10,1.96,86.18,3.0,0.0,6
15.0,male,9,1.88,71.22,7.0,1.0,6
18.0,male,12,1.83,74.84,0.0,0.0,5
18.0,male,12,1.73,58.97,7.0,5.0,7
17.0,male,12,1.7,68.95,5.0,7.0,5
18.0,male,12,1.8,68.04,4.0,4.0,<5
17.0,male,12,1.68,54.43,7.0,0.0,5
17.0,male,12,1.7,70.31,7.0,7.0,
18.0,male,12,1.83,86.18,7.0,3.0,8
17.0,male,12,1.73,84.82,2.0,2.0,6
18.0,male,12,1.85,83.92,0.0,0.0,<5
17.0,male,12,1.7,54.43,,,
17.0,male,12,1.75,74.84,0.0,0.0,6
18.0,male,12,1.73,57.61,0.0,7.0,5
17.0,male,12,1.65,61.69,,,
17.0,male,12,1.78,77.11,3.0,7.0,6
18.0,female,12,1.68,55.34,5.0,4.0,9
17.0,female,12,1.7,56.25,7.0,0.0,9
18.0,female,12,1.65,56.7,0.0,0.0,<5
18.0,female,12,,,0.0,0.0,10+
18.0,female,12,1.6,72.58,5.0,0.0,5
17.0,female,12,1.73,77.11,7.0,7.0,<5
17.0,female,12,1.68,54.43,3.0,2.0,6
17.0,female,12,1.6,131.54,1.0,0.0,8
18.0,female,12,,,,,8
17.0,female,12,1.55,55.79,0.0,0.0,6
18.0,female,12,1.68,79.38,7.0,0.0,5
17.0,female,12,1.7,77.11,2.0,2.0,10+
18.0,female,12,1.65,70.31,2.0,1.0,5
14.0,female,9,1.65,58.97,4.0,3.0,9
14.0,male,9,1.85,68.04,4.0,2.0,8
15.0,male,9,1.52,52.16,3.0,3.0,7
,male,,,,4.0,5.0,8
15.0,male,9,1.73,64.41,7.0,6.0,7
15.0,male,9,1.75,87.09,2.0,2.0,8
14.0,male,9,1.6,54.43,4.0,2.0,9
14.0,male,9,1.7,53.07,2.0,2.0,8
14.0,male,9,1.45,35.83,5.0,5.0,9
15.0,male,9,1.73,108.41,3.0,0.0,8
15.0,male,9,1.68,54.43,7.0,7.0,<5
14.0,male,9,1.7,49.9,7.0,7.0,9
14.0,male,9,1.7,76.66,7.0,7.0,8
15.0,male,9,1.75,61.69,7.0,7.0,6
14.0,male,9,1.68,54.43,7.0,7.0,6
14.0,male,9,1.65,56.25,7.0,7.0,8
15.0,male,9,1.65,56.7,0.0,0.0,8
14.0,male,9,1.68,54.43,2.0,2.0,7
15.0,male,9,1.73,68.04,7.0,7.0,8
15.0,male,9,1.73,57.61,2.0,2.0,9
14.0,male,9,1.6,56.7,0.0,5.0,8
14.0,female,9,1.63,64.86,6.0,0.0,7
14.0,female,9,1.45,44.0,6.0,2.0,9
15.0,female,9,1.57,57.15,0.0,6.0,6
14.0,female,9,1.52,55.79,4.0,3.0,5
15.0,female,9,1.55,56.7,4.0,0.0,8
15.0,female,9,1.57,44.91,5.0,2.0,7
15.0,female,9,1.75,54.43,7.0,6.0,8
15.0,female,9,1.65,56.7,5.0,3.0,8
14.0,female,9,1.68,74.84,7.0,5.0,7
14.0,female,9,1.73,61.24,0.0,0.0,7
16.0,female,9,1.6,49.9,7.0,4.0,6
14.0,female,9,1.6,72.12,5.0,2.0,6
16.0,male,10,,,1.0,3.0,6
16.0,male,10,1.78,95.26,2.0,2.0,5
14.0,male,10,1.68,69.4,7.0,2.0,7
15.0,male,10,1.88,104.33,1.0,0.0,6
16.0,male,10,1.75,57.15,3.0,0.0,9
15.0,male,10,1.83,72.58,5.0,7.0,7
16.0,male,10,1.8,68.04,3.0,1.0,7
16.0,male,10,1.73,74.84,3.0,3.0,6
15.0,male,10,1.63,54.43,3.0,4.0,5
16.0,male,10,1.73,75.75,5.0,2.0,8
16.0,male,10,1.68,68.04,6.0,5.0,9
16.0,male,10,1.8,65.77,2.0,0.0,9
16.0,male,10,1.8,60.78,3.0,5.0,7
16.0,male,10,1.68,46.27,1.0,0.0,7
16.0,female,10,1.73,78.47,3.0,2.0,7
16.0,female,10,1.57,46.27,0.0,0.0,9
16.0,female,10,1.7,58.97,6.0,6.0,6
16.0,female,10,1.65,85.73,5.0,0.0,7
15.0,female,10,1.6,58.06,4.0,4.0,7
15.0,female,10,1.6,86.18,0.0,0.0,5
16.0,female,10,1.57,56.7,7.0,7.0,6
15.0,female,10,1.57,44.45,5.0,6.0,8
15.0,female,10,1.68,50.8,0.0,0.0,8
15.0,female,10,1.57,74.84,1.0,1.0,6
15.0,female,10,1.7,61.24,4.0,1.0,6
15.0,female,10,1.63,54.89,7.0,4.0,7
16.0,female,10,1.57,66.68,5.0,0.0,8
14.0,female,10,1.63,58.06,5.0,2.0,9
16.0,female,10,1.52,47.63,1.0,0.0,6
16.0,female,10,1.57,54.43,2.0,0.0,5
16.0,female,10,1.7,58.97,5.0,5.0,6
16.0,female,10,1.7,47.63,2.0,3.0,6
15.0,female,10,1.7,79.83,4.0,1.0,6
15.0,female,10,1.73,48.54,4.0,4.0,<5
15.0,female,10,1.6,46.27,0.0,0.0,<5
16.0,female,11,1.7,63.5,0.0,0.0,8
16.0,male,11,1.63,56.7,1.0,1.0,8
16.0,male,11,1.83,74.84,7.0,7.0,8
16.0,male,11,1.83,74.39,7.0,7.0,7
17.0,male,11,1.78,99.79,7.0,7.0,9
17.0,male,11,1.8,102.06,4.0,2.0,6
17.0,male,11,1.68,77.11,4.0,2.0,8
16.0,male,11,1.7,54.43,3.0,3.0,9
16.0,male,11,1.73,58.97,0.0,0.0,<5
16.0,male,11,1.73,74.84,6.0,0.0,5
17.0,male,11,1.73,84.37,1.0,0.0,6
17.0,male,11,1.8,108.86,0.0,0.0,7
16.0,male,11,1.8,70.31,7.0,0.0,7
16.0,male,11,1.68,59.88,6.0,6.0,
16.0,male,11,1.6,68.04,1.0,1.0,7
18.0,female,11,1.52,48.08,0.0,0.0,8
16.0,female,11,1.63,68.04,2.0,2.0,7
16.0,female,11,1.57,70.31,0.0,0.0,7
17.0,female,11,1.52,61.24,7.0,0.0,6
17.0,female,11,1.57,49.44,6.0,6.0,5
17.0,female,11,1.65,57.61,5.0,3.0,9
16.0,female,11,1.65,56.7,4.0,5.0,8
17.0,female,12,1.7,47.63,3.0,2.0,6
18.0,male,12,1.88,68.04,5.0,3.0,7
18.0,female,12,1.55,53.07,3.0,1.0,5
18.0,male,12,1.75,87.54,3.0,0.0,8
18.0,male,12,1.68,68.04,3.0,3.0,8
18.0,male,12,1.57,52.16,6.0,4.0,7
18.0,male,12,1.6,73.94,6.0,4.0,7
18.0,male,12,1.75,58.51,7.0,3.0,6
17.0,male,12,1.8,62.6,7.0,7.0,9
17.0,male,12,1.83,72.58,7.0,4.0,9
17.0,male,12,1.85,81.65,7.0,7.0,7
18.0,female,12,1.83,77.11,2.0,2.0,6
17.0,female,12,1.68,61.24,1.0,0.0,7
17.0,female,12,1.6,52.16,0.0,0.0,6
18.0,female,12,1.65,56.7,3.0,1.0,5
17.0,female,12,1.6,101.15,0.0,0.0,8
18.0,female,12,1.73,77.11,1.0,0.0,7
18.0,female,12,1.65,60.78,4.0,2.0,6
17.0,female,12,1.73,49.9,0.0,0.0,6
17.0,female,12,1.57,56.25,6.0,0.0,6
17.0,female,12,1.55,56.7,0.0,0.0,7
18.0,female,12,1.55,63.5,7.0,5.0,8
15.0,male,9,1.83,69.4,3.0,0.0,7
15.0,female,9,1.6,43.09,0.0,0.0,7
15.0,male,9,1.57,47.63,,,
15.0,male,9,1.68,61.24,3.0,3.0,7
14.0,male,9,1.73,56.7,7.0,5.0,9
15.0,male,9,1.65,54.43,7.0,0.0,8
15.0,male,9,1.65,53.07,3.0,2.0,7
15.0,male,9,1.75,64.86,7.0,3.0,8
14.0,female,9,1.6,72.58,5.0,6.0,7
14.0,female,9,1.63,54.89,0.0,1.0,8
14.0,female,9,1.83,66.68,6.0,4.0,8
14.0,female,9,1.63,66.23,3.0,3.0,7
14.0,female,9,1.68,43.55,2.0,0.0,7
14.0,female,9,1.52,36.29,0.0,0.0,6
14.0,female,9,1.63,56.7,7.0,0.0,6
15.0,female,9,1.57,42.64,,,
15.0,female,9,1.6,47.17,4.0,1.0,9
15.0,female,9,1.6,50.8,7.0,4.0,5
15.0,female,9,1.65,50.8,4.0,2.0,8
15.0,female,9,1.52,53.07,3.0,2.0,5
14.0,female,9,1.7,51.26,7.0,7.0,8
14.0,female,9,1.63,58.97,6.0,1.0,6
14.0,female,9,1.68,54.43,4.0,3.0,9
15.0,female,9,1.7,52.16,3.0,2.0,9
14.0,female,9,1.68,50.8,2.0,0.0,7
15.0,female,9,1.57,54.43,3.0,3.0,8
14.0,female,9,1.55,50.8,0.0,0.0,7
13.0,male,9,1.78,55.79,7.0,6.0,9
18.0,male,12,1.68,58.06,7.0,7.0,7
17.0,male,12,1.68,70.31,2.0,4.0,7
18.0,male,12,1.6,99.79,7.0,7.0,7
18.0,male,12,1.88,81.65,3.0,3.0,7
18.0,male,12,1.83,100.25,1.0,0.0,9
17.0,male,12,1.68,106.6,7.0,5.0,7
18.0,male,12,1.73,56.7,0.0,0.0,6
18.0,male,12,1.75,86.18,4.0,4.0,8
17.0,female,12,1.63,63.5,2.0,5.0,6
17.0,female,12,1.73,61.24,7.0,3.0,6
18.0,female,12,1.6,61.24,5.0,1.0,8
17.0,female,12,1.63,63.5,0.0,0.0,8
17.0,female,12,1.7,56.7,3.0,3.0,7
18.0,female,12,1.55,49.9,0.0,0.0,7
18.0,female,12,1.63,54.43,7.0,4.0,6
18.0,female,12,1.68,54.43,5.0,4.0,8
17.0,female,11,1.63,80.74,6.0,5.0,7
17.0,male,11,1.9,83.92,5.0,5.0,8
16.0,male,11,1.83,77.11,0.0,0.0,7
16.0,male,11,1.83,86.18,7.0,2.0,6
17.0,male,11,1.88,64.41,7.0,0.0,7
17.0,male,11,1.83,70.31,6.0,4.0,5
17.0,male,11,1.9,92.99,7.0,5.0,7
17.0,male,11,1.9,79.38,7.0,4.0,8
17.0,male,11,1.78,78.02,7.0,7.0,8
16.0,male,11,1.85,92.99,0.0,0.0,5
17.0,female,11,1.6,49.9,0.0,0.0,6
17.0,female,11,1.55,45.36,5.0,3.0,5
17.0,female,11,1.55,46.72,6.0,1.0,5
17.0,female,11,1.65,61.24,2.0,1.0,9
16.0,female,11,1.6,53.52,7.0,2.0,7
16.0,female,11,1.7,70.31,2.0,0.0,6
17.0,female,11,1.78,58.97,7.0,7.0,6
17.0,female,11,1.68,61.24,,,
16.0,female,11,1.78,77.11,7.0,3.0,6
17.0,female,11,1.52,48.99,0.0,0.0,6
17.0,female,11,1.63,52.16,7.0,7.0,8
16.0,female,10,1.68,49.9,2.0,0.0,7
16.0,female,10,1.7,79.83,4.0,1.0,6
16.0,male,10,1.83,70.31,3.0,3.0,6
16.0,male,10,1.8,108.41,2.0,0.0,8
16.0,male,10,1.85,67.59,6.0,5.0,7
15.0,male,10,1.78,58.51,7.0,0.0,7
15.0,male,10,1.65,60.78,7.0,7.0,10+
15.0,male,10,1.7,52.16,5.0,5.0,8
15.0,male,10,1.83,73.94,3.0,2.0,8
15.0,male,10,1.73,61.24,0.0,1.0,5
16.0,male,10,1.78,74.84,3.0,0.0,7
16.0,female,10,1.78,68.04,6.0,6.0,7
16.0,female,10,1.75,63.5,7.0,4.0,7
15.0,female,10,1.73,67.13,5.0,2.0,7
15.0,female,10,1.6,56.7,2.0,2.0,7
16.0,female,10,1.55,81.19,4.0,3.0,8
15.0,female,10,1.6,49.44,0.0,0.0,7
15.0,female,10,1.8,58.06,7.0,4.0,7
15.0,female,10,1.57,49.9,7.0,4.0,7
15.0,female,10,1.63,61.24,5.0,0.0,5
15.0,male,10,1.78,78.02,6.0,5.0,6
15.0,male,10,1.83,88.91,2.0,2.0,6
15.0,female,10,1.6,62.6,5.0,5.0,6
15.0,female,10,1.78,69.4,2.0,0.0,6
15.0,female,10,1.68,63.96,4.0,4.0,8
15.0,female,10,1.6,71.22,4.0,2.0,7
16.0,male,10,1.75,81.65,4.0,1.0,6
15.0,male,10,1.75,65.77,3.0,7.0,7
16.0,male,10,1.78,81.65,0.0,0.0,8
16.0,male,10,1.83,61.24,6.0,4.0,8
16.0,male,10,1.83,74.39,7.0,3.0,8
15.0,male,10,2.06,79.83,0.0,4.0,8
16.0,male,10,1.78,59.88,7.0,6.0,7
16.0,male,10,1.78,65.77,5.0,2.0,7
16.0,female,10,1.65,58.06,3.0,2.0,6
15.0,female,10,1.65,41.73,1.0,7.0,7
15.0,female,10,1.57,60.33,6.0,7.0,8
15.0,female,10,1.65,61.24,2.0,4.0,
16.0,female,10,1.65,52.16,0.0,0.0,8
16.0,female,10,1.6,56.7,2.0,2.0,10+
16.0,female,10,1.6,48.54,5.0,5.0,7
15.0,female,10,1.73,57.61,3.0,0.0,8
15.0,female,10,1.73,65.77,0.0,0.0,7
15.0,female,10,1.63,50.8,7.0,3.0,8
15.0,female,10,1.7,57.15,1.0,0.0,6
15.0,female,10,1.65,54.43,5.0,1.0,7
15.0,female,10,1.63,54.43,4.0,5.0,8
17.0,female,11,1.57,62.6,4.0,2.0,6
16.0,male,11,1.85,83.46,5.0,4.0,7
17.0,female,11,1.6,49.9,0.0,0.0,6
16.0,female,11,1.68,54.43,2.0,1.0,8
17.0,female,11,1.63,63.5,4.0,3.0,7
17.0,female,11,1.63,65.77,5.0,4.0,7
16.0,female,11,1.6,54.43,2.0,1.0,6
17.0,female,11,1.68,73.48,0.0,0.0,5
17.0,female,11,1.7,77.11,0.0,0.0,8
17.0,male,11,1.73,90.72,3.0,1.0,7
17.0,male,11,1.83,83.46,7.0,7.0,<5
17.0,male,11,1.73,65.77,3.0,2.0,8
17.0,male,11,1.65,57.61,5.0,0.0,7
16.0,male,11,1.68,71.67,3.0,0.0,7
16.0,male,11,1.78,63.5,6.0,6.0,7
16.0,male,11,1.85,99.79,4.0,0.0,7
17.0,male,11,1.75,61.69,2.0,2.0,7
17.0,male,11,1.75,70.31,6.0,5.0,8
17.0,male,11,1.88,83.92,7.0,5.0,7
16.0,male,11,1.8,81.65,7.0,7.0,6
17.0,male,11,1.73,61.24,7.0,4.0,7
17.0,male,11,1.85,73.94,0.0,0.0,5
16.0,male,11,1.88,99.79,2.0,5.0,8
17.0,male,11,1.8,63.5,2.0,0.0,7
16.0,male,11,1.8,72.58,2.0,1.0,8
17.0,male,11,1.8,104.33,5.0,0.0,6
16.0,male,11,1.85,97.52,7.0,7.0,7
17.0,male,11,1.78,63.5,7.0,5.0,<5
17.0,male,11,1.85,81.65,7.0,4.0,6
17.0,male,11,1.78,74.84,7.0,0.0,8
16.0,male,11,1.83,80.74,3.0,5.0,7
17.0,male,11,1.75,74.84,3.0,2.0,8
17.0,female,12,1.73,69.4,4.0,2.0,7
17.0,female,12,1.68,57.15,3.0,0.0,6
18.0,female,12,1.5,44.45,1.0,0.0,6
18.0,female,12,1.68,61.24,4.0,2.0,7
18.0,female,12,1.6,58.97,0.0,0.0,7
18.0,female,12,1.57,49.9,3.0,0.0,6
17.0,female,12,1.68,55.34,6.0,6.0,7
17.0,female,12,,,0.0,0.0,5
18.0,female,12,1.65,62.14,4.0,3.0,7
18.0,female,12,1.68,63.5,5.0,3.0,<5
17.0,male,12,1.8,76.2,2.0,4.0,8
18.0,male,12,1.75,68.04,3.0,0.0,7
17.0,male,12,1.75,68.04,5.0,0.0,9
17.0,male,12,1.85,68.04,7.0,7.0,8
17.0,male,12,1.75,70.31,7.0,5.0,8
17.0,male,12,1.78,68.95,4.0,5.0,7
15.0,male,9,1.75,78.02,7.0,5.0,7
14.0,female,9,1.65,50.8,1.0,0.0,8
15.0,female,9,1.78,80.74,6.0,2.0,8
14.0,female,9,1.68,56.7,7.0,7.0,8
14.0,female,9,1.55,54.89,5.0,3.0,5
14.0,female,9,1.68,49.9,3.0,5.0,5
14.0,female,9,1.7,45.36,6.0,4.0,5
15.0,female,9,1.65,48.54,7.0,7.0,7
14.0,female,9,1.65,57.15,5.0,0.0,8
15.0,female,9,1.73,58.97,7.0,3.0,6
14.0,female,9,1.63,54.43,5.0,2.0,7
14.0,female,9,1.73,78.02,3.0,5.0,7
15.0,male,9,1.8,74.84,6.0,2.0,9
14.0,male,9,1.5,45.81,7.0,5.0,9
13.0,male,other,1.78,52.62,3.0,1.0,9
15.0,male,9,1.83,77.11,7.0,7.0,9
15.0,male,9,1.68,63.5,7.0,5.0,9
14.0,male,9,1.78,58.97,4.0,7.0,6
14.0,male,other,1.6,49.9,7.0,7.0,7
14.0,male,9,1.78,57.61,7.0,7.0,9
14.0,male,9,1.63,47.63,6.0,6.0,6
15.0,male,9,1.8,88.45,4.0,3.0,9
15.0,male,9,1.68,58.97,4.0,5.0,7
15.0,male,9,1.78,75.75,5.0,4.0,6
15.0,male,9,1.83,86.18,5.0,3.0,9
15.0,male,9,1.8,70.31,7.0,4.0,9
13.0,male,other,1.52,35.38,7.0,6.0,9
13.0,male,other,1.63,43.55,4.0,3.0,9
15.0,male,9,1.78,64.41,6.0,5.0,7
14.0,male,9,1.73,68.95,7.0,5.0,7
13.0,male,other,1.68,72.58,6.0,2.0,7
15.0,male,9,1.8,63.5,3.0,1.0,6
15.0,male,9,1.73,63.5,6.0,5.0,8
18.0,female,12,1.57,58.06,3.0,1.0,8
,female,,,,5.0,5.0,<5
18.0,female,12,1.8,79.38,5.0,5.0,9
18.0,female,12,1.57,73.94,6.0,6.0,7
17.0,female,12,,,2.0,0.0,6
18.0,female,12,1.73,54.43,0.0,0.0,6
17.0,female,12,1.52,56.7,7.0,0.0,7
18.0,female,12,1.63,62.6,2.0,0.0,7
16.0,female,12,1.57,55.34,4.0,5.0,8
18.0,female,12,1.63,54.43,4.0,3.0,9
18.0,female,12,1.6,47.63,7.0,7.0,5
17.0,female,12,1.65,54.43,2.0,3.0,8
17.0,female,12,1.6,40.82,4.0,4.0,8
18.0,male,12,,,3.0,5.0,8
18.0,male,12,1.83,86.18,3.0,2.0,5
17.0,male,12,1.78,64.41,2.0,0.0,<5
18.0,male,12,1.85,131.09,1.0,2.0,7
17.0,male,12,1.8,61.24,,,
18.0,male,12,1.88,180.99,0.0,0.0,<5
17.0,male,12,1.78,77.11,3.0,1.0,8
18.0,male,12,1.9,95.26,4.0,4.0,5
17.0,male,12,1.83,63.5,3.0,2.0,6
18.0,male,12,1.85,72.58,5.0,5.0,<5
18.0,male,12,1.75,70.31,7.0,7.0,6
18.0,male,12,1.83,74.84,7.0,3.0,7
17.0,male,12,1.85,104.33,7.0,7.0,7
18.0,male,12,,,7.0,7.0,5
18.0,male,12,1.83,65.77,3.0,4.0,8
18.0,male,12,1.75,81.65,5.0,6.0,7
18.0,male,12,1.75,88.45,7.0,3.0,5
16.0,female,11,1.63,72.58,5.0,4.0,7
17.0,female,11,1.57,44.91,4.0,4.0,7
17.0,female,12,1.57,40.82,4.0,1.0,7
17.0,female,11,1.83,72.58,6.0,5.0,8
17.0,female,11,1.7,65.77,4.0,4.0,6
17.0,female,11,1.68,56.7,3.0,3.0,7
16.0,female,11,1.63,54.43,6.0,4.0,8
16.0,female,11,1.65,45.36,7.0,7.0,5
16.0,female,11,1.68,53.52,6.0,6.0,<5
17.0,female,11,1.7,56.7,1.0,0.0,6
16.0,female,11,1.63,72.58,5.0,0.0,<5
16.0,female,11,1.73,71.67,5.0,5.0,7
17.0,female,11,1.52,38.56,1.0,0.0,6
16.0,female,11,1.6,56.7,2.0,2.0,<5
17.0,female,11,,,4.0,4.0,6
16.0,female,11,1.85,79.38,7.0,7.0,6
17.0,female,11,1.6,54.43,4.0,4.0,7
16.0,female,11,,,0.0,4.0,<5
16.0,female,11,1.55,64.86,0.0,0.0,<5
17.0,female,11,1.6,85.28,2.0,0.0,7
,male,,,,7.0,7.0,6
17.0,male,11,1.83,73.03,2.0,3.0,6
17.0,male,11,1.96,68.95,6.0,4.0,5
17.0,male,11,1.73,64.41,5.0,0.0,8
16.0,male,10,1.63,77.11,7.0,5.0,8
17.0,male,11,1.85,81.65,7.0,7.0,8
16.0,male,11,,,0.0,0.0,6
17.0,male,11,1.6,79.38,7.0,5.0,8
17.0,male,11,1.73,59.88,7.0,4.0,7
17.0,male,11,1.88,79.38,6.0,3.0,7
16.0,male,11,1.8,61.24,5.0,0.0,5
17.0,male,11,1.88,76.2,4.0,0.0,8
15.0,female,10,1.52,68.04,6.0,3.0,6
15.0,female,10,1.8,69.85,4.0,0.0,<5
16.0,female,10,1.57,52.16,2.0,0.0,8
15.0,female,10,1.63,75.3,1.0,1.0,5
15.0,female,10,1.6,83.01,2.0,4.0,5
16.0,female,10,1.6,52.16,3.0,3.0,8
16.0,female,10,1.8,86.18,5.0,5.0,7
16.0,female,10,1.52,51.26,4.0,2.0,7
16.0,male,10,1.78,63.5,7.0,7.0,5
16.0,male,10,1.8,78.02,7.0,5.0,8
16.0,male,10,1.75,53.07,2.0,7.0,6
16.0,male,10,1.73,65.77,3.0,3.0,5
16.0,male,10,1.8,57.61,7.0,7.0,6
16.0,male,10,,,7.0,4.0,6
16.0,male,10,1.6,56.7,,,
17.0,male,10,1.98,88.45,5.0,3.0,8
16.0,male,10,1.9,65.77,7.0,7.0,10+
14.0,female,9,1.73,47.63,0.0,0.0,5
16.0,female,9,1.6,55.79,5.0,5.0,8
14.0,female,9,1.6,81.65,0.0,0.0,7
15.0,female,9,1.68,47.63,2.0,0.0,8
15.0,female,9,1.63,52.16,7.0,7.0,9
15.0,female,9,,,0.0,0.0,9
15.0,female,9,1.57,44.45,1.0,2.0,7
15.0,female,9,,,1.0,0.0,7
14.0,female,9,1.52,34.02,0.0,0.0,7
15.0,female,9,1.65,50.35,4.0,3.0,7
15.0,female,9,1.57,47.63,6.0,6.0,6
15.0,female,9,1.52,45.36,3.0,3.0,8
15.0,female,9,1.65,68.04,1.0,0.0,7
15.0,female,9,1.83,59.42,7.0,7.0,9
15.0,male,9,,,7.0,7.0,8
15.0,male,9,1.8,78.02,5.0,3.0,8
15.0,male,9,1.8,112.04,5.0,5.0,7
15.0,male,9,1.73,53.07,6.0,1.0,6
15.0,male,9,1.83,111.13,5.0,4.0,8
15.0,male,9,1.52,78.93,2.0,0.0,6
15.0,male,9,1.83,74.84,7.0,6.0,8
16.0,male,9,1.8,83.92,5.0,4.0,8
15.0,male,9,1.78,72.58,5.0,5.0,9
14.0,male,9,1.88,74.84,3.0,0.0,7
14.0,male,9,,,7.0,7.0,8
15.0,male,9,1.63,45.36,3.0,2.0,7
14.0,male,9,1.63,58.97,3.0,2.0,6
15.0,male,9,1.7,49.9,7.0,4.0,7
14.0,male,9,1.83,77.11,5.0,5.0,7
15.0,male,9,1.73,85.28,4.0,2.0,7
14.0,male,9,,,7.0,2.0,7
15.0,male,9,1.85,58.97,0.0,0.0,6
15.0,male,9,1.88,70.31,5.0,5.0,8
15.0,male,9,1.88,74.84,7.0,7.0,9
15.0,female,9,1.73,53.07,2.0,2.0,8
15.0,female,9,1.52,45.81,7.0,7.0,8
15.0,female,9,1.57,51.26,7.0,0.0,<5
15.0,female,9,,,2.0,0.0,6
14.0,female,9,1.63,54.43,3.0,0.0,6
14.0,female,9,1.6,53.07,7.0,6.0,5
15.0,female,9,1.52,74.84,4.0,3.0,<5
15.0,female,9,,,1.0,0.0,
14.0,male,9,1.75,63.5,3.0,3.0,7
16.0,male,9,1.8,68.04,7.0,5.0,6
16.0,male,10,1.93,82.56,2.0,0.0,5
16.0,male,10,1.73,68.04,3.0,3.0,5
14.0,male,9,1.75,58.97,5.0,7.0,7
14.0,male,9,,,7.0,7.0,<5
15.0,male,9,1.75,81.65,7.0,0.0,5
15.0,male,9,,,4.0,3.0,<5
15.0,male,9,1.83,58.97,7.0,4.0,8
15.0,male,9,,,2.0,2.0,9
15.0,male,9,1.73,63.5,5.0,2.0,7
15.0,male,9,1.78,79.38,4.0,5.0,7
17.0,female,12,,,7.0,7.0,7
17.0,female,12,1.52,56.7,0.0,0.0,<5
18.0,female,12,1.7,51.26,0.0,0.0,8
18.0,female,12,1.73,87.54,,7.0,8
17.0,female,12,1.65,53.07,5.0,5.0,7
17.0,female,12,1.65,59.42,0.0,0.0,6
18.0,male,12,1.8,79.38,4.0,2.0,9
18.0,male,12,1.8,63.5,7.0,7.0,7
18.0,male,12,1.8,68.95,7.0,7.0,5
17.0,male,12,1.83,95.26,2.0,0.0,8
18.0,male,12,1.78,63.5,7.0,0.0,8
18.0,male,12,1.7,68.04,1.0,7.0,5
18.0,male,12,1.73,59.88,4.0,3.0,<5
18.0,male,12,1.73,60.33,5.0,5.0,7
18.0,male,12,1.78,58.06,1.0,0.0,5
18.0,male,12,1.85,73.03,4.0,4.0,7
18.0,male,12,1.7,70.31,2.0,2.0,7
17.0,male,12,1.83,63.96,3.0,7.0,6
18.0,male,12,1.73,100.7,3.0,1.0,5
17.0,female,11,1.7,54.43,7.0,7.0,7
17.0,female,11,1.6,46.72,2.0,2.0,8
17.0,female,11,,,4.0,3.0,5
16.0,female,11,1.6,63.5,0.0,0.0,<5
16.0,female,11,1.7,96.62,0.0,0.0,7
17.0,female,11,1.68,53.07,6.0,5.0,7
16.0,male,11,1.85,76.2,7.0,5.0,5
17.0,female,11,,,0.0,2.0,7
17.0,female,11,1.6,45.36,1.0,1.0,6
16.0,male,11,1.88,99.79,2.0,0.0,6
17.0,male,11,1.85,86.64,7.0,5.0,8
18.0,male,11,1.8,68.04,7.0,2.0,6
17.0,male,11,1.7,74.84,0.0,2.0,7
17.0,male,11,,,0.0,0.0,7
18.0,male,12,1.83,90.72,4.0,2.0,6
17.0,male,11,1.78,56.25,1.0,3.0,7
17.0,male,11,,,7.0,7.0,7
17.0,male,11,1.83,58.06,0.0,0.0,<5
17.0,male,11,1.7,58.97,6.0,0.0,7
16.0,female,10,1.63,65.77,4.0,3.0,5
15.0,female,10,1.75,65.77,0.0,0.0,10+
16.0,female,10,1.75,74.84,6.0,5.0,7
16.0,female,10,1.75,81.65,2.0,2.0,7
16.0,female,10,1.63,54.43,3.0,3.0,8
16.0,female,10,1.65,75.3,3.0,0.0,7
16.0,female,10,1.55,65.77,7.0,0.0,6
15.0,female,10,1.65,47.63,2.0,0.0,6
16.0,female,10,1.63,63.5,0.0,0.0,7
16.0,female,10,1.52,40.37,7.0,7.0,5
16.0,female,10,1.6,74.39,5.0,5.0,8
16.0,male,10,1.7,68.95,5.0,6.0,7
16.0,male,10,1.8,73.94,7.0,7.0,9
16.0,male,10,1.83,88.45,7.0,1.0,5
16.0,male,10,1.73,57.61,3.0,2.0,7
16.0,male,10,1.68,61.24,7.0,7.0,9
18.0,female,12,1.65,58.06,0.0,0.0,5
18.0,female,12,,,5.0,2.0,5
18.0,female,12,1.6,58.97,7.0,7.0,7
17.0,female,12,1.55,68.04,2.0,2.0,9
18.0,female,12,1.6,58.97,7.0,7.0,7
18.0,female,12,1.55,56.25,4.0,4.0,8
18.0,female,12,1.63,108.86,7.0,7.0,7
18.0,male,12,1.63,53.07,7.0,7.0,8
17.0,male,12,1.75,113.4,7.0,0.0,7
18.0,male,12,1.78,61.69,2.0,0.0,8
18.0,male,12,1.8,104.33,7.0,7.0,5
18.0,male,12,1.8,92.99,0.0,5.0,7
18.0,male,12,1.7,61.24,7.0,0.0,6
18.0,male,12,1.8,95.26,7.0,7.0,7
17.0,male,12,1.78,79.38,7.0,5.0,<5
18.0,male,12,1.83,99.79,4.0,0.0,10+
17.0,male,12,1.65,72.58,7.0,7.0,6
18.0,male,12,1.9,81.19,7.0,7.0,8
18.0,male,12,1.73,68.04,7.0,7.0,<5
18.0,male,12,1.78,73.94,7.0,7.0,8
16.0,female,10,1.55,53.07,4.0,2.0,9
15.0,female,10,1.65,59.42,7.0,7.0,8
16.0,female,10,1.7,53.07,5.0,5.0,8
16.0,female,10,1.63,52.16,1.0,1.0,7
16.0,female,10,1.68,65.77,7.0,5.0,8
15.0,female,10,1.73,57.61,7.0,7.0,6
15.0,female,10,1.52,48.54,1.0,0.0,7
15.0,female,10,1.7,69.4,2.0,1.0,7
15.0,female,10,1.63,52.16,7.0,7.0,7
16.0,female,10,1.68,70.31,1.0,3.0,7
16.0,male,10,1.78,63.5,7.0,7.0,10+
17.0,male,10,1.73,54.43,4.0,2.0,7
18.0,male,12,1.73,88.45,0.0,0.0,6
16.0,male,10,1.85,90.72,5.0,5.0,10+
16.0,male,10,,,2.0,2.0,7
16.0,male,10,1.78,77.11,4.0,2.0,<5
15.0,male,10,1.65,65.77,7.0,3.0,7
16.0,male,10,1.75,58.97,3.0,3.0,5
15.0,male,10,1.73,75.75,7.0,7.0,7
17.0,male,10,1.85,65.77,3.0,5.0,5
16.0,male,10,1.8,86.18,3.0,0.0,7
15.0,male,9,1.73,60.78,7.0,7.0,8
16.0,male,9,1.78,94.8,6.0,3.0,9
14.0,male,9,1.6,67.13,3.0,5.0,8
16.0,male,9,1.75,60.33,5.0,5.0,9
14.0,male,9,1.73,72.58,5.0,4.0,7
15.0,male,9,1.75,72.58,3.0,2.0,9
16.0,male,9,1.65,83.92,,,6
15.0,male,9,1.8,70.31,7.0,7.0,8
15.0,male,9,1.73,59.88,7.0,3.0,8
14.0,male,9,1.73,59.88,4.0,7.0,5
14.0,male,9,1.8,68.04,7.0,6.0,8
15.0,male,9,1.57,47.63,7.0,7.0,8
15.0,male,9,,,2.0,1.0,6
15.0,male,9,1.78,99.79,7.0,7.0,7
15.0,male,9,1.7,69.4,4.0,0.0,7
14.0,male,9,1.6,48.99,2.0,0.0,8
15.0,female,9,1.6,39.92,4.0,2.0,10+
17.0,female,11,1.63,65.77,5.0,0.0,9
15.0,female,9,1.55,54.43,2.0,0.0,6
15.0,female,9,1.52,54.43,7.0,7.0,9
14.0,female,9,1.65,50.35,3.0,0.0,8
15.0,female,9,1.75,54.43,7.0,7.0,9
15.0,female,9,1.57,44.45,7.0,5.0,8
14.0,female,9,1.6,58.97,5.0,6.0,8
15.0,female,9,1.78,51.71,7.0,7.0,7
15.0,female,9,1.6,72.12,5.0,5.0,7
15.0,female,9,1.57,34.93,1.0,0.0,8
17.0,female,11,1.7,68.04,2.0,2.0,6
16.0,female,11,1.63,64.86,3.0,3.0,6
12.0,female,other,,,0.0,0.0,<5
17.0,female,11,1.57,64.41,2.0,0.0,7
16.0,female,11,1.7,58.97,0.0,0.0,8
17.0,female,11,1.57,63.5,7.0,5.0,10+
17.0,female,11,1.8,64.86,3.0,7.0,8
17.0,male,11,1.78,89.36,7.0,7.0,6
17.0,male,11,1.65,70.31,1.0,2.0,8
17.0,male,11,1.88,72.58,4.0,0.0,7
17.0,male,11,1.7,88.91,7.0,7.0,8
18.0,male,11,1.83,108.86,7.0,7.0,6
18.0,male,11,1.8,75.3,3.0,0.0,6
17.0,male,11,1.9,95.26,2.0,5.0,7
16.0,male,11,1.8,67.13,7.0,7.0,7
18.0,male,11,1.65,61.69,7.0,7.0,7
17.0,male,12,1.8,72.58,6.0,6.0,5
16.0,male,11,1.78,54.43,4.0,1.0,8
17.0,male,11,,,5.0,0.0,6
17.0,male,11,1.73,63.05,7.0,3.0,7
17.0,male,11,1.78,88.91,5.0,0.0,7
17.0,female,11,1.45,58.97,0.0,1.0,8
17.0,male,11,1.83,84.37,6.0,5.0,6
16.0,male,11,1.8,81.65,0.0,7.0,10+
16.0,male,11,1.88,63.5,7.0,4.0,7
16.0,male,11,1.7,68.49,2.0,1.0,7
17.0,male,11,1.78,119.75,6.0,7.0,8
16.0,female,11,1.5,52.62,0.0,0.0,8
17.0,female,11,1.55,43.09,3.0,0.0,7
17.0,female,11,1.57,44.45,0.0,2.0,7
16.0,female,11,1.63,58.97,7.0,7.0,8
16.0,female,11,1.6,53.52,7.0,0.0,8
17.0,male,12,1.83,80.29,7.0,6.0,8
17.0,male,12,1.83,87.54,2.0,0.0,6
18.0,female,12,1.6,57.61,0.0,4.0,6
18.0,female,12,1.57,54.43,7.0,5.0,6
17.0,female,12,1.57,61.24,1.0,1.0,8
17.0,female,12,1.63,47.63,4.0,3.0,8
18.0,female,12,1.6,67.13,0.0,0.0,6
18.0,female,12,1.57,58.06,6.0,6.0,5
17.0,female,12,1.57,54.89,3.0,0.0,7
17.0,female,12,,,0.0,0.0,8
,female,,,,1.0,2.0,5
15.0,male,10,1.7,65.77,7.0,2.0,8
16.0,male,10,1.7,56.25,3.0,1.0,8
15.0,male,10,1.78,68.04,5.0,0.0,<5
15.0,female,10,1.42,44.91,0.0,0.0,6
17.0,female,10,1.57,56.7,2.0,2.0,6
17.0,female,10,1.63,60.78,0.0,0.0,7
17.0,female,10,1.55,54.43,2.0,2.0,<5
16.0,female,10,1.55,52.62,3.0,0.0,6
18.0,female,9,,,,4.0,<5
17.0,female,10,1.57,57.61,7.0,7.0,8
15.0,female,10,1.65,75.3,1.0,2.0,5
15.0,female,10,1.68,53.52,6.0,5.0,7
17.0,male,10,1.68,88.45,5.0,2.0,7
16.0,male,10,1.8,70.31,3.0,2.0,8
,female,,,,0.0,0.0,7
16.0,female,10,1.63,95.71,0.0,0.0,7
15.0,female,10,1.57,82.56,0.0,0.0,5
16.0,female,10,1.52,48.99,1.0,0.0,<5
17.0,female,10,1.57,45.36,0.0,0.0,8
18.0,male,12,1.83,136.08,3.0,3.0,6
17.0,male,12,1.78,59.88,0.0,0.0,5
18.0,male,12,1.83,115.21,2.0,0.0,<5
18.0,male,12,1.75,69.85,1.0,0.0,6
18.0,male,12,1.73,67.13,0.0,1.0,5
17.0,male,12,1.75,72.12,7.0,7.0,6
18.0,male,12,1.93,163.3,0.0,0.0,7
17.0,male,12,1.85,74.84,0.0,0.0,9
17.0,female,12,1.65,87.09,3.0,0.0,6
18.0,female,12,1.68,61.24,0.0,0.0,7
18.0,female,12,1.45,49.44,2.0,0.0,7
18.0,female,12,1.57,49.9,2.0,2.0,7
18.0,female,12,1.55,58.06,0.0,0.0,8
18.0,female,12,1.6,58.06,2.0,0.0,9
18.0,female,12,1.6,58.97,5.0,2.0,10+
18.0,female,12,1.73,92.53,0.0,0.0,7
17.0,female,12,1.57,56.25,6.0,6.0,7
16.0,male,11,1.8,72.58,7.0,7.0,9
16.0,female,11,1.68,130.18,2.0,0.0,6
18.0,male,12,1.78,102.06,7.0,2.0,8
16.0,male,11,1.75,58.06,1.0,0.0,8
18.0,male,11,1.8,83.46,7.0,0.0,6
18.0,male,11,1.78,124.74,4.0,3.0,<5
16.0,female,11,1.57,81.65,0.0,0.0,5
17.0,female,11,1.63,57.61,5.0,2.0,7
17.0,female,11,1.57,56.7,7.0,0.0,10+
16.0,female,11,1.52,49.44,0.0,0.0,8
18.0,female,11,1.6,48.54,2.0,2.0,8
16.0,female,11,1.57,47.63,3.0,0.0,8
17.0,female,11,1.63,71.22,3.0,3.0,6
16.0,female,11,1.63,49.9,0.0,0.0,7
17.0,female,11,1.52,44.0,7.0,7.0,8
18.0,female,11,1.68,81.65,1.0,3.0,6
17.0,female,11,1.63,61.24,3.0,2.0,7
18.0,male,12,1.78,61.24,0.0,7.0,7
18.0,female,12,1.65,64.41,7.0,4.0,7
17.0,male,12,1.83,67.59,6.0,7.0,7
17.0,male,12,1.75,96.62,3.0,1.0,8
18.0,male,12,1.65,63.5,0.0,0.0,<5
18.0,female,12,1.8,125.19,3.0,3.0,7
18.0,female,12,1.57,64.41,3.0,0.0,7
18.0,female,12,1.8,113.4,0.0,0.0,7
18.0,female,12,1.65,78.02,3.0,3.0,7
18.0,female,12,1.63,72.58,7.0,7.0,8
18.0,female,12,1.6,109.77,0.0,0.0,5
18.0,female,12,1.63,99.79,1.0,0.0,<5
18.0,female,12,1.57,69.4,0.0,0.0,5
17.0,female,12,1.55,54.89,2.0,2.0,9
18.0,female,12,1.52,46.72,6.0,5.0,8
17.0,male,11,1.65,47.63,7.0,7.0,7
18.0,male,11,1.73,160.12,3.0,2.0,6
,,,,,5.0,5.0,8
17.0,male,12,1.8,74.84,,,
18.0,male,12,1.78,67.13,7.0,7.0,5
18.0,male,11,1.6,61.24,7.0,7.0,9
17.0,female,11,1.57,44.0,0.0,2.0,6
17.0,female,11,,,3.0,4.0,7
17.0,female,11,1.55,68.04,3.0,3.0,6
18.0,female,12,1.63,44.0,0.0,0.0,7
16.0,female,11,1.63,77.11,1.0,7.0,8
17.0,female,11,1.6,54.43,0.0,4.0,7
17.0,female,11,1.6,47.63,1.0,0.0,8
17.0,female,11,1.63,49.9,0.0,0.0,9
18.0,female,12,1.63,81.65,0.0,0.0,5
18.0,female,11,1.57,54.89,0.0,0.0,8
18.0,female,11,1.6,74.39,1.0,0.0,6
18.0,female,12,1.52,49.9,6.0,5.0,5
16.0,female,11,1.55,62.6,1.0,0.0,7
17.0,female,11,1.68,51.26,7.0,1.0,8
16.0,female,11,1.7,47.17,2.0,0.0,9
16.0,female,11,1.63,81.19,0.0,0.0,8
17.0,female,11,1.65,77.57,3.0,0.0,8
16.0,female,11,1.6,61.24,3.0,0.0,6
16.0,male,11,1.88,74.39,7.0,2.0,7
17.0,male,11,1.88,76.66,0.0,2.0,8
16.0,male,11,1.7,49.9,3.0,2.0,6
17.0,male,11,1.68,61.24,0.0,7.0,6
16.0,male,11,1.63,49.9,7.0,1.0,6
17.0,male,11,1.9,83.01,0.0,2.0,6
16.0,male,11,1.73,106.14,7.0,0.0,7
18.0,male,12,1.85,81.65,3.0,3.0,6
15.0,female,9,1.57,71.67,4.0,0.0,9
18.0,female,9,,,3.0,3.0,9
17.0,female,9,1.6,60.78,0.0,1.0,5
15.0,male,9,1.88,67.13,0.0,7.0,8
15.0,male,9,1.8,73.94,3.0,4.0,6
16.0,male,9,1.75,69.85,2.0,1.0,<5
15.0,male,9,1.9,115.67,2.0,0.0,5
16.0,female,9,1.78,59.88,5.0,5.0,6
15.0,female,9,1.7,78.02,0.0,0.0,8
16.0,female,9,1.63,49.44,7.0,7.0,9
15.0,male,9,1.93,68.95,7.0,3.0,10+
15.0,male,9,1.78,72.58,5.0,3.0,7
14.0,male,9,1.83,74.39,2.0,0.0,6
16.0,male,9,1.8,60.78,0.0,7.0,9
16.0,male,11,1.63,49.9,0.0,3.0,9
17.0,male,10,1.85,72.58,2.0,7.0,8
15.0,female,9,1.63,54.43,0.0,0.0,8
17.0,male,10,1.68,58.97,4.0,3.0,9
16.0,male,10,1.7,79.83,0.0,0.0,6
16.0,female,10,1.32,33.11,4.0,0.0,10+
15.0,female,10,1.57,56.25,3.0,3.0,7
16.0,female,10,1.7,59.88,4.0,5.0,6
15.0,female,10,,,3.0,3.0,8
16.0,female,10,1.57,66.23,7.0,7.0,10+
15.0,female,10,1.7,83.92,0.0,1.0,6
16.0,female,10,1.75,82.56,7.0,7.0,<5
16.0,female,10,1.7,84.82,3.0,3.0,8
16.0,female,10,1.73,55.34,7.0,3.0,10+
16.0,female,10,1.6,79.83,2.0,2.0,7
17.0,male,10,1.63,65.77,0.0,0.0,8
16.0,male,10,1.8,62.6,6.0,3.0,8
16.0,male,10,,,7.0,7.0,<5
16.0,male,10,1.93,59.88,4.0,3.0,<5
16.0,male,10,1.85,73.94,7.0,7.0,8
16.0,male,10,1.78,83.01,7.0,7.0,6
17.0,male,10,1.75,63.5,7.0,4.0,8
,male,10,,,0.0,0.0,<5
17.0,male,11,1.78,44.91,0.0,0.0,7
18.0,female,12,1.7,49.9,2.0,0.0,6
18.0,female,12,1.6,67.59,5.0,4.0,7
18.0,female,12,1.57,83.01,4.0,2.0,6
18.0,female,12,1.7,49.9,2.0,2.0,7
18.0,female,12,1.8,63.96,7.0,7.0,6
18.0,female,12,1.5,49.9,0.0,0.0,5
18.0,female,12,1.63,68.49,2.0,0.0,6
18.0,female,12,1.75,70.31,1.0,0.0,8
17.0,female,12,1.63,69.85,5.0,5.0,9
17.0,female,12,1.55,63.5,3.0,0.0,6
18.0,female,12,1.57,58.97,7.0,2.0,7
18.0,female,12,1.73,56.7,4.0,4.0,6
18.0,male,12,1.85,135.63,0.0,0.0,5
18.0,male,12,1.93,69.85,0.0,7.0,8
18.0,male,12,1.57,67.13,1.0,1.0,8
17.0,male,12,1.85,70.31,7.0,2.0,6
17.0,male,12,1.75,65.77,1.0,1.0,<5
17.0,male,12,1.78,81.65,4.0,3.0,6
18.0,male,12,1.73,63.96,7.0,4.0,8
18.0,male,12,1.8,61.69,0.0,7.0,9
17.0,male,12,1.73,63.5,4.0,4.0,8
18.0,male,12,1.63,127.01,1.0,2.0,5
15.0,male,10,1.37,49.9,7.0,2.0,5
17.0,male,10,1.8,74.39,7.0,7.0,8
17.0,male,11,1.75,79.83,7.0,7.0,6
18.0,female,12,1.68,81.65,0.0,0.0,<5
16.0,female,10,1.73,122.47,5.0,4.0,7
16.0,female,10,1.63,58.97,0.0,0.0,10+
16.0,female,10,1.68,101.61,3.0,4.0,9
17.0,female,10,1.78,110.22,3.0,2.0,7
16.0,female,10,1.65,66.23,2.0,0.0,6
15.0,female,10,1.63,63.5,0.0,0.0,7
16.0,female,10,,,3.0,1.0,6
15.0,female,10,1.55,56.7,2.0,0.0,8
15.0,female,10,1.93,95.71,0.0,0.0,5
16.0,male,9,1.73,65.77,4.0,5.0,8
15.0,male,9,1.7,57.61,5.0,3.0,6
14.0,male,9,1.9,158.76,5.0,4.0,7
15.0,male,9,1.68,45.36,2.0,5.0,7
15.0,male,9,1.73,61.24,4.0,7.0,8
16.0,male,9,,,2.0,0.0,8
16.0,male,10,1.83,74.84,2.0,7.0,8
15.0,male,9,1.8,74.84,5.0,3.0,7
14.0,female,9,1.6,83.92,2.0,1.0,6
16.0,female,9,1.7,70.31,3.0,3.0,<5
15.0,female,9,1.52,54.43,1.0,0.0,7
15.0,female,9,1.55,79.83,0.0,0.0,8
14.0,female,9,1.63,55.79,5.0,2.0,6
16.0,female,9,1.65,74.84,7.0,1.0,8
15.0,male,9,1.73,58.97,7.0,7.0,7
16.0,male,10,1.78,112.49,5.0,5.0,6
14.0,male,9,1.65,90.72,0.0,0.0,<5
14.0,male,9,1.93,83.92,7.0,7.0,7
15.0,male,9,1.83,72.58,7.0,3.0,6
14.0,male,9,1.8,63.5,7.0,7.0,7
15.0,male,9,1.8,83.92,7.0,7.0,8
15.0,male,9,1.83,79.38,7.0,4.0,9
14.0,male,9,1.65,48.99,7.0,4.0,9
15.0,male,9,1.9,84.82,7.0,5.0,8
15.0,male,9,1.83,63.96,5.0,7.0,6
14.0,male,9,1.75,72.58,4.0,4.0,6
14.0,female,9,1.52,44.45,0.0,0.0,7
14.0,female,9,1.68,71.22,3.0,3.0,7
15.0,female,9,1.88,74.84,0.0,0.0,8
14.0,female,9,1.6,51.71,6.0,7.0,9
15.0,female,9,1.63,49.9,3.0,0.0,8
15.0,female,9,1.55,44.45,3.0,5.0,7
15.0,female,9,1.6,56.25,4.0,0.0,5
14.0,female,9,1.65,48.08,0.0,3.0,7
15.0,female,9,1.57,60.78,0.0,0.0,8
14.0,female,9,1.65,56.7,7.0,5.0,8
15.0,female,9,1.73,54.89,0.0,0.0,5
15.0,female,9,1.45,54.43,6.0,6.0,9
14.0,female,9,1.75,70.31,5.0,3.0,7
15.0,female,9,1.68,52.62,3.0,0.0,8
15.0,female,9,1.63,82.56,4.0,2.0,8
14.0,female,9,1.63,77.11,7.0,2.0,<5
15.0,female,9,1.68,65.32,7.0,3.0,9
15.0,female,9,1.63,53.52,0.0,0.0,8
14.0,female,9,1.68,70.76,0.0,0.0,5
17.0,female,12,,,0.0,0.0,6
18.0,female,12,1.68,63.5,0.0,0.0,5
18.0,female,12,1.68,77.11,1.0,2.0,5
18.0,female,12,1.57,97.98,0.0,0.0,8
17.0,female,12,1.68,113.4,3.0,0.0,6
18.0,female,12,1.68,89.81,4.0,5.0,10+
18.0,female,12,1.57,56.7,0.0,0.0,<5
18.0,female,12,1.55,68.95,1.0,3.0,8
17.0,female,12,1.68,79.38,0.0,0.0,8
18.0,female,12,1.63,60.78,2.0,0.0,7
18.0,female,12,1.73,77.11,7.0,7.0,8
17.0,female,12,1.85,75.75,1.0,2.0,8
17.0,male,12,1.65,70.76,7.0,7.0,9
18.0,male,12,1.78,75.75,3.0,7.0,10+
18.0,male,12,1.65,65.77,3.0,0.0,<5
18.0,female,12,1.57,49.9,0.0,0.0,9
17.0,female,12,1.73,90.72,0.0,0.0,6
17.0,female,12,1.7,99.79,7.0,5.0,6
18.0,male,12,1.7,68.49,3.0,3.0,7
18.0,male,12,1.78,130.18,7.0,7.0,7
18.0,male,12,1.75,86.18,0.0,0.0,6
17.0,male,12,1.88,83.92,4.0,1.0,7
17.0,male,12,1.9,77.11,5.0,0.0,7
18.0,male,12,1.8,81.65,0.0,0.0,8
17.0,male,12,1.78,74.84,2.0,0.0,7
18.0,male,12,1.52,57.15,2.0,5.0,8
17.0,female,11,1.63,68.04,1.0,0.0,8
17.0,female,11,,,6.0,2.0,7
16.0,female,11,1.57,101.61,0.0,0.0,7
16.0,female,11,1.5,56.7,2.0,2.0,6
16.0,female,11,1.68,57.61,7.0,4.0,7
17.0,female,11,1.65,53.07,3.0,0.0,9
17.0,female,11,1.65,89.81,7.0,0.0,8
16.0,female,11,1.65,65.77,7.0,7.0,6
17.0,female,11,1.6,81.65,0.0,0.0,7
16.0,male,11,1.8,72.58,4.0,3.0,8
17.0,male,11,1.83,81.65,7.0,7.0,5
16.0,male,11,1.7,66.23,5.0,,6
16.0,male,11,1.8,65.77,4.0,0.0,5
17.0,male,12,1.73,43.09,4.0,0.0,7
17.0,male,11,1.83,94.35,3.0,2.0,6
17.0,male,11,1.85,99.79,7.0,0.0,6
17.0,male,11,1.73,63.5,3.0,2.0,7
17.0,male,11,1.65,66.68,3.0,0.0,7
17.0,male,11,1.78,108.86,5.0,4.0,9
16.0,male,11,1.8,87.09,6.0,2.0,<5
16.0,male,11,1.6,54.43,7.0,3.0,6
16.0,male,11,1.75,61.69,3.0,7.0,7
17.0,male,11,1.9,72.58,4.0,4.0,5
17.0,male,11,1.73,63.5,7.0,3.0,7
18.0,male,11,1.83,70.76,7.0,6.0,6
17.0,male,11,1.63,55.34,7.0,5.0,8
17.0,male,11,1.65,61.69,1.0,1.0,8
16.0,female,11,1.6,44.45,1.0,0.0,7
18.0,female,12,1.63,49.9,4.0,2.0,<5
18.0,female,11,1.57,55.79,7.0,7.0,8
18.0,female,12,1.68,76.2,1.0,0.0,9
18.0,female,12,1.57,45.36,0.0,0.0,7
17.0,female,11,1.65,51.71,7.0,0.0,8
17.0,female,11,1.68,49.44,0.0,0.0,<5
18.0,female,11,1.63,60.33,5.0,0.0,7
18.0,male,12,1.96,81.65,7.0,7.0,8
,male,12,,,5.0,6.0,7
18.0,male,11,1.8,73.94,0.0,0.0,8
18.0,male,12,1.83,83.92,2.0,0.0,6
17.0,male,12,1.75,65.77,2.0,0.0,6
18.0,male,12,1.9,76.2,2.0,0.0,9
18.0,male,12,1.78,83.92,5.0,4.0,8
17.0,female,12,1.57,50.8,4.0,1.0,8
18.0,female,12,1.57,81.65,0.0,0.0,5
18.0,female,12,1.7,76.2,0.0,1.0,<5
18.0,female,12,1.6,95.26,2.0,1.0,9
18.0,female,12,1.52,99.79,5.0,0.0,<5
18.0,female,12,1.5,49.9,0.0,0.0,8
17.0,female,12,1.65,59.88,7.0,7.0,6
18.0,female,12,1.6,56.7,0.0,0.0,7
18.0,female,12,1.65,90.72,2.0,0.0,6
17.0,female,11,1.68,62.14,3.0,3.0,6
17.0,female,10,1.52,50.8,3.0,7.0,10+
18.0,female,10,1.57,74.84,2.0,1.0,10+
15.0,female,10,1.55,44.45,7.0,7.0,6
16.0,female,10,1.65,63.05,3.0,1.0,9
16.0,female,10,1.73,54.43,3.0,0.0,<5
16.0,female,10,1.55,63.96,2.0,2.0,8
17.0,female,10,1.75,72.58,0.0,0.0,<5
17.0,male,10,1.7,73.48,4.0,4.0,8
15.0,male,10,1.78,70.31,7.0,7.0,6
16.0,male,10,1.78,149.69,5.0,7.0,5
16.0,male,11,1.75,59.42,4.0,6.0,7
15.0,male,10,1.85,127.92,7.0,2.0,6
16.0,male,10,1.75,67.13,2.0,4.0,7
17.0,male,10,1.96,72.58,2.0,2.0,7
17.0,male,10,,,5.0,5.0,8
15.0,male,10,1.65,54.89,3.0,0.0,9
15.0,male,10,1.83,85.73,7.0,6.0,6
16.0,male,10,1.83,74.84,2.0,1.0,7
17.0,male,10,,,4.0,5.0,6
15.0,male,10,1.83,68.95,3.0,5.0,7
16.0,male,9,1.75,78.02,7.0,3.0,6
15.0,male,9,1.73,73.94,4.0,4.0,7
17.0,male,9,1.75,63.05,7.0,7.0,<5
15.0,male,9,1.6,71.22,3.0,2.0,8
15.0,male,9,1.88,66.68,7.0,7.0,<5
15.0,male,9,1.75,66.23,4.0,5.0,6
15.0,male,9,1.9,69.85,7.0,7.0,6
15.0,male,9,1.68,69.4,6.0,7.0,6
15.0,male,9,1.7,106.6,3.0,3.0,8
15.0,male,9,1.83,70.31,3.0,7.0,<5
15.0,female,9,1.63,81.65,2.0,2.0,8
15.0,female,9,1.68,58.97,5.0,5.0,9
15.0,female,9,1.55,55.34,0.0,0.0,7
14.0,female,9,1.65,58.51,7.0,2.0,7
15.0,female,9,1.75,50.35,1.0,0.0,8
15.0,female,9,1.52,52.16,0.0,0.0,7
15.0,female,9,1.3,44.45,1.0,0.0,6
14.0,female,9,1.6,54.43,3.0,3.0,7
14.0,female,9,1.57,58.06,0.0,0.0,8
15.0,female,9,1.63,59.88,7.0,5.0,6
15.0,female,9,1.63,58.97,7.0,4.0,8
14.0,female,9,1.57,73.48,5.0,5.0,7
15.0,female,9,1.63,112.49,3.0,2.0,9
15.0,female,9,1.63,54.43,0.0,0.0,6
15.0,female,9,1.57,56.7,4.0,4.0,7
15.0,female,9,1.68,52.16,7.0,0.0,8
15.0,female,9,1.52,54.43,0.0,0.0,8
16.0,female,9,1.47,74.84,4.0,3.0,5
15.0,female,10,1.5,63.05,2.0,1.0,8
16.0,female,10,1.63,49.44,4.0,2.0,8
16.0,male,10,1.65,57.61,7.0,0.0,6
16.0,male,10,1.78,163.3,2.0,2.0,<5
17.0,male,10,1.75,81.19,7.0,3.0,8
17.0,male,10,1.9,85.73,3.0,3.0,7
16.0,male,10,1.7,62.6,1.0,4.0,7
16.0,male,10,1.68,74.84,4.0,2.0,
15.0,male,10,1.8,73.94,7.0,7.0,7
17.0,male,11,1.83,84.82,3.0,7.0,8
15.0,male,10,2.11,65.77,4.0,4.0,6
15.0,female,10,1.6,67.13,4.0,0.0,6
16.0,female,10,1.7,56.7,3.0,2.0,7
15.0,female,10,1.57,58.97,7.0,7.0,9
17.0,female,11,1.65,59.88,7.0,3.0,8
17.0,female,11,1.68,81.65,2.0,1.0,8
16.0,female,10,1.63,56.7,2.0,4.0,10+
15.0,female,10,1.63,55.34,0.0,0.0,8
18.0,female,11,1.63,72.58,0.0,0.0,6
15.0,female,10,1.6,69.4,4.0,4.0,7
17.0,female,10,1.63,72.58,7.0,7.0,7
15.0,male,9,1.83,68.04,5.0,3.0,7
15.0,male,9,1.78,97.52,5.0,7.0,5
15.0,male,9,1.73,58.97,6.0,5.0,8
14.0,female,9,1.68,45.36,3.0,2.0,6
15.0,female,9,1.63,50.8,5.0,1.0,6
14.0,female,9,1.55,50.8,5.0,4.0,6
15.0,female,9,1.57,40.82,0.0,1.0,6
15.0,female,9,1.7,56.7,0.0,0.0,7
14.0,female,9,1.63,54.43,0.0,0.0,6
15.0,female,9,1.68,45.81,5.0,5.0,<5
14.0,female,9,1.65,86.18,7.0,7.0,6
15.0,female,9,1.68,73.03,0.0,0.0,6
15.0,female,9,1.57,102.06,2.0,0.0,5
14.0,female,9,1.68,53.52,3.0,3.0,8
14.0,female,9,1.63,87.54,0.0,0.0,7
16.0,female,9,1.57,54.43,2.0,3.0,6
14.0,female,9,1.7,60.33,5.0,3.0,6
18.0,male,11,1.88,79.38,7.0,7.0,7
16.0,male,11,1.85,77.11,3.0,0.0,<5
17.0,male,11,1.73,87.54,7.0,7.0,8
17.0,male,11,1.73,61.24,6.0,2.0,6
16.0,male,11,1.75,66.68,3.0,3.0,7
16.0,male,11,1.78,94.35,2.0,1.0,7
16.0,male,11,1.88,70.31,3.0,1.0,6
16.0,male,11,1.85,74.84,7.0,7.0,6
17.0,male,11,1.73,92.99,4.0,2.0,6
17.0,female,11,1.57,91.17,1.0,0.0,7
16.0,female,11,1.63,53.52,2.0,3.0,6
17.0,female,11,1.73,84.37,0.0,0.0,9
17.0,female,11,1.68,87.09,2.0,0.0,7
16.0,female,11,1.52,70.31,2.0,0.0,7
16.0,female,11,1.65,72.58,6.0,5.0,5
17.0,male,11,1.73,100.7,5.0,4.0,5
18.0,male,11,1.75,68.04,7.0,7.0,<5
17.0,female,11,,,7.0,7.0,9
16.0,female,11,1.68,77.11,1.0,2.0,7
15.0,male,10,1.65,52.16,2.0,2.0,6
16.0,male,10,1.75,100.25,4.0,1.0,7
16.0,male,10,1.88,90.72,3.0,0.0,8
16.0,male,10,,,0.0,0.0,8
17.0,female,10,1.6,52.16,7.0,7.0,10+
18.0,female,12,,,2.0,0.0,<5
16.0,female,10,1.75,72.58,7.0,0.0,9
17.0,female,10,1.5,59.88,2.0,1.0,10+
18.0,male,12,1.8,95.26,4.0,4.0,8
18.0,male,12,1.88,84.37,3.0,0.0,5
17.0,male,12,1.9,102.06,5.0,4.0,5
18.0,male,12,1.85,106.14,7.0,3.0,5
18.0,male,12,1.78,90.27,4.0,0.0,6
18.0,male,12,1.68,67.59,6.0,2.0,7
18.0,male,12,1.75,68.04,2.0,0.0,5
18.0,male,12,1.6,69.4,6.0,1.0,9
17.0,female,12,1.52,63.5,1.0,0.0,8
18.0,female,12,1.6,65.77,7.0,7.0,5
17.0,female,12,1.55,48.99,0.0,0.0,<5
18.0,female,12,1.63,83.92,1.0,0.0,7
18.0,female,12,1.57,83.01,0.0,0.0,7
18.0,female,12,1.68,79.38,3.0,4.0,6
18.0,female,12,1.9,135.17,0.0,0.0,6
18.0,female,12,1.63,58.97,3.0,3.0,7
18.0,female,12,1.78,64.86,0.0,0.0,10+
18.0,female,12,1.63,49.9,3.0,0.0,5
17.0,female,12,1.68,72.58,1.0,1.0,6
18.0,female,12,1.52,79.38,0.0,0.0,7
15.0,male,9,1.65,48.99,5.0,1.0,8
14.0,male,9,1.75,97.52,5.0,3.0,8
14.0,male,9,1.6,51.26,5.0,2.0,8
14.0,male,9,1.63,98.88,2.0,0.0,6
14.0,male,9,1.68,61.24,7.0,3.0,7
16.0,male,9,1.9,84.37,7.0,7.0,8
15.0,male,9,1.7,68.04,7.0,0.0,10+
15.0,female,9,1.65,74.84,0.0,0.0,8
16.0,female,9,1.57,81.65,2.0,1.0,5
14.0,female,9,1.6,81.65,3.0,0.0,9
15.0,female,9,1.52,65.77,0.0,3.0,8
15.0,female,9,1.78,61.24,3.0,1.0,7
14.0,female,9,1.57,52.16,4.0,2.0,8
14.0,female,9,1.7,49.9,1.0,0.0,8
14.0,female,9,1.55,50.35,4.0,7.0,6
16.0,female,9,1.6,81.65,2.0,0.0,6
15.0,female,9,1.63,77.11,0.0,3.0,8
14.0,female,9,1.6,49.9,0.0,0.0,6
16.0,female,11,1.73,72.58,2.0,2.0,8
17.0,female,11,1.68,88.45,4.0,4.0,7
16.0,female,11,1.68,63.5,1.0,0.0,7
17.0,female,11,1.57,56.7,7.0,0.0,8
16.0,female,11,1.98,92.99,5.0,3.0,7
18.0,female,12,1.65,52.16,7.0,3.0,5
17.0,female,11,,,0.0,0.0,<5
17.0,male,11,1.73,86.18,7.0,7.0,8
16.0,male,11,1.88,131.09,0.0,0.0,6
17.0,male,11,1.8,69.85,7.0,7.0,8
17.0,male,11,1.9,115.67,5.0,6.0,6
17.0,male,11,1.75,86.18,7.0,7.0,5
16.0,male,11,1.78,79.38,7.0,3.0,9
18.0,male,11,1.85,79.38,3.0,0.0,7
16.0,male,11,1.83,68.04,7.0,5.0,7
16.0,female,10,1.65,83.46,0.0,0.0,7
16.0,female,10,1.73,75.75,1.0,1.0,<5
16.0,female,10,1.68,78.47,0.0,3.0,6
17.0,female,10,1.42,39.01,3.0,0.0,7
16.0,female,10,1.7,58.97,2.0,2.0,5
15.0,female,10,1.6,65.77,2.0,2.0,8
16.0,female,10,1.6,77.11,4.0,2.0,5
17.0,female,11,1.55,77.11,2.0,3.0,8
16.0,male,10,1.75,84.82,7.0,7.0,10+
17.0,male,11,1.68,54.43,4.0,0.0,7
16.0,male,10,1.73,66.68,5.0,,7
16.0,male,10,1.93,120.2,6.0,6.0,6
17.0,male,10,1.75,68.04,0.0,0.0,10+
17.0,male,10,1.57,52.16,2.0,2.0,9
17.0,male,10,1.75,69.4,7.0,7.0,6
18.0,male,12,1.8,122.47,1.0,1.0,7
18.0,male,12,1.73,88.45,0.0,2.0,5
17.0,male,12,1.7,70.31,0.0,1.0,<5
18.0,male,12,1.88,88.45,2.0,0.0,6
18.0,male,12,1.7,58.97,0.0,0.0,8
17.0,male,12,1.78,78.47,7.0,4.0,9
18.0,male,12,1.85,83.92,6.0,6.0,<5
17.0,male,12,1.9,80.74,7.0,0.0,6
17.0,male,12,1.8,73.94,4.0,0.0,5
17.0,male,12,1.73,77.11,6.0,6.0,8
18.0,male,12,1.88,99.79,0.0,0.0,5
18.0,female,12,1.52,49.9,7.0,7.0,8
18.0,female,12,1.63,71.67,4.0,0.0,6
18.0,female,12,1.57,77.11,3.0,7.0,6
17.0,female,12,1.63,51.71,2.0,1.0,7
18.0,female,12,1.63,119.75,0.0,0.0,5
17.0,female,12,1.68,90.27,5.0,3.0,6
17.0,female,12,1.7,86.18,2.0,1.0,7
17.0,female,12,1.73,91.17,2.0,0.0,6
17.0,female,12,1.57,108.86,0.0,0.0,6
18.0,female,12,1.75,59.88,4.0,0.0,5
16.0,female,11,1.63,44.91,7.0,7.0,6
16.0,female,11,1.6,69.4,0.0,0.0,7
16.0,female,10,1.73,76.2,0.0,0.0,8
16.0,female,11,1.75,58.97,7.0,7.0,5
17.0,female,11,1.78,124.29,0.0,2.0,8
16.0,female,11,,,2.0,0.0,5
16.0,female,11,1.55,52.16,1.0,1.0,6
17.0,female,11,1.7,81.65,5.0,3.0,6
17.0,male,11,1.73,58.97,7.0,7.0,<5
17.0,male,11,1.78,74.84,5.0,5.0,7
18.0,male,11,1.8,122.47,2.0,7.0,6
16.0,male,11,,,7.0,7.0,<5
17.0,male,11,1.7,67.59,3.0,0.0,5
16.0,male,11,1.78,70.76,7.0,7.0,7
17.0,male,11,1.6,56.7,7.0,7.0,5
17.0,male,11,,,3.0,7.0,7
17.0,male,11,1.73,113.4,5.0,7.0,8
16.0,male,11,1.9,77.11,0.0,7.0,6
17.0,male,11,1.78,88.45,3.0,3.0,6
16.0,male,11,1.88,117.94,3.0,3.0,5
16.0,male,11,1.88,70.31,7.0,2.0,6
16.0,male,11,1.75,63.96,5.0,7.0,7
16.0,male,11,1.8,65.77,2.0,2.0,8
16.0,male,11,1.7,65.77,4.0,2.0,8
16.0,male,11,1.8,88.45,7.0,7.0,8
16.0,male,10,1.83,61.69,7.0,7.0,8
16.0,male,10,1.7,59.42,7.0,7.0,7
15.0,male,10,1.7,76.2,5.0,0.0,10+
15.0,male,10,1.75,72.58,7.0,3.0,8
16.0,male,10,1.7,58.06,0.0,0.0,6
16.0,male,10,1.83,83.92,5.0,6.0,7
16.0,male,10,1.78,71.67,7.0,7.0,6
16.0,male,10,1.7,75.75,1.0,0.0,8
15.0,male,10,1.65,56.7,7.0,7.0,8
15.0,male,10,,,5.0,5.0,6
15.0,male,10,1.75,63.5,4.0,0.0,6
15.0,male,10,,,,,
16.0,male,10,1.75,95.26,0.0,0.0,8
15.0,male,10,1.88,74.84,4.0,2.0,7
16.0,male,10,1.55,68.49,7.0,7.0,<5
16.0,female,10,1.57,58.97,2.0,5.0,<5
15.0,female,10,1.6,46.27,,,6
16.0,female,10,1.63,48.08,6.0,6.0,8
15.0,female,10,1.63,58.97,4.0,4.0,8
15.0,female,10,1.6,63.5,5.0,5.0,6
16.0,female,10,1.55,51.26,0.0,0.0,8
16.0,female,10,1.68,63.5,2.0,1.0,6
15.0,female,10,1.63,40.82,4.0,3.0,7
17.0,female,10,1.75,97.52,0.0,0.0,9
16.0,female,10,1.52,48.54,,,8
18.0,male,12,,,7.0,7.0,6
18.0,male,12,1.68,67.13,7.0,7.0,7
18.0,male,12,1.93,131.54,5.0,2.0,8
17.0,male,12,1.73,104.33,4.0,2.0,9
18.0,male,12,1.78,63.5,7.0,7.0,7
18.0,male,12,1.7,63.05,0.0,0.0,7
17.0,male,12,1.73,75.75,4.0,4.0,<5
18.0,male,12,1.65,97.52,7.0,7.0,8
17.0,male,12,1.73,63.5,4.0,4.0,6
18.0,male,12,1.78,63.96,0.0,0.0,8
17.0,male,12,1.78,65.77,6.0,5.0,7
17.0,female,12,,,0.0,0.0,5
18.0,female,12,1.7,65.77,6.0,3.0,7
18.0,female,12,1.7,58.97,0.0,0.0,8
17.0,female,12,1.6,46.72,5.0,5.0,5
17.0,female,12,1.57,55.34,0.0,0.0,6
14.0,female,9,1.68,61.24,0.0,3.0,8
15.0,female,9,1.52,49.44,1.0,0.0,6
14.0,female,9,1.6,45.81,0.0,0.0,6
15.0,female,9,1.63,52.16,4.0,0.0,8
15.0,female,9,1.6,58.97,3.0,3.0,7
14.0,female,9,1.65,61.24,5.0,5.0,5
15.0,female,9,,,0.0,0.0,<5
15.0,female,9,1.5,45.36,0.0,0.0,8
14.0,female,9,1.6,65.32,,,
17.0,female,9,1.65,61.24,0.0,1.0,6
15.0,male,9,1.78,58.97,3.0,3.0,7
15.0,male,9,1.83,108.86,7.0,7.0,8
15.0,male,9,1.75,68.04,7.0,3.0,7
15.0,male,9,1.75,61.24,7.0,6.0,10+
15.0,male,9,1.63,73.94,2.0,1.0,7
15.0,male,9,1.75,68.04,7.0,7.0,8
14.0,male,9,1.73,74.84,6.0,4.0,8
15.0,male,10,1.6,64.86,0.0,0.0,7
15.0,male,10,1.63,59.42,4.0,2.0,6
15.0,male,10,1.78,56.7,7.0,0.0,6
15.0,female,10,1.63,70.31,2.0,1.0,5
16.0,female,10,1.68,59.88,5.0,5.0,8
15.0,female,10,1.5,55.79,7.0,5.0,7
16.0,female,10,1.65,73.94,5.0,5.0,6
15.0,male,10,1.75,81.19,3.0,4.0,8
15.0,female,10,,,4.0,4.0,6
15.0,male,10,1.83,113.4,5.0,5.0,8
16.0,female,10,1.57,49.9,6.0,6.0,7
16.0,male,10,1.75,64.41,7.0,5.0,7
16.0,male,10,1.78,58.97,7.0,2.0,7
15.0,male,10,1.7,56.7,7.0,5.0,5
16.0,female,10,1.65,53.07,2.0,0.0,7
16.0,male,10,1.85,101.61,7.0,7.0,8
15.0,male,10,1.78,74.84,5.0,0.0,5
15.0,male,10,1.7,55.79,4.0,5.0,6
15.0,male,10,1.7,65.77,5.0,3.0,7
17.0,female,10,1.8,77.11,2.0,,9
15.0,female,10,1.63,45.36,5.0,3.0,7
16.0,female,10,1.52,51.26,3.0,2.0,9
15.0,male,10,1.83,78.47,7.0,7.0,8
16.0,female,10,1.7,58.06,4.0,5.0,9
15.0,male,10,1.63,44.45,3.0,4.0,7
15.0,male,10,1.8,90.27,0.0,0.0,6
16.0,male,10,1.78,110.68,7.0,7.0,5
16.0,male,10,1.8,68.04,7.0,3.0,6
16.0,male,10,1.85,68.49,,,
16.0,male,10,1.73,61.69,2.0,2.0,5
16.0,male,10,1.68,63.96,7.0,7.0,6
16.0,female,10,1.7,60.33,2.0,0.0,8
16.0,female,10,1.68,58.97,2.0,2.0,6
15.0,female,10,1.65,56.7,7.0,7.0,9
16.0,female,10,1.65,61.24,0.0,5.0,
15.0,female,10,1.73,56.25,5.0,4.0,8
15.0,female,10,1.55,52.16,7.0,7.0,5
15.0,female,10,1.55,58.97,0.0,0.0,7
15.0,female,10,1.57,41.28,0.0,0.0,5
16.0,female,10,1.57,65.77,,,
16.0,female,10,,,7.0,5.0,6
16.0,female,10,1.47,49.9,3.0,0.0,8
15.0,female,10,1.55,49.9,7.0,5.0,<5
16.0,female,11,1.68,64.86,2.0,0.0,7
17.0,female,11,1.65,49.9,0.0,1.0,7
16.0,female,11,1.8,56.7,0.0,0.0,<5
16.0,female,11,1.73,64.86,1.0,1.0,6
16.0,female,11,1.45,90.27,0.0,0.0,7
17.0,female,11,1.52,45.36,0.0,2.0,8
16.0,female,11,,,5.0,5.0,8
17.0,female,11,1.55,55.34,0.0,2.0,<5
17.0,male,11,1.85,81.65,1.0,0.0,7
18.0,male,11,1.6,65.32,4.0,2.0,6
17.0,male,11,1.83,72.58,7.0,7.0,8
16.0,male,11,1.6,56.7,5.0,3.0,7
17.0,male,11,1.73,80.29,7.0,7.0,6
17.0,male,11,1.88,65.77,6.0,6.0,9
16.0,male,11,1.85,61.24,7.0,7.0,6
16.0,male,11,1.83,99.79,4.0,7.0,5
17.0,male,11,1.73,80.74,2.0,0.0,7
16.0,male,11,1.78,76.66,7.0,7.0,5
17.0,male,11,1.68,51.26,7.0,1.0,6
16.0,male,11,1.78,55.34,4.0,3.0,7
16.0,male,11,1.78,99.79,4.0,4.0,6
16.0,male,11,1.83,70.76,7.0,7.0,7
18.0,male,11,1.93,74.84,7.0,7.0,10+
17.0,male,11,1.85,64.86,4.0,6.0,7
17.0,male,11,,,5.0,5.0,5
16.0,male,11,1.65,70.31,5.0,3.0,6
16.0,male,10,1.78,66.23,7.0,3.0,9
16.0,male,10,1.73,56.25,6.0,3.0,8
15.0,male,10,1.73,85.73,4.0,1.0,7
17.0,male,10,1.8,57.15,7.0,5.0,9
16.0,male,10,,,0.0,0.0,<5
16.0,male,10,1.68,74.84,2.0,2.0,6
17.0,female,10,1.57,58.97,0.0,5.0,8
16.0,male,10,1.78,68.04,7.0,3.0,8
16.0,male,10,1.8,72.58,3.0,4.0,9
16.0,male,10,1.85,68.04,7.0,7.0,7
16.0,female,10,1.57,59.88,2.0,1.0,8
15.0,female,10,1.57,53.07,0.0,0.0,8
16.0,female,10,1.65,59.88,0.0,0.0,7
15.0,female,10,,,7.0,0.0,8
16.0,female,10,1.57,89.81,1.0,0.0,8
15.0,female,10,1.7,70.76,,,
16.0,male,11,1.65,67.59,2.0,2.0,7
16.0,male,11,1.75,66.68,1.0,0.0,5
16.0,male,11,1.73,62.6,0.0,7.0,7
17.0,male,11,1.75,70.76,5.0,2.0,6
17.0,male,11,1.83,68.04,1.0,2.0,6
18.0,male,11,1.85,91.17,5.0,5.0,<5
18.0,male,11,1.9,90.72,7.0,7.0,
16.0,male,11,1.65,54.43,,,
17.0,male,11,1.75,68.95,,,
17.0,male,11,1.88,68.95,7.0,7.0,7
17.0,male,11,1.7,90.27,7.0,7.0,<5
16.0,female,11,1.63,52.16,2.0,0.0,5
17.0,female,11,,,3.0,2.0,7
16.0,female,11,,,0.0,0.0,8
16.0,female,11,1.63,54.43,7.0,5.0,<5
14.0,female,9,1.65,49.9,0.0,0.0,8
15.0,female,9,1.6,100.7,4.0,4.0,<5
14.0,female,9,1.65,65.77,0.0,0.0,5
14.0,female,9,1.6,65.77,1.0,0.0,6
16.0,female,9,1.6,44.45,1.0,1.0,5
15.0,female,9,1.73,54.89,3.0,5.0,5
16.0,female,10,1.65,54.43,5.0,4.0,6
15.0,female,9,1.52,53.52,3.0,3.0,5
15.0,female,9,1.6,50.8,7.0,7.0,9
15.0,female,9,1.7,67.13,7.0,2.0,8
15.0,female,9,1.73,60.33,7.0,7.0,7
14.0,male,9,1.73,63.5,4.0,7.0,7
15.0,male,9,1.73,88.0,7.0,7.0,8
14.0,male,9,1.73,72.58,5.0,5.0,
15.0,male,9,1.73,81.65,7.0,7.0,<5
15.0,male,9,1.55,49.9,0.0,0.0,8
15.0,male,9,1.8,61.24,4.0,7.0,6
16.0,male,9,1.83,83.01,7.0,7.0,6
14.0,male,9,1.7,73.03,7.0,4.0,9
14.0,male,9,1.65,53.52,0.0,1.0,<5
16.0,male,9,1.85,51.26,1.0,1.0,7
14.0,male,9,1.75,58.51,0.0,7.0,<5
14.0,male,9,1.8,70.76,7.0,7.0,8
18.0,male,12,1.85,115.67,3.0,2.0,6
18.0,male,12,1.73,122.47,4.0,3.0,6
17.0,male,12,1.55,59.42,4.0,4.0,7
16.0,male,12,1.75,80.74,5.0,5.0,5
18.0,male,12,1.78,73.94,7.0,5.0,5
17.0,male,12,,,7.0,7.0,7
17.0,female,12,1.6,57.15,0.0,1.0,<5
17.0,female,12,1.57,72.58,3.0,4.0,7
17.0,female,12,1.68,81.65,0.0,0.0,6
17.0,female,12,1.57,84.37,2.0,0.0,5
18.0,female,12,1.6,50.8,4.0,1.0,8
18.0,female,12,1.57,70.31,2.0,0.0,8
18.0,female,12,1.6,68.04,7.0,7.0,5
17.0,female,12,1.78,90.72,0.0,0.0,5
18.0,female,12,1.78,49.9,3.0,3.0,6
17.0,female,12,1.68,91.63,3.0,3.0,6
17.0,female,12,1.63,54.43,0.0,0.0,5
17.0,female,12,1.57,60.78,2.0,1.0,8
17.0,female,11,1.6,63.5,2.0,2.0,6
18.0,female,12,1.55,55.79,1.0,0.0,9
17.0,female,12,1.7,52.16,0.0,2.0,<5
17.0,female,12,1.63,53.52,,,
18.0,female,12,1.52,44.45,3.0,0.0,6
17.0,male,12,1.68,81.65,7.0,5.0,6
18.0,male,12,1.75,62.6,5.0,5.0,7
18.0,male,12,,,2.0,4.0,7
18.0,male,12,1.88,72.58,3.0,3.0,8
18.0,male,12,1.73,73.48,7.0,0.0,5
18.0,male,12,1.83,82.1,3.0,2.0,7
18.0,male,11,1.78,70.31,,,
18.0,male,12,1.88,79.38,0.0,0.0,8
17.0,male,12,1.8,73.48,0.0,4.0,7
17.0,male,12,1.68,51.26,7.0,7.0,5
18.0,male,12,1.68,56.7,1.0,1.0,8
17.0,female,12,1.63,64.41,4.0,0.0,5
18.0,female,12,1.63,63.5,7.0,7.0,7
18.0,female,12,1.6,49.9,7.0,2.0,5
18.0,female,12,1.85,70.31,6.0,5.0,5
17.0,female,12,1.52,68.04,0.0,0.0,7
17.0,female,12,1.57,53.52,2.0,2.0,5
18.0,female,12,1.57,81.65,0.0,0.0,6
17.0,female,12,1.55,58.97,1.0,5.0,5
17.0,female,12,1.52,45.81,7.0,7.0,6
16.0,female,11,1.5,72.58,0.0,0.0,7
16.0,female,11,1.68,67.13,6.0,4.0,<5
16.0,female,11,1.5,52.16,0.0,1.0,<5
17.0,female,11,1.52,54.43,5.0,3.0,8
17.0,female,11,1.63,54.43,4.0,0.0,6
15.0,female,11,1.7,43.09,1.0,1.0,<5
17.0,female,11,,,2.0,0.0,7
16.0,male,11,1.73,58.97,4.0,3.0,7
16.0,male,11,1.9,114.31,0.0,0.0,<5
16.0,male,11,1.75,58.97,7.0,6.0,5
17.0,male,11,1.7,57.15,7.0,0.0,6
17.0,male,11,1.75,56.7,0.0,5.0,5
16.0,female,11,1.52,52.62,7.0,4.0,7
16.0,male,11,1.88,86.18,7.0,5.0,<5
16.0,male,11,1.93,126.1,3.0,2.0,6
16.0,male,11,1.78,83.92,4.0,3.0,5
17.0,female,11,1.6,48.08,4.0,0.0,<5
17.0,female,11,1.6,80.74,4.0,3.0,7
17.0,female,11,,,0.0,0.0,<5
17.0,female,11,1.63,79.38,0.0,0.0,7
17.0,female,11,1.65,56.25,0.0,0.0,8
16.0,female,11,1.68,97.52,2.0,0.0,7
16.0,female,11,1.63,53.07,4.0,0.0,5
16.0,female,11,1.6,56.7,1.0,0.0,8
16.0,male,11,1.7,65.77,7.0,7.0,7
17.0,male,11,1.75,72.58,0.0,7.0,10+
17.0,male,11,1.85,81.65,5.0,5.0,5
17.0,female,12,1.63,65.77,2.0,7.0,<5
17.0,male,12,1.8,77.11,7.0,7.0,<5
17.0,female,12,1.65,77.11,0.0,2.0,7
17.0,female,12,1.52,44.45,4.0,2.0,7
17.0,female,12,1.57,53.52,4.0,1.0,6
16.0,female,12,1.78,53.98,5.0,3.0,5
18.0,female,12,1.65,65.77,1.0,1.0,8
17.0,female,12,1.6,51.26,2.0,0.0,5
17.0,female,12,1.6,72.58,1.0,1.0,7
17.0,female,12,1.63,52.62,7.0,7.0,6
17.0,female,12,1.7,63.5,2.0,0.0,7
18.0,female,12,1.68,69.85,0.0,2.0,5
17.0,male,12,1.73,59.88,7.0,7.0,8
17.0,female,12,1.63,45.36,4.0,2.0,8
17.0,male,12,1.68,61.24,0.0,0.0,<5
18.0,male,12,1.7,83.92,4.0,3.0,7
18.0,male,12,1.83,79.38,7.0,7.0,8
18.0,male,12,1.8,98.88,0.0,2.0,6
18.0,male,12,1.83,90.72,7.0,7.0,6
17.0,male,12,1.7,106.6,3.0,3.0,5
17.0,male,12,1.88,113.4,5.0,4.0,8
18.0,male,12,1.78,74.39,0.0,0.0,5
18.0,male,12,1.83,101.61,3.0,0.0,7
17.0,male,12,,,0.0,2.0,8
18.0,male,12,1.9,88.45,3.0,0.0,<5
17.0,male,12,1.8,74.84,2.0,4.0,5
17.0,male,12,1.6,68.04,4.0,0.0,7
17.0,female,12,1.73,79.38,1.0,0.0,<5
17.0,female,12,1.68,61.24,0.0,0.0,9
17.0,female,12,1.57,58.97,7.0,7.0,7
17.0,female,12,1.63,53.07,2.0,2.0,5
18.0,female,12,1.55,74.84,1.0,0.0,6
18.0,female,12,1.7,96.16,0.0,0.0,7
18.0,female,12,1.55,79.38,1.0,0.0,7
17.0,female,12,1.55,54.43,2.0,0.0,6
17.0,female,11,1.55,53.07,7.0,3.0,7
18.0,female,12,1.6,72.58,0.0,0.0,<5
18.0,female,12,1.37,34.02,0.0,0.0,7
17.0,female,12,1.63,62.6,1.0,2.0,5
17.0,female,12,1.55,55.34,7.0,7.0,7
18.0,female,12,1.6,53.52,1.0,0.0,7
16.0,female,10,1.55,54.43,5.0,4.0,6
15.0,female,10,1.73,63.5,4.0,0.0,6
15.0,female,10,1.6,56.7,3.0,0.0,6
16.0,female,10,1.68,58.97,1.0,0.0,6
15.0,female,10,1.7,52.16,2.0,0.0,8
15.0,female,10,1.7,56.7,1.0,1.0,<5
15.0,female,10,1.65,75.75,7.0,3.0,5
15.0,female,10,1.63,56.25,0.0,0.0,6
16.0,female,10,1.5,53.52,3.0,0.0,5
16.0,male,10,,,0.0,0.0,7
15.0,male,10,1.85,77.11,5.0,0.0,9
16.0,male,10,1.73,65.77,5.0,3.0,5
16.0,male,10,1.65,62.6,6.0,7.0,10+
16.0,male,10,1.88,74.84,7.0,7.0,6
15.0,male,10,1.68,49.9,7.0,7.0,8
16.0,male,10,1.68,65.77,0.0,0.0,8
15.0,male,10,1.8,73.03,5.0,1.0,7
15.0,male,9,1.68,58.06,2.0,0.0,6
16.0,female,10,1.65,87.09,0.0,3.0,8
16.0,female,10,1.7,86.18,0.0,2.0,<5
16.0,female,10,1.7,77.11,5.0,3.0,6
17.0,female,10,1.7,53.52,7.0,7.0,<5
15.0,female,10,1.6,53.07,3.0,3.0,9
16.0,female,10,,,3.0,0.0,7
15.0,female,10,1.6,90.72,3.0,3.0,7
16.0,male,10,1.73,56.7,0.0,0.0,8
16.0,male,10,1.65,65.77,3.0,2.0,6
15.0,male,10,1.78,56.7,0.0,2.0,7
16.0,male,10,1.73,68.04,5.0,5.0,6
16.0,male,10,1.88,86.18,1.0,0.0,8
16.0,male,10,1.75,45.36,7.0,0.0,8
16.0,male,10,,,7.0,7.0,7
16.0,male,10,1.85,65.77,0.0,0.0,6
15.0,male,10,1.75,54.43,5.0,5.0,7
17.0,male,10,1.78,49.9,5.0,5.0,9
15.0,male,10,1.83,113.4,2.0,3.0,6
14.0,female,9,1.73,58.06,0.0,0.0,7
14.0,female,9,1.65,63.5,7.0,7.0,6
14.0,female,9,1.55,58.51,0.0,0.0,8
15.0,female,9,1.7,65.32,0.0,0.0,8
14.0,female,9,1.55,68.95,3.0,3.0,5
15.0,female,9,1.47,41.28,7.0,4.0,<5
15.0,female,9,1.6,54.43,5.0,3.0,7
14.0,female,,1.52,53.52,2.0,2.0,8
14.0,male,9,1.75,65.77,4.0,3.0,8
14.0,male,9,1.8,88.45,7.0,7.0,8
14.0,male,9,1.65,47.17,7.0,7.0,9
15.0,male,9,1.63,58.97,1.0,7.0,7
14.0,male,9,1.7,66.68,0.0,0.0,5
14.0,male,9,1.57,48.99,0.0,3.0,7
15.0,male,9,1.75,80.29,1.0,0.0,9
15.0,male,9,1.68,54.43,2.0,2.0,8
15.0,male,9,1.73,57.15,2.0,1.0,7
15.0,male,9,1.7,49.9,0.0,0.0,5
15.0,male,9,1.73,53.52,3.0,7.0,7
16.0,male,9,,,5.0,1.0,6
14.0,male,9,1.68,54.43,7.0,7.0,5
15.0,male,9,1.75,59.42,5.0,5.0,8
15.0,male,9,1.83,81.65,7.0,7.0,10+
15.0,male,9,1.73,61.24,2.0,2.0,7
14.0,female,9,1.6,79.38,0.0,0.0,7
15.0,female,9,1.65,58.97,0.0,0.0,10+
15.0,female,9,1.73,47.17,0.0,0.0,8
14.0,female,9,1.52,52.16,0.0,0.0,10+
15.0,female,9,1.7,68.95,5.0,3.0,9
15.0,female,9,1.83,65.77,4.0,4.0,8
14.0,female,9,1.55,46.72,1.0,0.0,6
14.0,female,9,1.73,63.5,1.0,1.0,<5
14.0,female,9,1.52,52.16,5.0,5.0,9
14.0,female,9,,,2.0,0.0,<5
15.0,female,9,1.52,45.81,0.0,0.0,9
14.0,female,9,1.65,56.7,7.0,6.0,6
15.0,female,9,1.57,49.9,3.0,1.0,7
15.0,male,9,1.65,51.71,7.0,0.0,7
15.0,male,9,1.78,49.9,7.0,2.0,9
14.0,male,9,1.6,56.7,4.0,0.0,8
14.0,male,9,1.73,68.49,7.0,7.0,7
15.0,male,9,1.8,63.5,7.0,0.0,6
14.0,male,9,1.65,58.97,6.0,6.0,7
14.0,male,9,1.75,63.05,6.0,5.0,6
14.0,male,9,1.68,73.03,2.0,5.0,7
14.0,male,9,1.78,74.84,7.0,7.0,8
17.0,female,11,1.7,76.2,5.0,0.0,8
16.0,female,11,1.6,66.23,5.0,0.0,8
17.0,female,11,1.73,69.85,4.0,3.0,8
17.0,female,11,1.57,47.63,1.0,1.0,8
16.0,female,11,1.6,71.22,2.0,4.0,<5
16.0,female,11,1.75,72.58,3.0,0.0,7
17.0,male,11,1.78,65.77,0.0,0.0,7
16.0,male,11,1.73,54.89,4.0,1.0,5
17.0,male,11,1.7,61.24,3.0,3.0,6
16.0,male,11,1.75,95.26,4.0,1.0,7
16.0,male,11,1.68,68.04,2.0,6.0,8
17.0,male,11,1.75,65.77,2.0,2.0,6
17.0,male,11,1.83,87.09,5.0,0.0,7
18.0,male,12,1.96,97.52,5.0,4.0,<5
17.0,male,12,1.93,71.67,0.0,0.0,5
18.0,male,12,1.75,68.04,1.0,0.0,6
17.0,male,12,1.73,63.5,2.0,3.0,6
17.0,female,12,1.68,61.24,4.0,0.0,7
17.0,female,12,1.63,51.26,3.0,1.0,8
17.0,female,12,1.68,65.77,3.0,5.0,8
18.0,female,12,1.6,80.74,0.0,4.0,7
18.0,female,12,1.57,42.64,3.0,0.0,8
18.0,female,12,,,1.0,0.0,8
17.0,female,12,1.63,90.72,6.0,3.0,7
17.0,female,12,1.73,86.18,7.0,7.0,<5
,female,,,,7.0,7.0,7
15.0,female,10,1.73,78.93,4.0,5.0,5
16.0,female,10,1.65,61.69,5.0,7.0,7
16.0,female,10,1.63,50.8,5.0,0.0,7
15.0,female,10,1.75,56.7,5.0,5.0,8
16.0,female,10,1.57,63.5,2.0,3.0,7
16.0,female,10,1.57,76.66,0.0,4.0,6
16.0,female,10,1.57,77.11,0.0,4.0,6
16.0,male,10,1.83,74.84,7.0,7.0,8
16.0,male,10,1.68,92.99,0.0,0.0,<5
16.0,male,10,1.75,94.8,0.0,2.0,6
16.0,male,10,1.73,74.84,3.0,7.0,5
15.0,male,10,1.65,54.43,3.0,4.0,9
16.0,male,10,1.78,58.97,6.0,4.0,6
16.0,male,10,1.73,59.88,7.0,5.0,6
15.0,female,9,1.6,58.97,0.0,1.0,6
14.0,female,9,1.63,45.36,1.0,1.0,8
14.0,female,9,1.55,49.9,3.0,0.0,7
15.0,female,9,1.65,70.76,0.0,7.0,5
15.0,female,9,1.63,68.04,3.0,0.0,6
15.0,female,9,1.63,70.31,0.0,0.0,<5
15.0,female,9,1.7,97.07,4.0,5.0,9
14.0,female,9,1.68,48.54,2.0,3.0,7
17.0,female,10,1.57,50.8,7.0,7.0,8
15.0,female,9,1.55,47.63,3.0,3.0,6
15.0,female,9,1.63,81.65,7.0,1.0,8
16.0,male,9,1.83,79.38,7.0,7.0,7
15.0,male,9,1.68,57.61,5.0,2.0,9
15.0,male,9,1.65,69.4,7.0,1.0,8
15.0,male,9,1.63,50.8,7.0,6.0,7
15.0,male,9,1.75,65.77,7.0,7.0,7
16.0,male,10,1.68,55.79,7.0,7.0,10+
15.0,male,9,1.7,58.97,7.0,7.0,7
15.0,male,9,1.57,44.0,1.0,1.0,8
17.0,male,10,1.75,77.11,5.0,6.0,6
15.0,male,9,1.75,86.18,7.0,7.0,8
15.0,male,9,1.75,65.77,7.0,7.0,7
16.0,male,9,1.75,136.08,0.0,0.0,<5
15.0,male,9,1.78,58.97,0.0,1.0,8
16.0,male,9,1.68,70.31,2.0,3.0,7
15.0,female,10,1.65,86.18,0.0,1.0,5
15.0,female,10,1.57,53.07,4.0,4.0,8
15.0,female,10,1.57,39.92,2.0,7.0,8
15.0,female,10,,,0.0,0.0,6
15.0,female,10,1.5,61.24,5.0,3.0,8
15.0,female,10,1.45,39.92,3.0,3.0,6
16.0,female,10,1.6,54.43,0.0,0.0,6
15.0,female,10,1.57,57.15,6.0,0.0,7
16.0,female,10,1.6,63.5,1.0,0.0,7
15.0,female,10,1.68,56.7,7.0,2.0,7
15.0,female,10,1.6,51.26,1.0,7.0,7
16.0,female,10,1.9,49.9,7.0,0.0,6
16.0,male,10,1.68,64.41,,,
16.0,male,10,1.7,63.5,7.0,7.0,6
15.0,male,10,1.8,58.97,7.0,7.0,7
15.0,male,10,1.8,63.5,0.0,1.0,8
15.0,male,10,1.65,68.04,2.0,0.0,7
16.0,male,11,1.73,48.54,4.0,1.0,7
15.0,male,10,1.73,62.14,7.0,7.0,6
14.0,female,9,1.63,47.63,7.0,7.0,
14.0,female,9,1.52,52.16,0.0,2.0,8
14.0,female,9,1.55,53.52,7.0,5.0,8
14.0,female,9,1.65,65.77,4.0,0.0,6
14.0,male,9,1.73,54.43,7.0,7.0,
14.0,male,9,1.78,60.78,5.0,4.0,8
14.0,male,9,1.6,59.42,1.0,0.0,7
14.0,male,9,1.63,49.44,7.0,7.0,<5
14.0,male,9,1.75,93.44,7.0,7.0,9
14.0,male,9,1.75,49.9,0.0,0.0,6
14.0,male,9,1.7,62.14,7.0,7.0,7
14.0,male,9,1.5,44.0,2.0,0.0,8
16.0,male,10,1.68,40.82,1.0,0.0,6
15.0,male,9,1.83,69.85,6.0,7.0,10+
15.0,male,9,1.73,54.43,7.0,3.0,8
16.0,female,11,1.6,68.49,7.0,3.0,6
16.0,female,11,1.6,74.84,4.0,4.0,7
17.0,female,11,1.6,51.71,0.0,0.0,7
16.0,female,11,1.65,49.9,7.0,0.0,6
17.0,female,11,1.6,52.16,0.0,0.0,6
16.0,female,11,1.63,57.61,6.0,6.0,7
17.0,female,11,1.6,52.16,1.0,0.0,6
16.0,female,11,1.65,58.51,4.0,0.0,7
16.0,female,11,1.52,56.7,0.0,0.0,5
17.0,male,11,1.6,53.52,7.0,3.0,6
17.0,male,11,1.7,61.24,7.0,3.0,6
17.0,male,11,1.78,90.72,5.0,2.0,7
17.0,male,11,1.78,71.22,7.0,5.0,6
17.0,male,11,1.83,61.69,0.0,0.0,6
17.0,male,11,1.88,79.38,7.0,7.0,7
18.0,female,12,1.6,53.52,2.0,2.0,6
17.0,male,12,1.78,72.58,4.0,3.0,8
17.0,male,12,1.9,108.86,3.0,3.0,8
17.0,male,12,1.8,70.31,7.0,0.0,8
17.0,male,12,1.85,70.31,3.0,4.0,8
17.0,male,12,1.85,95.26,0.0,3.0,5
18.0,male,12,1.73,76.2,4.0,7.0,8
18.0,male,12,1.85,70.31,7.0,0.0,
17.0,male,12,1.68,78.47,3.0,1.0,8
16.0,male,12,1.78,58.97,7.0,0.0,8
17.0,male,12,1.7,68.04,7.0,3.0,7
18.0,male,12,1.78,81.65,6.0,6.0,7
18.0,female,12,1.6,56.7,3.0,1.0,7
17.0,female,12,1.6,63.5,0.0,0.0,
17.0,female,12,1.6,77.11,4.0,0.0,8
17.0,female,12,1.55,48.54,1.0,0.0,7
17.0,female,12,1.5,62.14,7.0,7.0,<5
17.0,female,12,1.68,61.24,1.0,0.0,5
18.0,female,12,1.68,45.36,7.0,5.0,<5
17.0,female,12,1.63,64.41,0.0,1.0,6
18.0,female,12,1.63,68.04,7.0,0.0,7
17.0,female,12,1.57,48.54,4.0,1.0,
16.0,female,10,1.55,70.31,2.0,0.0,6
16.0,female,10,1.75,76.66,0.0,0.0,7
14.0,female,10,1.5,58.97,5.0,5.0,8
15.0,female,10,1.47,43.09,7.0,5.0,5
16.0,female,10,1.7,61.24,2.0,2.0,6
15.0,female,10,1.63,46.72,5.0,5.0,7
16.0,female,10,1.6,78.93,5.0,3.0,8
15.0,female,10,1.6,57.61,7.0,1.0,6
17.0,female,10,1.6,63.5,3.0,3.0,10+
16.0,female,10,1.55,44.0,5.0,4.0,7
16.0,female,10,1.7,76.2,7.0,7.0,9
15.0,male,10,1.83,70.31,7.0,5.0,6
15.0,male,10,1.63,58.97,3.0,7.0,7
16.0,male,10,1.88,72.58,3.0,6.0,8
16.0,male,10,1.75,58.97,1.0,5.0,7
16.0,male,10,1.8,88.91,5.0,3.0,7
17.0,male,10,2.03,119.3,,,
16.0,male,10,1.73,66.68,6.0,7.0,8
15.0,male,10,,,7.0,4.0,6
16.0,male,10,1.78,97.52,2.0,3.0,6
16.0,male,10,,,0.0,3.0,6
16.0,male,10,1.8,62.6,6.0,4.0,6
17.0,male,10,1.83,53.98,7.0,0.0,6
17.0,male,11,1.85,58.97,1.0,1.0,6
16.0,male,11,1.7,61.24,7.0,7.0,7
16.0,male,11,1.83,64.41,7.0,6.0,8
16.0,male,11,1.73,71.22,6.0,2.0,6
17.0,male,11,1.73,72.58,4.0,7.0,6
16.0,male,11,1.78,69.4,7.0,6.0,6
17.0,male,11,1.8,90.72,0.0,1.0,<5
16.0,male,11,1.75,81.65,7.0,7.0,10+
16.0,male,11,1.83,72.58,6.0,6.0,7
17.0,male,11,1.75,71.22,2.0,3.0,7
16.0,female,11,1.96,68.04,,,
17.0,female,11,1.68,68.04,1.0,0.0,7
16.0,female,11,1.63,87.09,3.0,3.0,8
15.0,female,11,1.63,65.77,6.0,5.0,7
16.0,female,11,1.57,65.77,5.0,5.0,5
16.0,female,11,1.55,57.61,0.0,2.0,10+
17.0,female,11,,,0.0,0.0,10+
16.0,female,11,1.73,70.76,7.0,7.0,8
18.0,male,12,1.73,99.79,7.0,7.0,7
18.0,male,12,1.73,56.7,6.0,3.0,7
17.0,male,12,1.78,86.18,7.0,4.0,7
17.0,male,12,1.75,70.31,7.0,7.0,7
18.0,male,12,1.75,63.5,7.0,4.0,10+
18.0,male,12,1.65,83.92,7.0,7.0,5
18.0,male,12,1.78,71.22,4.0,4.0,7
18.0,male,12,,,7.0,5.0,7
17.0,male,12,1.88,97.52,7.0,7.0,5
17.0,male,12,1.83,71.22,5.0,5.0,7
17.0,female,12,1.68,99.79,2.0,5.0,<5
17.0,female,12,1.55,45.36,5.0,5.0,6
18.0,female,12,,,,,
18.0,female,12,1.65,82.56,0.0,0.0,7
18.0,female,12,1.73,52.16,4.0,5.0,7
17.0,female,12,1.68,82.56,3.0,5.0,6
18.0,female,12,1.57,54.43,0.0,0.0,6
14.0,male,9,1.63,109.77,0.0,0.0,<5
14.0,male,9,1.7,75.75,2.0,0.0,7
14.0,male,9,1.52,36.29,0.0,0.0,9
14.0,male,9,1.68,74.84,5.0,2.0,6
15.0,male,9,1.75,68.04,2.0,1.0,6
14.0,male,9,1.6,46.27,7.0,5.0,9
14.0,male,9,1.78,61.24,7.0,7.0,5
15.0,male,9,1.73,65.77,7.0,7.0,8
18.0,male,9,1.7,71.67,,,
15.0,female,9,1.63,74.84,0.0,0.0,6
14.0,female,9,1.65,49.9,7.0,0.0,7
14.0,female,9,,,0.0,1.0,8
14.0,female,9,1.57,51.26,7.0,6.0,5
15.0,female,9,1.57,48.54,0.0,0.0,<5
15.0,female,9,1.6,57.61,3.0,3.0,6
15.0,female,9,1.68,50.8,0.0,0.0,8
15.0,female,9,1.57,44.91,3.0,2.0,7
14.0,female,9,1.57,52.62,3.0,0.0,7
14.0,female,9,1.65,68.04,1.0,0.0,6
16.0,female,11,1.68,56.7,4.0,0.0,6
17.0,female,11,1.7,61.69,0.0,1.0,6
16.0,female,11,1.57,42.64,1.0,0.0,8
16.0,female,11,1.6,46.72,3.0,7.0,<5
18.0,female,12,1.55,54.43,0.0,2.0,7
17.0,female,11,1.55,45.81,1.0,0.0,7
17.0,female,12,1.63,68.04,4.0,0.0,6
17.0,female,11,1.52,43.55,6.0,6.0,6
16.0,female,11,1.63,49.9,3.0,5.0,6
15.0,female,10,1.65,58.06,6.0,4.0,8
17.0,female,12,1.7,67.13,1.0,3.0,7
18.0,male,12,1.83,61.24,3.0,3.0,6
18.0,male,12,1.7,68.04,5.0,7.0,7
17.0,male,11,1.83,82.56,0.0,0.0,5
17.0,male,11,1.8,63.5,0.0,0.0,<5
17.0,male,11,1.7,61.24,6.0,6.0,<5
16.0,male,11,1.83,68.04,4.0,0.0,7
17.0,male,11,1.85,78.47,5.0,1.0,8
17.0,male,11,1.78,66.23,4.0,2.0,7
16.0,male,11,1.8,77.57,1.0,0.0,7
17.0,male,12,1.73,73.94,3.0,5.0,7
18.0,male,12,1.75,104.33,2.0,3.0,<5
18.0,male,12,1.85,71.67,0.0,0.0,6
17.0,male,11,1.85,59.88,4.0,6.0,7
17.0,male,11,1.78,65.77,0.0,0.0,8
16.0,male,11,1.75,68.04,3.0,0.0,7
17.0,male,12,2.11,134.72,7.0,7.0,10+
16.0,male,11,1.8,68.04,7.0,7.0,7
18.0,male,12,1.78,68.04,3.0,2.0,6
15.0,male,10,1.73,86.18,3.0,0.0,6
17.0,male,12,1.7,90.72,3.0,4.0,7
16.0,male,10,1.68,56.25,2.0,3.0,7
17.0,female,12,1.57,53.07,5.0,4.0,7
16.0,female,10,1.5,42.18,5.0,7.0,5
17.0,female,12,1.68,52.16,3.0,3.0,7
17.0,female,12,1.63,65.77,0.0,0.0,7
18.0,female,12,1.6,60.78,5.0,3.0,7
18.0,female,12,1.65,57.15,4.0,2.0,7
18.0,female,12,1.68,61.24,7.0,7.0,8
17.0,female,12,1.57,54.43,0.0,0.0,<5
18.0,female,12,1.75,58.97,0.0,1.0,7
17.0,female,12,1.6,68.04,7.0,3.0,6
17.0,female,12,1.63,60.78,3.0,1.0,9
17.0,female,11,,,3.0,2.0,5
18.0,female,12,1.57,60.78,0.0,0.0,5
18.0,male,12,1.65,52.16,2.0,2.0,6
17.0,male,11,1.8,70.31,4.0,0.0,5
18.0,male,12,,,4.0,4.0,7
14.0,male,9,1.65,58.97,4.0,2.0,7
16.0,female,11,1.55,49.9,4.0,2.0,6
17.0,female,12,1.6,56.7,1.0,0.0,<5
17.0,female,11,1.52,49.9,3.0,3.0,5
16.0,female,10,1.63,57.15,0.0,1.0,7
15.0,female,10,1.75,61.24,4.0,3.0,5
16.0,female,11,1.7,56.7,0.0,2.0,6
15.0,female,10,1.6,45.36,4.0,4.0,8
15.0,female,10,,,1.0,2.0,6
16.0,female,10,1.47,41.73,5.0,2.0,8
16.0,female,11,1.63,55.79,3.0,0.0,5
16.0,female,10,1.57,53.52,4.0,2.0,6
18.0,female,12,1.6,49.9,7.0,3.0,8
17.0,male,12,1.7,86.18,4.0,3.0,6
17.0,male,12,1.78,62.14,5.0,3.0,6
18.0,male,12,1.73,63.5,0.0,3.0,6
16.0,male,10,1.68,53.07,4.0,4.0,7
15.0,male,10,1.73,78.02,7.0,1.0,8
15.0,male,9,1.65,61.24,5.0,3.0,8
16.0,male,11,1.73,48.54,0.0,2.0,7
17.0,male,12,1.68,71.67,4.0,3.0,7
17.0,male,12,1.78,65.77,4.0,3.0,6
15.0,male,10,1.8,69.85,0.0,0.0,<5
17.0,male,11,1.8,83.92,0.0,5.0,8
17.0,male,12,1.73,77.11,2.0,2.0,6
16.0,male,10,1.88,81.19,7.0,7.0,8
17.0,female,12,1.65,54.43,5.0,0.0,7
18.0,female,12,1.65,58.97,4.0,4.0,6
17.0,female,11,1.57,53.98,0.0,3.0,<5
18.0,female,12,1.57,48.99,2.0,1.0,8
16.0,female,10,1.57,41.28,3.0,0.0,7
17.0,female,11,1.65,53.52,0.0,0.0,6
17.0,female,12,1.6,54.89,1.0,0.0,6
17.0,male,11,1.68,68.04,3.0,7.0,8
15.0,male,9,1.68,70.76,0.0,0.0,<5
18.0,male,12,1.73,70.31,0.0,0.0,<5
18.0,male,12,1.9,86.18,7.0,3.0,7
17.0,male,11,1.73,72.58,3.0,0.0,8
18.0,male,12,1.73,80.74,1.0,2.0,7
18.0,male,9,1.73,89.81,7.0,7.0,10+
16.0,male,10,1.78,68.04,7.0,2.0,7
15.0,male,10,1.8,76.2,3.0,7.0,8
18.0,male,12,1.88,81.19,3.0,3.0,7
16.0,male,10,1.68,61.24,6.0,4.0,7
16.0,male,10,1.8,77.57,4.0,2.0,5
15.0,male,10,1.78,78.02,5.0,4.0,5
17.0,male,11,1.73,70.31,7.0,7.0,5
16.0,male,10,1.78,54.43,7.0,7.0,6
18.0,male,12,1.78,66.68,7.0,5.0,8
18.0,male,12,1.75,72.58,6.0,4.0,6
17.0,male,12,1.7,58.06,2.0,3.0,9
16.0,male,11,1.78,65.77,7.0,7.0,5
18.0,male,12,1.68,63.5,5.0,5.0,8
18.0,male,12,1.8,71.67,3.0,0.0,7
17.0,male,12,1.73,68.95,2.0,7.0,6
15.0,male,10,1.8,63.96,5.0,7.0,5
17.0,male,12,1.75,58.97,5.0,3.0,7
17.0,male,11,1.88,72.58,3.0,0.0,7
18.0,male,12,1.68,65.32,2.0,7.0,7
15.0,male,9,,,7.0,5.0,8
15.0,female,10,1.6,57.61,3.0,4.0,8
16.0,female,10,1.63,58.97,3.0,3.0,6
17.0,female,12,1.65,52.16,3.0,0.0,8
15.0,female,10,1.6,56.7,5.0,3.0,5
16.0,female,11,1.75,58.97,7.0,6.0,<5
16.0,female,10,1.6,50.35,2.0,2.0,6
14.0,female,9,,,3.0,2.0,
17.0,female,12,1.55,58.97,1.0,3.0,6
17.0,female,12,,,2.0,1.0,5
15.0,female,10,1.57,40.37,0.0,0.0,8
18.0,female,12,1.63,65.77,3.0,1.0,5
16.0,female,10,1.6,64.41,4.0,3.0,7
16.0,female,11,1.68,52.16,2.0,0.0,7
16.0,female,11,1.6,49.9,3.0,4.0,6
16.0,female,10,1.6,71.67,7.0,1.0,5
16.0,female,11,1.6,88.45,0.0,1.0,<5
17.0,female,12,,,4.0,2.0,7
15.0,female,10,1.73,95.71,3.0,1.0,5
18.0,female,12,1.6,47.17,0.0,0.0,8
16.0,female,10,1.57,49.9,3.0,0.0,<5
17.0,female,12,1.6,52.62,4.0,4.0,8
15.0,female,10,1.65,62.6,0.0,0.0,<5
15.0,female,10,1.6,70.31,1.0,0.0,8
17.0,female,12,1.57,46.27,4.0,2.0,6
17.0,female,12,1.73,65.77,2.0,0.0,7
16.0,female,11,1.8,61.24,0.0,0.0,6
17.0,female,11,1.65,52.16,2.0,0.0,6
16.0,female,11,1.68,53.52,1.0,1.0,9
16.0,female,11,1.63,58.06,3.0,2.0,<5
14.0,female,9,1.68,62.14,3.0,3.0,8
14.0,female,9,1.63,40.82,2.0,2.0,9
14.0,female,9,1.7,56.7,6.0,2.0,8
14.0,female,9,1.68,49.9,2.0,2.0,8
14.0,female,9,1.5,45.81,3.0,2.0,<5
15.0,female,9,,,4.0,4.0,7
15.0,female,9,1.68,59.88,2.0,2.0,6
14.0,female,9,1.65,73.48,2.0,2.0,10+
15.0,female,9,1.68,63.5,7.0,7.0,8
14.0,female,9,1.47,45.36,4.0,5.0,6
15.0,female,9,1.5,62.14,0.0,1.0,7
15.0,female,9,1.73,83.92,3.0,3.0,7
14.0,female,9,1.73,58.97,4.0,2.0,7
14.0,female,9,1.63,61.24,1.0,2.0,8
14.0,female,9,,,2.0,1.0,6
14.0,female,9,1.57,55.79,0.0,1.0,6
15.0,female,9,1.55,56.25,0.0,0.0,5
14.0,female,9,1.57,49.9,1.0,3.0,6
16.0,female,10,,,4.0,4.0,9
15.0,female,10,1.68,49.44,5.0,3.0,5
15.0,female,10,,,5.0,3.0,5
16.0,female,10,1.55,40.82,2.0,0.0,5
16.0,female,10,1.57,54.43,4.0,4.0,8
15.0,female,10,1.63,74.39,1.0,4.0,5
15.0,female,10,,,6.0,3.0,5
15.0,female,10,1.68,65.77,3.0,4.0,<5
16.0,female,10,1.68,54.43,7.0,6.0,6
16.0,female,10,1.52,47.17,0.0,1.0,8
16.0,female,10,1.7,90.27,2.0,5.0,<5
16.0,female,10,1.55,99.79,7.0,3.0,5
15.0,female,10,,,3.0,5.0,7
15.0,female,10,1.6,55.79,2.0,2.0,<5
15.0,female,10,1.6,56.7,0.0,0.0,7
15.0,female,10,1.6,65.77,3.0,4.0,6
15.0,female,10,1.57,52.16,3.0,7.0,7
16.0,female,11,1.68,60.78,2.0,5.0,6
16.0,female,10,1.57,56.7,3.0,4.0,<5
18.0,female,12,1.6,48.99,6.0,5.0,7
17.0,female,12,1.68,52.16,1.0,0.0,9
18.0,female,12,1.57,63.5,3.0,2.0,6
17.0,female,12,1.68,63.5,2.0,0.0,7
17.0,female,12,1.57,49.9,7.0,1.0,7
17.0,female,12,1.63,50.35,1.0,4.0,6
17.0,female,12,,,5.0,5.0,6
18.0,female,12,1.68,55.79,0.0,0.0,6
17.0,female,12,1.52,51.71,3.0,3.0,8
17.0,female,12,1.57,49.9,0.0,0.0,7
17.0,female,12,1.57,66.23,0.0,0.0,5
18.0,female,12,1.57,48.54,6.0,6.0,8
17.0,female,12,1.68,70.31,4.0,3.0,8
17.0,female,12,1.63,61.69,1.0,1.0,7
17.0,female,12,1.57,52.16,2.0,4.0,<5
18.0,female,12,1.63,63.5,4.0,5.0,5
17.0,female,12,1.6,66.68,5.0,0.0,6
17.0,female,12,1.6,58.51,0.0,0.0,6
17.0,female,12,1.6,70.31,5.0,1.0,6
16.0,female,11,1.6,77.11,3.0,2.0,8
17.0,female,11,1.68,68.04,3.0,1.0,<5
16.0,female,11,1.68,77.11,1.0,1.0,7
16.0,female,11,1.63,77.11,2.0,2.0,8
17.0,female,11,1.63,72.58,6.0,4.0,6
17.0,female,11,1.7,57.61,3.0,6.0,6
17.0,female,11,1.68,95.26,2.0,3.0,5
16.0,female,11,1.57,58.06,4.0,2.0,8
17.0,female,11,,,1.0,1.0,6
17.0,female,11,1.68,54.43,6.0,3.0,5
16.0,female,11,1.6,44.0,7.0,0.0,7
16.0,female,11,1.55,48.54,5.0,1.0,7
16.0,female,11,1.68,55.34,6.0,6.0,8
18.0,female,11,1.55,48.54,3.0,1.0,8
16.0,female,11,1.63,47.63,7.0,1.0,8
17.0,female,11,1.63,61.24,4.0,3.0,8
17.0,female,11,1.63,43.09,5.0,0.0,7
17.0,female,11,1.65,52.62,2.0,0.0,7
17.0,female,11,1.65,65.77,1.0,1.0,7
16.0,female,11,1.75,56.25,2.0,0.0,8
16.0,female,11,1.57,56.7,5.0,2.0,6
,female,,,,7.0,7.0,6
17.0,female,11,1.63,61.24,0.0,0.0,7
17.0,male,11,1.78,61.24,7.0,2.0,7
17.0,male,11,1.75,70.31,5.0,5.0,8
17.0,male,11,1.78,65.77,5.0,7.0,6
17.0,male,11,1.83,112.49,5.0,0.0,6
16.0,male,11,1.83,70.31,2.0,5.0,6
17.0,male,11,1.75,77.11,4.0,4.0,6
16.0,male,11,1.7,89.36,7.0,7.0,5
17.0,male,11,1.88,133.81,5.0,0.0,10+
17.0,male,11,1.75,94.35,5.0,4.0,7
16.0,male,11,1.93,113.4,2.0,1.0,8
17.0,male,11,1.75,61.24,4.0,3.0,5
16.0,male,11,1.78,79.38,4.0,7.0,8
17.0,male,11,1.8,74.84,6.0,2.0,9
17.0,male,11,1.7,59.42,7.0,1.0,6
17.0,male,11,1.75,98.43,6.0,6.0,8
16.0,male,11,1.8,111.13,7.0,7.0,6
15.0,female,10,1.68,56.7,6.0,4.0,7
16.0,female,10,1.7,61.24,7.0,2.0,5
16.0,female,10,1.65,58.97,1.0,5.0,7
15.0,female,10,1.57,63.5,3.0,4.0,7
15.0,female,10,1.63,54.43,7.0,7.0,8
15.0,female,10,1.63,72.58,3.0,4.0,6
15.0,female,10,1.7,56.7,0.0,0.0,6
16.0,female,10,1.73,54.89,5.0,5.0,5
16.0,female,10,1.57,75.75,3.0,3.0,7
16.0,male,10,1.85,74.84,7.0,6.0,6
15.0,male,10,1.88,112.04,0.0,4.0,6
16.0,male,10,1.78,68.04,6.0,0.0,6
16.0,male,10,1.88,74.84,7.0,5.0,7
16.0,male,10,1.55,53.52,4.0,4.0,6
15.0,male,10,,,6.0,7.0,5
16.0,male,10,1.75,72.58,7.0,5.0,7
15.0,male,10,1.63,64.41,7.0,3.0,<5
16.0,male,10,1.65,47.17,6.0,3.0,7
16.0,male,10,1.83,58.06,7.0,2.0,6
17.0,female,12,1.6,56.7,0.0,0.0,7
17.0,female,12,1.6,54.43,5.0,5.0,7
17.0,female,12,1.6,58.97,5.0,5.0,7
17.0,female,12,1.57,77.11,2.0,2.0,6
17.0,female,12,1.63,53.98,5.0,4.0,7
18.0,female,12,1.6,52.16,3.0,3.0,8
17.0,female,12,1.63,48.08,3.0,3.0,7
18.0,female,12,1.75,58.51,5.0,5.0,8
18.0,male,12,1.8,61.24,7.0,6.0,8
18.0,male,12,1.78,74.84,7.0,5.0,8
17.0,male,12,1.75,77.11,2.0,5.0,6
17.0,male,12,1.65,58.06,7.0,7.0,6
18.0,male,12,1.9,122.47,6.0,6.0,8
17.0,male,12,1.8,63.5,2.0,6.0,7
17.0,male,12,1.75,75.75,5.0,5.0,<5
18.0,male,12,1.85,77.11,4.0,3.0,6
18.0,male,12,1.75,72.58,4.0,7.0,5
18.0,male,12,1.75,68.95,4.0,4.0,6
18.0,male,12,1.8,60.78,5.0,2.0,7
18.0,male,12,1.78,72.58,7.0,5.0,8
18.0,male,12,1.78,61.24,5.0,2.0,6
15.0,female,9,1.55,70.76,5.0,2.0,<5
16.0,female,10,1.55,45.81,6.0,5.0,5
16.0,female,9,1.57,63.5,7.0,7.0,5
16.0,female,9,1.5,48.99,0.0,3.0,5
16.0,female,10,1.63,103.87,7.0,5.0,6
16.0,female,10,1.63,81.65,0.0,0.0,7
14.0,female,9,1.57,49.9,2.0,2.0,<5
14.0,female,9,1.75,90.27,1.0,2.0,9
16.0,female,10,1.73,72.58,2.0,0.0,9
15.0,female,9,1.5,48.08,3.0,3.0,7
15.0,female,9,1.63,74.84,7.0,5.0,7
15.0,male,9,1.65,44.0,6.0,4.0,7
14.0,male,9,1.6,49.9,3.0,3.0,7
16.0,male,9,1.75,92.53,7.0,7.0,7
15.0,male,9,1.83,95.26,7.0,2.0,6
15.0,male,9,1.57,58.97,7.0,3.0,7
17.0,male,10,1.8,67.13,0.0,1.0,<5
18.0,female,12,1.57,56.7,7.0,7.0,6
18.0,female,12,1.68,54.43,0.0,0.0,6
17.0,female,11,1.57,38.56,1.0,0.0,<5
17.0,female,12,1.57,52.62,0.0,0.0,5
17.0,female,11,1.63,57.15,4.0,2.0,5
18.0,female,12,1.65,46.72,4.0,4.0,8
18.0,female,12,1.73,127.01,6.0,2.0,6
17.0,female,12,1.6,43.09,0.0,1.0,5
17.0,female,11,1.63,88.45,3.0,0.0,7
17.0,female,12,1.65,54.89,0.0,0.0,7
16.0,female,11,1.55,90.72,3.0,0.0,5
17.0,female,12,1.63,47.63,7.0,7.0,5
17.0,female,11,1.7,116.12,1.0,0.0,6
16.0,female,11,1.7,52.62,5.0,2.0,7
18.0,female,12,1.6,90.72,0.0,1.0,5
18.0,male,11,1.88,99.79,6.0,6.0,5
17.0,male,12,1.83,104.33,0.0,0.0,<5
18.0,male,12,1.78,97.52,7.0,0.0,8
18.0,male,12,1.73,61.24,7.0,5.0,5
18.0,male,12,1.78,76.66,5.0,7.0,5
17.0,male,12,1.73,56.7,2.0,3.0,9
16.0,male,11,,,2.0,0.0,7
18.0,male,12,1.68,58.97,7.0,0.0,8
17.0,male,11,1.96,95.71,5.0,3.0,7
17.0,male,11,1.83,86.18,7.0,7.0,7
17.0,male,11,1.88,106.14,7.0,7.0,6
15.0,female,9,1.6,70.31,4.0,4.0,5
15.0,female,9,1.63,107.96,5.0,2.0,7
15.0,female,9,1.57,53.52,3.0,2.0,6
15.0,female,9,1.73,54.43,5.0,3.0,7
14.0,female,9,1.6,52.16,2.0,2.0,5
14.0,female,9,1.65,101.61,3.0,3.0,7
15.0,female,10,1.78,67.13,7.0,5.0,5
14.0,female,9,1.65,92.08,7.0,1.0,6
14.0,female,9,1.52,43.09,3.0,3.0,6
15.0,female,9,1.78,79.38,3.0,0.0,6
15.0,female,9,1.63,54.43,3.0,3.0,5
14.0,female,9,1.57,63.5,3.0,3.0,6
14.0,female,9,1.57,61.24,2.0,4.0,7
14.0,female,9,1.68,59.88,7.0,7.0,6
15.0,female,9,1.7,45.36,7.0,2.0,8
15.0,male,9,1.78,67.13,4.0,4.0,7
15.0,male,9,1.68,53.07,7.0,2.0,5
15.0,male,9,1.73,52.16,7.0,3.0,6
16.0,male,10,1.93,88.45,7.0,4.0,5
15.0,male,9,1.65,74.84,2.0,1.0,8
14.0,male,9,1.75,64.41,7.0,4.0,8
15.0,male,10,1.78,52.16,0.0,0.0,6
15.0,male,9,1.63,73.48,4.0,4.0,7
16.0,male,10,1.75,90.72,3.0,1.0,7
18.0,female,12,1.6,49.9,6.0,6.0,7
17.0,female,11,1.57,68.95,3.0,1.0,<5
17.0,female,12,1.68,49.9,4.0,0.0,5
18.0,male,11,1.8,58.06,4.0,2.0,6
17.0,male,11,1.73,70.31,7.0,3.0,<5
17.0,male,11,1.7,90.72,5.0,4.0,5
18.0,male,12,1.88,68.04,0.0,2.0,6
18.0,male,12,1.7,127.01,0.0,0.0,8
17.0,male,11,1.78,97.52,4.0,5.0,8
18.0,male,12,1.7,65.77,5.0,0.0,<5
17.0,male,11,1.7,86.18,5.0,5.0,5
15.0,male,10,1.73,75.3,5.0,7.0,8
15.0,female,10,1.7,58.97,5.0,5.0,7
15.0,female,10,1.55,44.0,4.0,4.0,8
15.0,female,10,1.7,79.38,0.0,2.0,9
16.0,female,10,1.6,66.23,7.0,7.0,7
15.0,female,10,1.6,54.43,5.0,5.0,5
15.0,female,10,1.75,63.96,7.0,7.0,7
15.0,female,10,1.57,56.7,7.0,7.0,7
15.0,female,10,1.57,68.49,2.0,2.0,5
15.0,female,10,1.57,64.41,2.0,2.0,9
15.0,female,10,,,4.0,0.0,7
15.0,female,10,1.6,58.97,3.0,3.0,<5
15.0,female,10,1.6,46.72,5.0,2.0,9
16.0,female,10,1.65,59.88,4.0,3.0,5
15.0,male,10,1.83,79.38,4.0,5.0,7
15.0,male,10,1.9,108.86,3.0,1.0,7
16.0,male,10,1.8,95.26,6.0,4.0,8
15.0,male,10,1.73,64.41,4.0,2.0,6
15.0,male,10,1.8,81.65,6.0,5.0,7
16.0,male,10,,,1.0,2.0,10+
16.0,male,10,1.83,77.11,7.0,4.0,8
15.0,male,10,1.7,73.94,3.0,3.0,7
16.0,male,10,1.78,83.46,2.0,2.0,8
15.0,male,10,1.63,49.9,3.0,5.0,6
15.0,male,10,1.75,64.86,4.0,4.0,6
16.0,male,10,1.8,77.11,7.0,5.0,6
15.0,male,10,1.63,79.38,0.0,0.0,
15.0,male,10,1.73,63.96,2.0,2.0,9
15.0,male,10,,,7.0,5.0,8
16.0,male,9,1.73,51.71,7.0,7.0,8
15.0,male,9,1.8,64.86,7.0,7.0,9
15.0,female,9,1.63,58.06,5.0,5.0,5
14.0,female,9,1.65,57.61,3.0,3.0,<5
14.0,female,9,1.52,45.36,7.0,3.0,5
14.0,female,9,1.63,57.61,2.0,1.0,9
14.0,female,9,1.6,49.9,4.0,3.0,6
15.0,female,9,1.6,54.43,3.0,3.0,8
15.0,female,9,1.68,133.81,3.0,3.0,6
14.0,female,9,1.7,49.44,7.0,7.0,8
14.0,female,9,1.63,63.5,5.0,5.0,7
14.0,female,9,1.57,59.88,3.0,3.0,7
14.0,female,9,1.6,79.83,4.0,3.0,8
14.0,female,9,1.65,79.38,3.0,4.0,8
15.0,male,9,1.73,60.78,5.0,7.0,8
14.0,male,9,1.8,60.78,7.0,7.0,8
14.0,male,9,1.88,73.48,7.0,6.0,7
14.0,male,9,1.7,72.58,7.0,6.0,7
15.0,male,9,1.68,52.62,6.0,6.0,5
14.0,male,9,1.73,83.92,7.0,6.0,9
14.0,male,9,1.6,86.18,5.0,5.0,8
15.0,male,9,1.78,71.22,3.0,3.0,6
15.0,male,9,1.75,74.39,7.0,6.0,8
15.0,male,9,1.75,104.33,2.0,2.0,8
18.0,male,11,1.73,76.66,0.0,7.0,7
16.0,male,11,1.7,67.13,5.0,0.0,6
17.0,female,11,1.68,72.58,4.0,4.0,6
16.0,female,11,1.63,53.98,3.0,0.0,6
16.0,female,11,1.7,80.29,5.0,6.0,6
16.0,female,11,1.75,56.7,5.0,3.0,6
17.0,female,11,1.78,67.13,7.0,5.0,5
16.0,female,11,1.7,47.63,2.0,2.0,6
17.0,male,11,1.85,83.92,6.0,4.0,7
17.0,male,11,1.88,111.13,1.0,2.0,6
16.0,male,11,1.8,63.05,5.0,7.0,8
17.0,male,11,1.65,56.7,4.0,4.0,6
16.0,male,11,1.8,114.31,4.0,3.0,5
16.0,male,11,1.83,63.5,3.0,3.0,6
17.0,male,11,1.8,62.14,3.0,4.0,8
17.0,male,11,1.88,79.38,7.0,5.0,7
17.0,male,11,1.83,70.31,7.0,7.0,6
16.0,male,11,1.83,68.04,3.0,3.0,6
17.0,male,11,1.85,86.18,5.0,5.0,9
17.0,male,11,1.75,70.31,7.0,7.0,7
18.0,male,11,1.63,72.58,2.0,1.0,5
17.0,male,11,1.73,68.04,2.0,2.0,5
16.0,male,11,1.8,70.31,7.0,7.0,7
16.0,male,11,1.73,89.81,1.0,0.0,7
16.0,male,11,1.78,79.38,4.0,4.0,6
17.0,male,11,1.7,74.39,6.0,5.0,8
18.0,male,12,1.78,65.77,5.0,7.0,8
18.0,male,12,1.78,77.11,7.0,7.0,5
17.0,female,12,1.65,60.78,0.0,2.0,7
17.0,male,12,1.73,76.2,1.0,1.0,
18.0,male,12,1.68,51.71,3.0,4.0,6
18.0,male,12,1.73,86.18,0.0,0.0,8
18.0,male,12,1.85,77.11,1.0,0.0,7
17.0,male,12,1.8,69.4,6.0,6.0,7
18.0,male,12,1.8,78.02,7.0,6.0,8
17.0,male,12,1.83,90.72,1.0,0.0,8
17.0,male,12,1.8,69.4,4.0,4.0,6
18.0,male,12,1.8,75.75,0.0,2.0,6
18.0,male,12,1.85,72.58,5.0,5.0,8
18.0,male,12,1.83,70.31,4.0,0.0,7
18.0,male,12,1.83,88.45,4.0,0.0,8
18.0,male,12,1.85,66.68,7.0,5.0,7
18.0,female,12,1.47,49.9,6.0,1.0,8
17.0,female,12,1.52,59.42,5.0,5.0,7
18.0,female,12,1.5,52.16,1.0,2.0,8
18.0,female,12,1.52,45.36,0.0,0.0,6
18.0,female,12,1.6,58.06,5.0,5.0,8
17.0,female,12,1.63,53.07,0.0,0.0,8
18.0,female,12,1.5,57.15,2.0,3.0,6
18.0,female,12,1.55,53.98,2.0,0.0,5
18.0,female,12,1.68,104.33,5.0,0.0,7
14.0,female,9,1.73,99.79,0.0,0.0,5
15.0,female,9,1.57,54.43,7.0,3.0,7
14.0,female,9,1.6,45.36,2.0,0.0,5
15.0,female,9,1.65,45.36,5.0,5.0,6
16.0,female,9,1.73,55.79,3.0,0.0,8
14.0,female,9,1.6,68.04,7.0,3.0,9
14.0,female,9,,,1.0,0.0,9
17.0,male,9,,,7.0,7.0,<5
15.0,male,9,1.73,59.88,5.0,5.0,7
15.0,male,9,,,7.0,7.0,7
15.0,male,9,1.8,89.81,4.0,3.0,7
15.0,male,9,1.73,64.41,2.0,0.0,8
16.0,male,9,1.8,99.79,2.0,0.0,7
15.0,male,9,1.78,64.86,5.0,2.0,6
15.0,male,9,1.63,58.06,5.0,3.0,8
15.0,male,9,1.7,63.5,3.0,0.0,9
15.0,male,9,1.78,70.31,7.0,7.0,6
15.0,male,9,1.73,77.57,6.0,5.0,5
15.0,male,9,1.73,75.3,6.0,3.0,8
15.0,male,9,1.7,50.8,7.0,5.0,6
14.0,female,9,,,1.0,0.0,5
14.0,female,9,1.6,47.17,7.0,7.0,6
15.0,female,9,1.57,49.9,3.0,0.0,8
15.0,male,9,1.75,57.15,0.0,0.0,7
14.0,male,9,1.73,56.7,0.0,3.0,6
15.0,male,9,1.63,51.71,1.0,1.0,6
15.0,female,9,1.63,52.16,6.0,0.0,6
18.0,female,12,1.57,59.88,2.0,5.0,<5
17.0,female,12,1.65,69.4,4.0,1.0,<5
18.0,female,12,1.68,65.77,6.0,4.0,6
18.0,female,12,1.6,61.24,3.0,2.0,7
17.0,female,12,1.6,64.86,2.0,2.0,7
18.0,female,12,1.57,41.73,5.0,3.0,5
17.0,female,12,1.75,63.5,0.0,0.0,5
18.0,male,12,1.7,76.2,2.0,0.0,7
18.0,male,12,1.75,102.51,4.0,4.0,7
18.0,male,12,1.78,58.97,7.0,5.0,7
18.0,male,12,1.83,84.37,7.0,7.0,6
18.0,male,12,1.85,79.38,3.0,2.0,8
18.0,male,12,1.8,70.31,7.0,7.0,8
18.0,male,12,1.75,92.99,7.0,0.0,7
18.0,male,12,1.88,121.56,5.0,3.0,7
18.0,male,12,1.83,79.38,7.0,2.0,6
18.0,male,12,1.7,67.13,7.0,7.0,6
18.0,male,12,1.78,72.58,7.0,2.0,6
18.0,male,12,1.93,127.01,7.0,7.0,8
18.0,male,12,1.68,62.14,1.0,7.0,6
18.0,male,12,1.7,108.86,7.0,7.0,<5
18.0,male,12,1.7,60.78,7.0,0.0,7
17.0,male,11,1.85,70.31,7.0,3.0,7
17.0,female,11,1.63,50.35,0.0,1.0,7
16.0,female,11,1.63,58.06,7.0,1.0,7
17.0,female,11,1.6,56.7,7.0,3.0,8
16.0,female,11,1.68,70.31,4.0,3.0,6
16.0,female,11,1.57,61.24,3.0,4.0,5
17.0,female,11,1.63,85.73,2.0,0.0,5
17.0,female,11,1.73,49.9,7.0,7.0,8
17.0,female,11,1.63,79.38,4.0,0.0,5
17.0,female,11,1.65,68.95,3.0,2.0,8
16.0,female,11,1.83,78.02,0.0,0.0,6
17.0,female,11,1.6,63.5,2.0,2.0,5
17.0,male,11,1.83,108.86,7.0,4.0,6
17.0,male,11,1.7,65.77,0.0,0.0,6
17.0,male,11,1.78,77.11,7.0,7.0,6
17.0,male,11,1.98,81.19,7.0,4.0,8
17.0,male,11,1.55,50.8,0.0,3.0,<5
17.0,male,11,1.8,100.7,1.0,0.0,8
18.0,male,11,1.85,92.53,0.0,0.0,
17.0,male,11,1.78,88.91,7.0,6.0,8
17.0,male,11,1.73,77.11,5.0,2.0,6
17.0,male,11,1.7,74.84,7.0,7.0,7
17.0,male,11,1.78,69.85,7.0,3.0,8
18.0,male,12,1.78,95.26,4.0,0.0,6
17.0,male,12,1.85,86.18,0.0,0.0,6
18.0,male,12,1.9,90.72,7.0,6.0,8
18.0,female,12,1.6,53.52,4.0,1.0,7
18.0,female,12,1.65,61.24,3.0,1.0,5
17.0,female,12,1.47,44.0,7.0,3.0,8
18.0,female,12,1.55,49.9,5.0,5.0,7
18.0,female,12,1.6,83.92,3.0,0.0,<5
17.0,female,12,1.57,67.13,1.0,0.0,
18.0,female,12,1.52,57.61,7.0,3.0,7
18.0,female,12,1.65,76.2,3.0,0.0,5
18.0,female,12,1.63,74.84,3.0,3.0,7
18.0,female,12,1.63,65.77,0.0,0.0,6
18.0,female,12,1.47,56.7,0.0,0.0,7
18.0,female,12,1.63,79.83,3.0,3.0,7
18.0,female,12,1.78,127.01,7.0,5.0,6
18.0,female,12,1.7,72.58,7.0,5.0,8
17.0,female,11,1.68,56.7,0.0,0.0,5
18.0,female,12,1.57,63.05,6.0,2.0,5
18.0,female,12,1.55,52.16,0.0,0.0,<5
13.0,female,9,,,0.0,0.0,<5
17.0,male,12,1.7,64.41,5.0,0.0,6
18.0,female,12,1.55,57.61,1.0,1.0,5
17.0,male,12,1.75,58.97,5.0,0.0,7
15.0,female,10,1.75,73.94,3.0,0.0,6
16.0,female,10,1.52,52.16,5.0,3.0,8
16.0,female,10,1.57,43.55,3.0,5.0,6
16.0,female,10,1.7,48.54,3.0,0.0,5
16.0,female,10,1.68,58.97,1.0,5.0,<5
16.0,female,10,1.6,77.11,7.0,7.0,8
16.0,female,10,1.57,60.33,0.0,0.0,7
15.0,female,10,1.6,64.86,5.0,6.0,7
15.0,male,10,1.85,68.04,7.0,7.0,7
16.0,male,10,1.8,55.79,7.0,5.0,6
15.0,male,10,1.68,59.42,2.0,0.0,7
16.0,male,10,1.78,96.16,7.0,5.0,6
16.0,male,10,1.63,68.95,7.0,4.0,5
17.0,female,12,1.55,58.97,4.0,1.0,9
18.0,female,12,1.57,53.07,4.0,2.0,6
18.0,male,12,1.93,117.94,7.0,7.0,6
17.0,male,12,1.65,60.33,7.0,0.0,7
18.0,male,12,1.75,90.72,3.0,3.0,6
18.0,male,12,1.68,61.24,5.0,3.0,7
18.0,male,12,1.78,63.05,7.0,5.0,5
18.0,male,12,1.83,145.15,7.0,7.0,7
16.0,female,11,1.63,59.88,3.0,0.0,7
17.0,female,11,1.7,69.4,3.0,3.0,5
16.0,female,11,1.55,46.72,0.0,3.0,5
16.0,female,11,1.6,63.5,1.0,0.0,8
17.0,female,11,1.63,66.68,1.0,2.0,6
16.0,female,11,1.75,60.33,0.0,0.0,<5
17.0,female,11,1.63,83.92,0.0,0.0,7
17.0,male,11,1.75,83.46,7.0,3.0,8
16.0,male,11,1.8,88.91,7.0,7.0,<5
16.0,male,11,1.68,65.77,0.0,0.0,6
17.0,male,11,1.83,71.22,7.0,7.0,8
17.0,female,11,1.65,83.01,1.0,1.0,7
16.0,female,11,1.68,63.5,0.0,1.0,6
16.0,female,11,1.65,53.52,7.0,5.0,6
15.0,male,10,1.7,77.11,5.0,5.0,6
16.0,male,10,1.68,67.13,6.0,7.0,6
16.0,male,10,1.7,65.77,7.0,7.0,6
17.0,male,10,1.75,73.94,7.0,5.0,5
15.0,male,10,1.83,131.09,7.0,4.0,<5
16.0,male,10,1.73,73.48,7.0,5.0,8
16.0,male,10,1.7,73.03,7.0,7.0,8
16.0,female,10,1.5,40.37,1.0,0.0,6
17.0,female,10,1.7,56.7,1.0,0.0,7
16.0,female,10,1.55,65.32,3.0,2.0,5
16.0,female,10,1.57,49.9,7.0,4.0,7
15.0,female,10,1.6,63.05,2.0,0.0,7
16.0,female,10,1.5,63.5,6.0,4.0,7
17.0,male,11,1.78,68.04,7.0,7.0,7
17.0,male,11,1.8,69.4,7.0,3.0,7
17.0,male,11,1.75,73.94,7.0,7.0,7
17.0,male,11,1.85,65.77,0.0,0.0,9
16.0,male,11,1.78,72.58,7.0,4.0,7
17.0,male,11,,,7.0,5.0,9
17.0,male,11,1.85,91.17,7.0,4.0,7
17.0,male,11,1.68,59.88,5.0,4.0,5
16.0,male,11,1.68,59.88,5.0,3.0,8
17.0,male,11,1.75,108.86,5.0,5.0,9
16.0,male,11,1.78,73.03,7.0,4.0,8
17.0,male,11,1.78,70.31,7.0,7.0,8
17.0,male,11,1.6,62.6,7.0,5.0,8
16.0,male,11,1.88,90.72,7.0,7.0,8
18.0,male,11,1.8,86.18,0.0,0.0,
16.0,female,11,1.6,68.04,0.0,3.0,6
17.0,female,11,1.73,59.88,7.0,7.0,<5
17.0,female,11,1.6,63.05,2.0,1.0,6
14.0,male,9,1.68,62.6,5.0,0.0,9
15.0,female,9,1.55,50.35,5.0,5.0,
15.0,female,9,1.6,54.43,,,
15.0,female,9,1.52,45.36,7.0,7.0,7
15.0,female,9,1.57,43.09,7.0,7.0,6
14.0,female,9,1.73,55.34,6.0,3.0,6
14.0,female,9,1.57,63.5,5.0,3.0,8
15.0,female,9,1.68,72.58,0.0,2.0,6
14.0,female,9,1.65,54.43,7.0,7.0,9
15.0,female,9,1.57,53.07,2.0,3.0,7
18.0,male,12,1.7,61.24,7.0,7.0,7
17.0,male,12,1.7,70.76,3.0,5.0,7
18.0,male,12,1.68,45.36,5.0,2.0,7
17.0,male,12,1.8,88.45,3.0,0.0,6
18.0,male,12,2.01,83.92,7.0,3.0,8
17.0,male,12,1.83,79.38,5.0,5.0,7
17.0,male,12,1.75,68.04,0.0,0.0,7
17.0,male,12,1.78,70.76,4.0,0.0,7
18.0,male,12,1.73,86.18,7.0,5.0,8
18.0,male,12,1.83,79.38,7.0,4.0,7
18.0,male,12,1.8,77.11,7.0,6.0,6
18.0,male,12,1.83,92.99,7.0,7.0,8
18.0,male,12,1.8,76.2,7.0,0.0,5
18.0,male,12,1.68,72.58,7.0,7.0,9
17.0,female,12,1.55,49.9,3.0,0.0,<5
18.0,female,12,1.6,54.43,0.0,0.0,5
18.0,female,12,1.63,57.61,0.0,0.0,9
16.0,male,11,1.73,86.18,5.0,5.0,
15.0,female,10,1.73,63.5,7.0,3.0,7
16.0,female,10,1.55,56.7,0.0,0.0,7
15.0,female,10,1.65,48.99,4.0,3.0,10+
15.0,female,10,1.63,58.97,7.0,7.0,8
15.0,female,10,1.7,56.7,7.0,4.0,7
15.0,female,10,1.6,49.9,5.0,2.0,9
17.0,male,11,1.78,113.4,7.0,6.0,7
16.0,male,11,1.8,79.38,0.0,0.0,8
17.0,male,11,1.73,57.61,7.0,7.0,7
17.0,male,11,1.9,68.49,5.0,3.0,9
17.0,male,11,,,5.0,0.0,7
16.0,male,11,1.73,58.97,0.0,0.0,8
17.0,male,11,1.68,61.69,7.0,3.0,7
16.0,male,11,1.65,74.84,0.0,0.0,7
17.0,male,11,1.88,78.47,7.0,7.0,<5
18.0,female,11,1.6,107.96,5.0,0.0,6
17.0,female,11,1.6,55.34,3.0,1.0,8
16.0,female,11,,,3.0,0.0,8
17.0,female,11,,,7.0,7.0,8
17.0,female,11,1.7,97.52,4.0,0.0,8
16.0,female,11,1.6,56.7,4.0,3.0,7
17.0,female,11,1.57,61.69,5.0,4.0,7
18.0,female,11,1.5,46.72,7.0,7.0,8
15.0,female,9,1.45,43.09,1.0,1.0,8
14.0,male,9,1.63,67.59,7.0,3.0,8
15.0,male,9,1.75,70.31,7.0,3.0,9
14.0,male,9,1.75,58.97,7.0,7.0,8
14.0,male,9,1.65,56.7,5.0,7.0,8
15.0,male,9,1.73,72.58,7.0,7.0,6
14.0,male,9,1.57,45.36,7.0,7.0,7
14.0,male,9,1.88,75.75,0.0,7.0,7
16.0,male,,1.85,78.93,7.0,7.0,
16.0,male,9,1.6,62.6,2.0,7.0,8
18.0,male,12,1.93,124.74,7.0,0.0,6
18.0,male,12,1.78,55.79,4.0,2.0,6
17.0,male,12,1.65,86.18,0.0,0.0,7
18.0,male,12,1.85,95.26,7.0,7.0,7
18.0,male,12,1.57,53.98,0.0,3.0,<5
17.0,male,12,1.85,99.79,7.0,7.0,9
18.0,male,12,1.78,102.06,6.0,2.0,8
17.0,male,12,1.78,65.77,2.0,0.0,8
17.0,male,12,1.96,120.2,7.0,7.0,7
18.0,male,12,1.73,62.6,7.0,7.0,8
17.0,male,12,1.8,85.73,6.0,7.0,7
17.0,male,12,1.75,61.24,3.0,1.0,7
18.0,male,12,1.73,89.81,5.0,5.0,6
18.0,female,12,1.57,68.95,0.0,0.0,8
17.0,female,12,1.55,47.63,0.0,0.0,5
17.0,female,12,1.55,56.7,0.0,0.0,8
17.0,female,12,1.6,56.7,5.0,5.0,7
16.0,male,10,1.85,129.28,5.0,5.0,6
16.0,male,10,1.73,90.72,2.0,0.0,6
16.0,male,10,1.83,64.41,0.0,0.0,7
16.0,male,10,1.88,75.3,7.0,3.0,<5
16.0,male,10,1.8,62.6,7.0,7.0,8
16.0,male,10,1.78,81.65,7.0,3.0,7
16.0,male,10,1.68,72.58,5.0,2.0,9
15.0,male,10,1.83,68.04,6.0,5.0,8
15.0,male,10,1.78,95.26,7.0,7.0,10+
16.0,male,10,,,2.0,0.0,8
15.0,female,10,1.57,50.8,1.0,1.0,6
15.0,female,10,1.7,54.43,5.0,5.0,7
16.0,female,10,1.6,56.7,7.0,7.0,8
15.0,female,10,1.65,61.24,5.0,3.0,7
16.0,female,10,1.57,66.68,5.0,3.0,6
15.0,female,10,1.73,50.8,5.0,5.0,8
16.0,female,10,1.57,52.16,7.0,4.0,5
16.0,female,10,1.8,63.5,6.0,3.0,8
16.0,female,10,1.6,52.62,7.0,5.0,6
17.0,male,10,1.65,90.72,7.0,5.0,7
15.0,male,10,1.68,91.17,7.0,7.0,6
17.0,male,10,1.83,90.72,7.0,7.0,6
16.0,male,10,1.75,90.72,7.0,3.0,6
15.0,male,10,1.93,93.9,6.0,2.0,7
16.0,male,10,1.75,108.86,7.0,5.0,6
16.0,male,10,1.75,58.97,7.0,7.0,7
17.0,female,11,1.57,85.28,0.0,0.0,9
17.0,female,11,1.6,77.11,7.0,5.0,8
18.0,female,11,1.68,52.16,3.0,3.0,6
16.0,male,11,1.65,61.24,7.0,7.0,7
17.0,male,11,1.75,97.52,7.0,7.0,7
17.0,male,11,1.96,92.99,7.0,4.0,8
17.0,male,11,1.73,78.93,5.0,5.0,6
17.0,male,12,1.68,88.45,6.0,4.0,6
18.0,male,12,1.78,105.69,7.0,5.0,5
17.0,female,12,1.55,64.41,5.0,5.0,6
17.0,female,12,1.57,46.27,7.0,7.0,7
18.0,female,12,1.75,54.43,7.0,7.0,7
15.0,female,9,1.57,43.09,0.0,1.0,7
15.0,female,9,1.65,55.79,7.0,7.0,5
15.0,female,9,,,0.0,0.0,8
15.0,female,9,1.6,104.78,5.0,2.0,7
14.0,female,9,1.55,57.15,2.0,1.0,6
15.0,female,9,1.7,65.77,2.0,0.0,8
15.0,female,9,1.65,59.88,4.0,1.0,7
15.0,female,9,1.63,70.31,6.0,5.0,7
15.0,female,9,1.7,61.69,6.0,5.0,8
14.0,female,9,1.63,80.74,1.0,2.0,
15.0,female,9,1.6,55.34,2.0,5.0,6
15.0,female,9,1.7,61.24,2.0,3.0,8
15.0,female,9,1.55,81.65,5.0,0.0,7
15.0,female,9,1.55,52.16,0.0,1.0,6
15.0,female,9,1.68,86.18,0.0,1.0,5
15.0,female,9,1.7,48.08,0.0,3.0,7
15.0,female,9,1.68,83.92,0.0,4.0,5
15.0,female,9,1.6,64.86,7.0,7.0,7
15.0,female,9,1.55,49.9,0.0,0.0,10+
15.0,female,9,1.7,91.17,2.0,5.0,6
15.0,female,9,1.63,58.97,7.0,7.0,6
15.0,female,9,1.65,64.41,7.0,5.0,7
15.0,female,9,1.55,62.14,5.0,5.0,8
14.0,female,9,1.6,47.63,6.0,5.0,5
14.0,female,9,1.55,52.16,0.0,0.0,5
14.0,female,9,1.55,53.07,4.0,4.0,8
14.0,female,9,1.6,58.97,3.0,4.0,5
15.0,female,9,1.57,70.31,2.0,5.0,7
14.0,female,9,1.6,59.42,5.0,5.0,7
14.0,female,9,1.52,54.43,7.0,2.0,9
15.0,female,9,1.68,59.88,6.0,6.0,7
14.0,female,9,1.57,46.72,5.0,5.0,9
14.0,female,9,1.7,106.14,1.0,2.0,8
16.0,female,9,1.6,61.24,5.0,5.0,8
16.0,female,9,1.7,70.31,2.0,0.0,7
17.0,female,11,1.63,85.73,4.0,2.0,<5
17.0,female,11,1.63,65.77,5.0,2.0,<5
16.0,female,11,1.65,57.15,2.0,6.0,8
16.0,female,11,1.57,45.36,1.0,1.0,7
18.0,female,11,1.5,60.33,2.0,0.0,8
16.0,female,11,1.57,66.68,1.0,2.0,5
16.0,female,11,1.52,40.82,0.0,0.0,<5
17.0,male,11,1.75,63.5,7.0,7.0,6
16.0,male,11,1.7,90.72,7.0,3.0,6
16.0,male,11,1.88,95.26,7.0,5.0,8
17.0,male,11,1.98,102.06,4.0,2.0,9
16.0,male,11,1.78,68.04,4.0,0.0,7
17.0,male,11,1.73,65.77,6.0,2.0,5
17.0,male,11,1.8,86.18,7.0,7.0,8
16.0,male,11,1.8,62.14,7.0,7.0,7
16.0,male,11,1.73,111.13,7.0,7.0,<5
17.0,male,11,1.8,58.97,7.0,3.0,6
17.0,male,11,1.83,73.48,0.0,1.0,6
18.0,female,12,,,1.0,0.0,6
18.0,female,12,1.57,95.26,4.0,3.0,7
17.0,female,12,1.7,67.13,2.0,2.0,7
17.0,female,12,1.73,79.38,5.0,0.0,8
18.0,female,12,1.68,63.05,7.0,7.0,8
17.0,female,12,1.55,44.91,7.0,7.0,8
18.0,female,12,1.63,86.18,2.0,0.0,5
17.0,female,12,1.68,54.43,4.0,3.0,8
17.0,female,12,1.65,101.61,7.0,7.0,6
17.0,female,12,1.63,49.9,1.0,0.0,6
17.0,female,12,1.7,56.7,1.0,0.0,6
17.0,male,12,1.85,65.77,4.0,2.0,6
17.0,male,12,1.78,70.31,7.0,7.0,6
18.0,male,12,1.73,88.45,7.0,7.0,7
18.0,male,12,1.75,83.92,7.0,7.0,7
18.0,male,12,1.75,97.52,7.0,6.0,8
18.0,male,12,1.73,71.67,1.0,0.0,8
18.0,male,12,1.83,80.74,7.0,7.0,8
18.0,male,12,1.83,74.84,7.0,0.0,7
18.0,male,12,1.83,73.48,4.0,4.0,5
16.0,male,10,1.78,90.72,4.0,3.0,<5
15.0,male,10,1.75,72.12,4.0,3.0,5
16.0,male,10,1.75,68.04,7.0,7.0,6
15.0,male,10,1.73,62.6,7.0,7.0,<5
16.0,male,10,1.75,79.38,5.0,5.0,<5
16.0,male,10,1.73,63.96,2.0,2.0,7
16.0,male,10,,,7.0,7.0,7
16.0,male,10,1.83,72.58,7.0,7.0,6
16.0,male,10,1.73,70.76,7.0,7.0,7
16.0,male,10,1.73,61.24,4.0,5.0,5
16.0,male,10,1.8,122.47,5.0,0.0,8
15.0,male,10,1.73,83.92,7.0,7.0,<5
16.0,male,10,1.83,72.58,3.0,1.0,5
15.0,male,10,1.8,81.65,2.0,0.0,6
16.0,male,10,1.73,101.61,2.0,0.0,6
15.0,male,10,1.83,74.84,2.0,4.0,8
16.0,male,10,1.75,81.65,3.0,5.0,7
16.0,male,10,1.75,82.1,7.0,7.0,7
16.0,male,10,1.73,70.31,7.0,7.0,<5
15.0,male,10,1.73,108.86,7.0,7.0,9
16.0,male,10,1.88,88.91,7.0,7.0,10+
15.0,male,10,1.7,57.61,,,
15.0,male,10,1.63,49.9,7.0,7.0,9
16.0,male,10,1.78,112.04,0.0,0.0,10+
16.0,male,10,1.73,61.24,7.0,7.0,9
17.0,male,10,1.78,63.5,5.0,4.0,10+
18.0,male,10,,,0.0,0.0,<5
16.0,male,10,1.78,70.76,7.0,7.0,9
17.0,male,12,1.65,60.78,7.0,7.0,7
17.0,male,12,1.75,74.84,5.0,3.0,5
18.0,male,12,1.85,78.93,4.0,3.0,8
17.0,male,12,1.83,77.11,7.0,4.0,8
18.0,male,12,1.85,105.69,5.0,2.0,8
18.0,male,12,1.6,52.16,1.0,0.0,5
18.0,male,12,1.73,70.31,7.0,7.0,<5
18.0,male,12,1.85,113.4,3.0,0.0,7
18.0,male,12,1.7,68.95,3.0,3.0,<5
17.0,male,12,1.85,63.5,0.0,0.0,6
17.0,male,12,1.73,69.4,3.0,3.0,8
17.0,male,12,1.68,62.6,4.0,4.0,6
18.0,male,12,1.88,83.01,0.0,0.0,7
18.0,male,12,1.83,92.99,6.0,5.0,7
17.0,male,12,1.8,63.5,4.0,0.0,6
17.0,male,12,1.75,68.04,5.0,6.0,6
17.0,male,12,1.83,94.35,7.0,5.0,6
18.0,female,12,1.6,52.62,1.0,0.0,6
17.0,female,12,1.65,63.5,0.0,0.0,6
18.0,female,12,1.57,51.71,0.0,0.0,6
17.0,female,12,1.68,84.37,0.0,0.0,5
17.0,female,12,1.65,89.36,0.0,1.0,<5
17.0,female,12,1.7,65.77,0.0,0.0,<5
17.0,female,12,1.6,63.5,3.0,0.0,<5
17.0,female,12,1.63,52.16,0.0,4.0,5
16.0,male,9,1.75,81.65,3.0,3.0,6
16.0,female,9,1.65,42.64,0.0,0.0,7
14.0,female,9,1.75,52.16,6.0,2.0,<5
14.0,female,9,1.6,61.69,2.0,0.0,6
14.0,male,9,1.65,49.9,7.0,7.0,8
14.0,female,9,1.57,68.04,3.0,2.0,7
14.0,female,9,1.7,59.42,2.0,0.0,7
14.0,female,9,1.65,58.06,0.0,0.0,9
15.0,female,9,1.63,58.97,2.0,0.0,7
15.0,female,9,1.52,46.72,2.0,2.0,7
15.0,female,9,1.57,61.24,1.0,0.0,6
15.0,female,9,1.7,58.97,0.0,0.0,8
16.0,female,9,1.57,55.34,5.0,3.0,5
14.0,female,9,1.68,56.7,0.0,0.0,6
14.0,female,9,,,7.0,7.0,6
14.0,female,9,1.57,56.7,1.0,1.0,8
15.0,male,9,1.78,73.94,7.0,7.0,8
14.0,male,9,1.73,58.97,4.0,2.0,7
14.0,male,9,1.65,102.06,3.0,3.0,7
14.0,male,9,1.78,68.95,5.0,3.0,7
14.0,male,9,1.78,60.33,7.0,2.0,7
15.0,male,9,1.73,90.72,5.0,5.0,7
15.0,male,9,,,7.0,7.0,6
14.0,male,9,1.57,55.34,0.0,1.0,9
15.0,male,9,1.65,68.04,5.0,6.0,5
15.0,male,9,,,,,5
15.0,male,9,1.6,46.72,0.0,0.0,<5
14.0,male,9,1.8,90.72,7.0,4.0,7
15.0,male,9,1.68,72.58,0.0,0.0,9
14.0,male,9,1.88,82.56,7.0,5.0,
14.0,male,9,1.73,59.42,7.0,,10+
14.0,male,9,,,7.0,3.0,5
15.0,male,9,1.78,73.48,7.0,7.0,8
18.0,female,12,1.73,73.94,3.0,6.0,7
17.0,female,12,1.57,57.15,3.0,4.0,9
18.0,female,12,1.68,76.66,7.0,7.0,<5
18.0,female,12,1.63,56.7,0.0,0.0,5
18.0,female,12,1.6,58.06,0.0,0.0,7
18.0,female,12,1.75,70.31,2.0,0.0,6
17.0,female,12,1.5,46.27,0.0,0.0,7
17.0,male,12,1.75,99.79,1.0,1.0,
17.0,male,12,1.88,98.43,2.0,0.0,8
18.0,male,other,1.73,63.5,7.0,3.0,6
18.0,male,12,1.65,79.38,3.0,3.0,7
16.0,male,11,1.7,69.85,3.0,0.0,8
18.0,male,12,1.83,76.2,5.0,5.0,7
17.0,male,12,1.7,54.43,7.0,7.0,<5
16.0,female,10,1.6,76.66,3.0,3.0,<5
16.0,female,10,1.63,70.31,3.0,3.0,7
16.0,female,10,1.73,92.99,5.0,2.0,8
15.0,female,10,1.63,47.17,2.0,1.0,7
16.0,female,10,1.65,61.24,0.0,0.0,6
17.0,female,11,1.73,72.12,5.0,4.0,7
16.0,female,10,1.52,62.6,2.0,2.0,9
15.0,female,10,1.6,65.77,1.0,1.0,7
16.0,male,10,1.8,74.39,0.0,0.0,5
16.0,male,10,1.78,113.4,3.0,0.0,7
,male,11,,,,,
16.0,male,10,1.78,70.31,5.0,0.0,8
15.0,male,10,1.63,46.27,2.0,2.0,8
15.0,male,10,1.85,68.95,7.0,7.0,9
17.0,male,10,1.73,79.83,5.0,4.0,6
16.0,male,10,1.63,47.63,0.0,0.0,5
15.0,male,10,,,3.0,0.0,7
14.0,male,9,1.55,68.49,2.0,1.0,5
17.0,male,10,,,5.0,5.0,7
16.0,male,10,1.78,77.11,7.0,7.0,
15.0,female,9,1.5,109.32,4.0,4.0,8
14.0,female,9,1.6,61.24,7.0,4.0,<5
14.0,female,9,,,7.0,4.0,9
14.0,female,9,1.57,97.98,5.0,5.0,
15.0,female,9,1.57,64.86,0.0,0.0,6
15.0,female,9,1.52,53.07,2.0,0.0,7
14.0,female,9,1.57,58.97,0.0,0.0,7
15.0,female,9,1.63,61.24,2.0,2.0,8
16.0,female,9,1.73,81.65,4.0,3.0,8
15.0,female,9,1.57,41.73,5.0,5.0,8
15.0,female,9,1.8,63.5,1.0,4.0,8
14.0,female,9,1.63,46.27,4.0,1.0,6
15.0,female,9,1.7,90.72,0.0,0.0,10+
15.0,male,9,1.75,82.1,,,10+
15.0,male,9,1.9,99.79,1.0,2.0,<5
14.0,male,9,1.85,67.59,4.0,5.0,6
15.0,male,9,1.65,56.7,3.0,2.0,<5
18.0,male,12,,,7.0,7.0,10+
15.0,male,9,1.68,56.7,2.0,1.0,7
15.0,male,9,1.63,83.92,3.0,2.0,8
15.0,male,9,1.83,90.72,0.0,2.0,8
15.0,male,9,1.65,48.08,7.0,3.0,10+
15.0,male,9,1.75,63.5,5.0,5.0,7
15.0,male,9,1.75,82.56,0.0,0.0,8
15.0,male,9,1.65,58.97,3.0,0.0,7
15.0,male,9,1.8,97.98,5.0,7.0,7
15.0,female,10,1.63,58.97,0.0,3.0,7
15.0,female,10,1.63,99.79,5.0,1.0,7
16.0,female,10,1.63,68.04,7.0,7.0,9
16.0,female,10,1.7,81.65,3.0,5.0,6
15.0,female,10,1.63,58.97,1.0,1.0,7
15.0,female,10,1.68,63.5,0.0,3.0,6
15.0,female,10,1.57,46.72,7.0,3.0,7
16.0,male,10,1.78,68.04,5.0,5.0,7
15.0,male,10,1.7,106.6,5.0,6.0,8
16.0,male,10,1.7,58.97,4.0,7.0,8
16.0,male,10,1.7,60.78,5.0,4.0,8
15.0,male,10,1.85,67.13,4.0,1.0,8
16.0,male,10,1.8,87.09,1.0,1.0,7
16.0,male,11,1.73,99.79,7.0,5.0,7
17.0,male,10,1.7,81.19,7.0,0.0,7
16.0,male,10,1.83,80.29,3.0,3.0,
15.0,male,10,1.7,65.77,7.0,7.0,8
15.0,male,10,1.83,86.18,6.0,2.0,8
16.0,male,10,1.78,89.36,0.0,6.0,8
16.0,male,10,1.98,117.94,0.0,0.0,<5
17.0,male,11,1.78,80.29,2.0,0.0,8
16.0,male,10,1.7,61.24,5.0,4.0,8
16.0,male,10,1.83,101.15,3.0,4.0,8
17.0,male,10,,,2.0,2.0,5
16.0,male,10,1.83,90.72,1.0,0.0,6
15.0,male,10,1.88,72.58,7.0,5.0,7
17.0,female,11,1.68,81.65,0.0,0.0,<5
16.0,female,11,1.63,81.65,4.0,4.0,7
17.0,female,11,1.7,58.97,7.0,1.0,7
17.0,female,11,1.65,54.43,4.0,3.0,7
16.0,female,11,,,7.0,7.0,9
16.0,female,11,1.52,56.25,2.0,1.0,8
16.0,female,11,1.68,53.07,5.0,4.0,6
16.0,male,11,,,7.0,3.0,<5
16.0,male,11,1.63,58.97,0.0,1.0,7
17.0,male,11,1.7,54.43,2.0,0.0,6
16.0,male,11,1.68,99.79,5.0,2.0,5
17.0,male,11,1.9,122.47,7.0,4.0,7
17.0,male,11,1.73,87.54,3.0,2.0,7
17.0,male,11,,,0.0,1.0,6
17.0,male,11,1.9,71.22,2.0,0.0,6
16.0,male,11,1.83,58.97,0.0,0.0,6
17.0,male,11,,,1.0,0.0,8
16.0,male,11,,,4.0,1.0,9
17.0,male,11,1.73,92.08,5.0,4.0,6
17.0,male,11,1.83,70.76,2.0,5.0,7
17.0,male,11,1.78,63.5,5.0,3.0,9
17.0,male,11,1.65,47.63,0.0,0.0,10+
17.0,male,11,1.7,80.74,7.0,2.0,7
17.0,male,11,1.83,103.42,0.0,0.0,7
16.0,male,11,1.75,63.5,4.0,3.0,8
18.0,male,12,,,7.0,7.0,10+
17.0,male,11,1.85,65.77,0.0,2.0,6
17.0,male,11,1.8,117.94,5.0,3.0,8
16.0,male,11,,,0.0,0.0,<5
17.0,male,11,1.63,56.7,2.0,2.0,6
17.0,female,12,,,4.0,2.0,7
17.0,female,11,1.75,61.24,0.0,0.0,7
16.0,female,10,1.55,56.7,4.0,3.0,5
17.0,female,11,1.55,51.26,2.0,3.0,6
16.0,female,11,1.63,86.18,0.0,0.0,7
17.0,female,11,1.63,57.15,7.0,1.0,6
16.0,female,11,1.68,58.97,4.0,4.0,8
16.0,female,11,1.55,54.89,0.0,0.0,5
16.0,female,11,,,,,
17.0,female,12,1.55,53.98,0.0,2.0,6
16.0,female,11,,,3.0,3.0,8
16.0,female,11,1.68,62.14,6.0,6.0,7
18.0,female,12,1.63,64.41,3.0,2.0,8
18.0,female,12,1.57,70.31,5.0,0.0,5
18.0,female,12,,,1.0,1.0,5
17.0,female,12,1.65,74.84,0.0,0.0,6
18.0,female,12,1.68,65.77,0.0,0.0,6
17.0,female,12,1.68,65.77,5.0,4.0,6
18.0,female,12,1.65,49.9,5.0,3.0,7
17.0,female,12,1.55,54.43,1.0,2.0,8
17.0,female,12,1.57,68.04,0.0,0.0,9
18.0,female,12,1.8,64.41,0.0,0.0,6
18.0,female,12,1.6,53.52,0.0,0.0,6
17.0,female,12,1.52,48.99,7.0,7.0,6
18.0,male,12,1.8,56.7,5.0,4.0,7
18.0,male,12,1.8,128.82,4.0,4.0,6
17.0,male,12,1.75,70.31,5.0,3.0,6
17.0,male,12,1.68,68.49,4.0,7.0,6
17.0,male,12,1.83,119.75,,,
17.0,male,12,1.7,68.49,7.0,7.0,8
18.0,male,12,1.8,68.04,7.0,7.0,6
17.0,male,12,,,4.0,5.0,7
18.0,female,12,1.63,50.8,1.0,0.0,7
18.0,female,12,1.55,57.61,5.0,0.0,<5
18.0,female,12,1.68,121.56,0.0,1.0,6
17.0,female,12,1.68,108.86,2.0,0.0,
18.0,female,12,,,7.0,7.0,6
17.0,female,12,1.6,63.5,0.0,0.0,6
17.0,female,12,1.35,68.95,7.0,7.0,10+
17.0,female,12,,,0.0,0.0,<5
17.0,female,12,1.63,61.24,5.0,7.0,8
18.0,female,12,1.6,62.6,5.0,7.0,<5
18.0,female,12,1.6,54.43,2.0,0.0,6
18.0,female,12,1.73,84.82,4.0,4.0,5
18.0,female,12,1.52,78.93,6.0,5.0,
18.0,male,12,1.88,79.38,4.0,6.0,5
17.0,male,12,1.83,68.04,7.0,3.0,6
18.0,male,12,1.7,69.4,3.0,0.0,7
18.0,male,12,1.75,77.11,2.0,0.0,6
18.0,male,12,2.06,90.27,2.0,7.0,<5
16.0,female,10,,,0.0,0.0,5
16.0,female,10,1.63,60.78,5.0,0.0,6
16.0,female,10,1.6,56.7,7.0,7.0,8
15.0,female,10,1.57,52.62,5.0,4.0,8
16.0,female,10,,,3.0,7.0,
16.0,female,10,1.88,71.67,7.0,0.0,10+
16.0,male,10,1.9,67.59,0.0,0.0,8
15.0,male,10,1.83,72.58,7.0,2.0,<5
17.0,male,10,1.83,81.65,7.0,4.0,7
16.0,male,10,1.75,70.76,5.0,7.0,6
15.0,male,10,1.73,68.04,7.0,7.0,6
16.0,male,10,,,7.0,5.0,10+
16.0,male,10,1.65,55.34,4.0,5.0,7
16.0,male,10,1.73,66.68,7.0,5.0,7
16.0,male,10,1.78,61.24,5.0,7.0,
15.0,male,10,1.73,54.43,7.0,7.0,7
14.0,female,9,1.57,72.58,7.0,1.0,6
14.0,female,9,1.6,45.36,1.0,2.0,8
15.0,female,9,1.57,56.7,3.0,2.0,6
14.0,female,9,1.7,64.41,7.0,0.0,8
15.0,female,9,,,3.0,1.0,8
15.0,female,9,1.63,101.61,7.0,7.0,8
15.0,female,9,1.98,54.89,2.0,0.0,5
15.0,female,9,1.6,52.16,4.0,0.0,10+
16.0,female,9,1.52,73.94,3.0,1.0,6
15.0,male,9,1.7,65.77,7.0,7.0,7
14.0,male,9,1.93,132.9,6.0,5.0,7
15.0,male,9,1.78,52.16,2.0,2.0,6
15.0,male,9,1.78,80.74,4.0,5.0,7
15.0,male,9,1.6,50.35,6.0,4.0,9
15.0,male,9,1.75,63.5,7.0,,6
15.0,male,9,1.8,78.93,0.0,0.0,7
17.0,male,9,1.73,84.37,0.0,0.0,<5
17.0,male,9,1.83,68.04,7.0,7.0,<5
16.0,female,11,1.63,58.06,1.0,0.0,10+
17.0,female,11,1.68,72.58,5.0,0.0,6
16.0,female,11,1.63,74.84,2.0,0.0,9
16.0,female,11,1.83,136.08,0.0,0.0,8
16.0,female,11,1.73,59.88,5.0,0.0,8
17.0,female,11,1.6,47.63,7.0,1.0,5
17.0,female,11,1.6,61.24,0.0,0.0,5
16.0,female,11,1.55,54.43,4.0,0.0,5
16.0,male,11,1.68,68.49,7.0,4.0,7
17.0,male,11,1.75,84.82,7.0,6.0,6
18.0,male,11,1.85,104.33,0.0,0.0,6
17.0,male,11,1.78,65.77,3.0,3.0,<5
17.0,male,11,1.88,99.79,4.0,3.0,8
17.0,male,11,1.73,79.38,4.0,5.0,6
18.0,male,11,1.8,120.2,3.0,0.0,5
16.0,male,11,1.85,100.7,4.0,3.0,6
16.0,female,11,1.63,87.54,7.0,5.0,7
17.0,female,11,1.6,61.24,7.0,0.0,7
17.0,male,11,1.7,111.13,5.0,5.0,6
18.0,male,11,1.75,95.26,7.0,0.0,9
17.0,male,11,1.75,84.37,6.0,6.0,7
16.0,female,10,1.57,95.26,3.0,0.0,6
16.0,female,10,1.7,51.26,7.0,0.0,<5
15.0,female,10,1.68,62.6,2.0,1.0,7
15.0,female,10,1.68,86.64,3.0,0.0,6
16.0,female,10,1.6,58.51,7.0,5.0,7
16.0,female,10,1.52,58.06,7.0,2.0,5
16.0,female,10,1.68,68.49,7.0,1.0,7
16.0,female,10,1.68,73.94,7.0,7.0,8
16.0,female,10,1.52,52.62,0.0,0.0,7
16.0,female,10,1.7,108.86,6.0,2.0,7
16.0,female,10,1.7,52.16,5.0,5.0,7
16.0,male,10,1.78,79.38,4.0,5.0,6
16.0,male,10,1.7,104.33,7.0,7.0,7
16.0,male,10,1.78,76.66,7.0,5.0,5
15.0,male,10,,,0.0,0.0,9
16.0,male,10,1.85,61.24,1.0,1.0,6
15.0,male,10,1.75,64.86,6.0,5.0,6
15.0,male,10,1.68,53.52,,,
15.0,male,10,1.9,136.08,7.0,4.0,6
15.0,male,10,1.75,68.04,2.0,1.0,8
15.0,male,10,1.85,81.65,7.0,5.0,8
15.0,male,10,1.73,57.15,1.0,0.0,7
17.0,female,12,1.52,51.26,0.0,0.0,6
18.0,female,12,1.7,84.82,3.0,0.0,7
18.0,female,12,1.68,113.4,3.0,2.0,6
18.0,female,12,1.68,68.04,7.0,0.0,<5
17.0,female,12,1.65,49.9,5.0,3.0,6
17.0,male,12,1.8,87.54,6.0,5.0,6
18.0,male,12,1.68,77.11,4.0,7.0,6
18.0,male,12,1.85,92.53,7.0,7.0,5
15.0,female,9,1.73,61.24,5.0,5.0,8
14.0,male,9,1.68,68.04,7.0,5.0,8
16.0,male,9,,,0.0,0.0,<5
15.0,female,9,1.6,75.75,5.0,6.0,<5
16.0,female,9,1.75,85.28,4.0,2.0,8
16.0,female,9,1.63,64.86,4.0,4.0,7
14.0,female,9,1.7,106.6,4.0,6.0,5
14.0,female,9,1.52,50.8,5.0,5.0,7
15.0,male,9,1.68,88.0,4.0,7.0,6
15.0,male,9,1.65,85.73,0.0,5.0,9
14.0,male,9,1.73,63.5,5.0,6.0,8
14.0,male,9,1.57,63.5,7.0,7.0,8
14.0,male,9,,,2.0,5.0,8
14.0,male,9,1.78,81.65,7.0,0.0,6
15.0,male,9,1.83,68.04,7.0,2.0,7
15.0,male,9,1.75,53.07,0.0,0.0,7
17.0,female,11,1.73,66.68,4.0,0.0,6
17.0,female,11,1.6,62.6,3.0,2.0,<5
16.0,female,11,1.75,104.33,0.0,0.0,5
17.0,female,11,1.63,83.01,0.0,7.0,<5
17.0,female,11,1.52,68.04,7.0,2.0,7
16.0,female,11,,,7.0,3.0,5
17.0,male,11,1.9,81.65,5.0,5.0,5
17.0,male,11,1.65,61.24,0.0,7.0,<5
16.0,male,11,1.8,69.4,7.0,7.0,6
17.0,male,11,1.73,79.38,6.0,4.0,7
17.0,male,11,1.68,58.97,2.0,1.0,7
17.0,male,11,1.68,63.5,7.0,5.0,7
17.0,male,11,1.63,60.33,0.0,0.0,<5
17.0,male,11,1.88,64.86,7.0,5.0,7
16.0,male,11,1.85,95.26,7.0,7.0,<5
18.0,female,12,1.68,61.24,0.0,0.0,<5
17.0,female,12,1.63,86.18,7.0,7.0,7
18.0,female,12,1.73,55.34,4.0,0.0,8
18.0,female,12,1.63,90.72,4.0,0.0,7
18.0,female,12,1.55,57.15,5.0,0.0,<5
17.0,female,12,1.6,76.2,3.0,3.0,7
18.0,female,12,1.57,58.97,0.0,0.0,7
18.0,male,12,1.85,92.53,7.0,7.0,6
18.0,male,12,1.85,76.2,7.0,7.0,8
17.0,male,12,1.65,52.16,3.0,7.0,5
18.0,male,12,1.88,79.38,3.0,2.0,5
18.0,male,12,1.7,81.65,7.0,3.0,5
18.0,male,12,1.65,70.31,7.0,7.0,8
18.0,male,12,1.85,71.22,7.0,7.0,5
18.0,male,12,1.88,88.45,7.0,5.0,5
18.0,male,12,1.9,102.06,7.0,7.0,5
15.0,male,9,1.75,64.86,5.0,5.0,7
16.0,female,9,1.63,69.85,0.0,0.0,6
14.0,female,9,1.57,51.71,7.0,7.0,7
14.0,female,9,1.65,44.0,6.0,6.0,<5
16.0,female,9,1.57,56.7,5.0,5.0,10+
15.0,female,9,1.63,53.07,7.0,7.0,6
14.0,female,9,1.52,66.68,4.0,3.0,7
15.0,female,9,1.57,54.43,4.0,4.0,6
15.0,female,9,,,4.0,0.0,8
14.0,female,9,1.63,63.5,7.0,5.0,8
16.0,female,9,1.55,49.9,7.0,7.0,8
15.0,female,9,1.57,60.78,7.0,7.0,7
15.0,male,9,1.57,50.8,6.0,6.0,8
15.0,male,9,1.73,55.79,4.0,4.0,8
15.0,male,9,1.8,78.02,7.0,5.0,7
14.0,male,9,1.73,62.14,7.0,7.0,7
15.0,male,9,1.73,58.06,7.0,7.0,8
14.0,male,9,1.57,52.16,5.0,5.0,8
15.0,male,9,1.9,72.12,7.0,7.0,7
14.0,male,9,1.68,61.24,2.0,0.0,8
14.0,male,9,1.63,52.16,2.0,7.0,7
15.0,male,9,1.7,63.5,7.0,5.0,9
15.0,male,9,1.55,54.43,5.0,6.0,7
13.0,male,9,1.75,88.45,6.0,6.0,6
17.0,male,10,1.78,66.68,7.0,7.0,5
15.0,male,10,1.68,65.77,7.0,4.0,5
16.0,female,10,,,0.0,0.0,6
16.0,female,10,1.57,58.97,7.0,7.0,5
17.0,female,10,,,7.0,0.0,5
16.0,female,10,1.68,120.66,6.0,5.0,5
14.0,female,9,1.75,44.45,7.0,7.0,8
15.0,female,10,1.55,59.88,7.0,7.0,6
16.0,female,10,,,5.0,1.0,7
16.0,female,10,1.57,99.79,7.0,5.0,8
15.0,female,10,1.63,54.43,5.0,5.0,8
16.0,female,10,1.55,48.54,5.0,5.0,6
16.0,female,10,1.68,45.36,5.0,5.0,8
15.0,female,10,1.65,49.9,5.0,1.0,7
15.0,female,10,1.55,68.49,7.0,4.0,6
15.0,female,10,1.65,68.04,7.0,0.0,7
15.0,female,10,1.7,85.73,7.0,5.0,6
15.0,female,10,1.6,62.14,3.0,0.0,9
15.0,female,10,1.6,44.45,7.0,7.0,<5
16.0,female,10,1.57,73.48,7.0,7.0,6
15.0,male,10,1.88,70.76,3.0,2.0,7
15.0,male,10,1.73,105.69,7.0,7.0,7
16.0,male,10,1.83,56.7,5.0,5.0,6
15.0,male,10,1.88,120.2,7.0,5.0,8
16.0,male,10,1.63,72.58,5.0,5.0,9
16.0,male,10,1.73,54.43,7.0,0.0,6
16.0,male,10,1.75,66.23,2.0,5.0,6
16.0,male,10,1.73,59.88,7.0,7.0,6
17.0,female,11,1.57,43.55,1.0,0.0,7
16.0,female,11,1.63,59.42,0.0,0.0,5
17.0,female,11,1.65,61.69,2.0,4.0,7
17.0,female,11,1.52,56.7,7.0,7.0,7
16.0,female,11,1.7,56.7,0.0,0.0,7
16.0,female,11,1.57,48.08,5.0,3.0,7
17.0,female,11,1.52,61.24,7.0,7.0,7
17.0,female,11,1.63,53.52,5.0,6.0,7
17.0,male,11,1.9,100.25,7.0,7.0,5
17.0,male,11,1.73,92.08,7.0,5.0,5
16.0,male,11,1.75,64.86,0.0,0.0,<5
16.0,male,11,1.78,69.85,3.0,3.0,6
16.0,male,11,1.85,71.22,7.0,7.0,5
16.0,male,11,1.9,78.02,7.0,7.0,8
17.0,female,11,1.63,68.49,1.0,1.0,5
16.0,female,11,1.4,57.15,0.0,0.0,7
17.0,female,11,1.55,72.58,1.0,0.0,7
17.0,male,11,1.83,77.11,7.0,7.0,8
17.0,male,11,1.85,56.7,7.0,7.0,7
17.0,male,11,1.73,70.76,0.0,0.0,7
14.0,female,9,1.57,74.84,2.0,7.0,7
14.0,female,9,1.7,77.11,7.0,1.0,<5
15.0,female,9,,,0.0,0.0,7
15.0,female,9,1.6,63.96,5.0,4.0,6
14.0,female,9,1.65,52.62,1.0,5.0,8
15.0,female,9,1.63,52.16,5.0,5.0,<5
15.0,female,9,1.52,40.82,7.0,7.0,<5
16.0,female,9,1.73,47.17,0.0,0.0,5
15.0,female,9,1.68,79.38,1.0,0.0,5
15.0,female,9,,,6.0,7.0,<5
14.0,female,9,1.55,52.16,5.0,5.0,<5
14.0,female,9,1.63,54.43,5.0,4.0,6
14.0,female,9,1.6,49.9,5.0,5.0,7
14.0,female,9,1.57,49.9,1.0,1.0,5
15.0,male,9,1.63,52.16,6.0,5.0,7
14.0,male,9,1.63,71.22,7.0,3.0,9
14.0,male,9,1.65,56.7,7.0,7.0,7
15.0,male,9,1.68,59.88,7.0,2.0,7
15.0,male,9,1.73,103.87,5.0,7.0,7
15.0,male,9,1.73,58.97,5.0,5.0,7
15.0,male,9,1.85,108.86,6.0,6.0,7
15.0,male,9,1.75,72.58,1.0,5.0,8
14.0,male,9,1.83,74.84,3.0,3.0,8
14.0,male,9,1.68,54.43,6.0,4.0,8
14.0,male,9,,,7.0,7.0,7
14.0,male,9,1.55,64.86,7.0,5.0,9
18.0,female,11,1.7,59.88,7.0,7.0,6
16.0,female,11,1.57,59.88,,,
17.0,female,11,1.65,56.7,5.0,0.0,<5
16.0,female,11,1.47,63.5,2.0,0.0,7
17.0,female,11,1.68,67.59,0.0,0.0,8
16.0,female,11,1.6,58.97,6.0,7.0,<5
17.0,female,11,1.78,70.31,7.0,4.0,<5
17.0,female,11,1.7,66.23,2.0,1.0,8
17.0,male,11,1.8,74.84,,,
17.0,male,11,1.88,79.38,7.0,7.0,9
17.0,male,11,1.83,70.31,4.0,1.0,9
17.0,male,11,1.73,65.77,7.0,7.0,7
16.0,male,11,1.7,63.5,5.0,0.0,6
17.0,male,11,1.83,68.04,0.0,0.0,7
17.0,male,11,1.75,61.24,7.0,5.0,5
17.0,male,11,,,7.0,6.0,5
17.0,male,11,1.78,86.18,4.0,4.0,7
16.0,male,11,1.75,72.58,7.0,7.0,5
17.0,male,11,1.83,87.09,,1.0,7
17.0,male,11,1.68,68.04,7.0,7.0,7
15.0,male,10,,,5.0,0.0,7
15.0,female,10,1.7,67.59,1.0,0.0,7
16.0,female,10,1.45,54.43,7.0,4.0,7
16.0,female,10,1.5,54.43,7.0,5.0,7
16.0,female,10,1.52,53.07,0.0,4.0,10+
16.0,female,10,1.55,45.36,0.0,0.0,6
15.0,female,10,1.6,51.26,7.0,7.0,<5
16.0,male,11,1.75,61.69,0.0,0.0,8
16.0,male,10,1.83,64.41,7.0,7.0,7
16.0,male,10,1.83,75.3,0.0,7.0,8
18.0,male,,1.7,65.77,0.0,0.0,6
16.0,male,10,1.85,127.01,3.0,3.0,5
15.0,male,10,1.73,64.86,7.0,5.0,9
18.0,male,12,1.85,74.84,7.0,7.0,8
16.0,male,10,1.7,62.6,7.0,7.0,6
17.0,male,11,1.78,69.85,4.0,0.0,6
17.0,male,11,1.83,76.66,5.0,5.0,9
18.0,female,12,1.6,79.38,0.0,0.0,<5
18.0,female,12,,,0.0,0.0,<5
18.0,female,12,1.6,59.88,0.0,0.0,<5
18.0,female,12,1.65,104.33,3.0,2.0,6
17.0,female,12,1.57,90.72,7.0,0.0,6
18.0,female,12,,,2.0,0.0,6
13.0,female,9,,,0.0,0.0,<5
18.0,male,12,1.8,87.09,7.0,7.0,7
18.0,female,12,1.7,56.7,0.0,0.0,5
16.0,male,12,1.8,77.11,7.0,0.0,6
18.0,male,12,1.75,117.94,2.0,2.0,6
18.0,male,12,1.78,64.41,4.0,4.0,7
18.0,male,12,1.8,75.75,5.0,5.0,8
18.0,male,12,1.85,94.35,0.0,2.0,7
18.0,male,12,1.65,62.6,7.0,4.0,5
17.0,male,12,1.73,56.7,5.0,4.0,6
18.0,male,12,1.8,133.81,7.0,0.0,5
17.0,male,12,1.78,70.76,7.0,4.0,5
18.0,male,12,1.65,70.31,2.0,2.0,7
18.0,male,12,,,7.0,7.0,8
14.0,male,12,1.7,63.5,4.0,2.0,<5
17.0,male,12,1.8,99.79,2.0,1.0,8
12.0,male,other,,,7.0,0.0,<5
17.0,female,12,1.73,65.77,2.0,3.0,6
17.0,female,12,1.6,68.95,4.0,0.0,<5
17.0,female,12,1.68,86.18,0.0,0.0,5
17.0,female,11,1.65,77.11,3.0,3.0,7
17.0,female,12,1.63,58.97,6.0,0.0,7
18.0,female,12,1.6,60.33,2.0,2.0,5
17.0,female,12,1.55,61.24,7.0,7.0,7
18.0,female,11,1.57,97.52,7.0,0.0,6
17.0,male,12,1.83,91.17,3.0,0.0,7
18.0,male,12,1.85,102.06,7.0,7.0,<5
18.0,male,12,2.01,87.54,7.0,3.0,6
17.0,male,12,1.93,73.03,5.0,5.0,7
18.0,male,12,,,6.0,7.0,5
18.0,male,12,1.7,58.97,5.0,0.0,8
17.0,male,12,1.88,90.72,4.0,3.0,8
18.0,male,12,1.83,86.18,7.0,6.0,6
18.0,male,12,1.73,87.09,2.0,2.0,6
17.0,male,12,1.78,77.11,7.0,1.0,<5
16.0,male,11,1.73,74.84,5.0,2.0,8
17.0,female,11,1.57,72.58,0.0,0.0,6
15.0,male,9,1.73,58.97,6.0,6.0,
14.0,male,9,1.6,49.9,7.0,7.0,10+
15.0,male,9,1.96,79.38,7.0,2.0,5
15.0,male,9,1.83,74.39,7.0,2.0,5
14.0,male,9,1.78,61.24,6.0,6.0,9
16.0,male,9,1.55,45.36,7.0,7.0,5
14.0,female,9,1.57,54.89,1.0,1.0,7
14.0,female,9,1.5,52.16,3.0,3.0,8
14.0,female,9,,,1.0,0.0,10+
15.0,female,9,1.57,39.46,1.0,3.0,9
14.0,female,9,1.4,48.99,7.0,0.0,7
17.0,male,11,1.96,75.75,7.0,3.0,5
17.0,male,11,,,6.0,6.0,8
17.0,female,12,1.73,63.5,3.0,0.0,8
18.0,male,11,1.78,65.77,3.0,3.0,9
18.0,female,12,1.68,122.47,0.0,0.0,8
18.0,female,12,1.5,54.43,2.0,2.0,7
17.0,female,12,1.55,51.26,5.0,1.0,9
18.0,female,12,1.65,50.8,3.0,1.0,<5
18.0,female,12,1.6,56.7,0.0,1.0,8
18.0,female,12,1.63,53.07,0.0,0.0,6
17.0,female,11,,,0.0,0.0,8
17.0,female,12,1.7,58.06,0.0,0.0,5
18.0,female,12,,,0.0,0.0,5
18.0,male,12,1.83,76.66,4.0,4.0,8
18.0,male,12,,,6.0,4.0,7
18.0,male,12,1.73,66.68,7.0,4.0,8
17.0,male,12,1.85,79.83,2.0,3.0,8
18.0,male,12,,,7.0,2.0,8
17.0,male,12,1.9,77.11,7.0,0.0,<5
18.0,male,12,1.83,86.18,5.0,6.0,6
18.0,male,12,1.68,77.11,0.0,1.0,7
18.0,male,12,1.73,102.06,3.0,0.0,7
18.0,male,12,1.52,77.11,7.0,7.0,7
18.0,male,12,,,5.0,0.0,6
17.0,male,12,1.75,68.04,0.0,2.0,9
18.0,male,12,1.83,63.5,4.0,4.0,6
18.0,male,12,1.85,97.52,5.0,4.0,7
17.0,female,11,1.57,83.01,4.0,0.0,8
17.0,female,11,1.7,72.58,7.0,7.0,8
18.0,female,11,1.57,74.84,4.0,4.0,6
14.0,male,9,1.65,45.36,3.0,4.0,8
15.0,male,9,1.65,58.97,2.0,7.0,6
15.0,male,9,,,7.0,7.0,5
15.0,male,9,,,7.0,7.0,8
15.0,male,9,1.68,64.86,7.0,1.0,5
16.0,female,10,1.73,67.13,0.0,0.0,5
15.0,female,9,,,1.0,1.0,
16.0,female,10,1.68,62.14,7.0,2.0,5
15.0,female,9,1.6,58.06,1.0,3.0,10+
14.0,female,9,1.57,64.41,0.0,0.0,5
14.0,male,9,1.75,66.68,7.0,6.0,9
16.0,male,10,1.65,63.5,3.0,7.0,8
18.0,female,11,1.63,54.43,0.0,2.0,10+
17.0,male,11,1.88,61.24,0.0,0.0,6
16.0,male,11,1.6,78.02,7.0,7.0,5
18.0,male,11,1.78,71.67,1.0,0.0,5
17.0,male,11,1.9,75.3,4.0,5.0,6
16.0,male,11,1.57,45.81,7.0,7.0,8
16.0,female,10,,,2.0,2.0,7
16.0,female,10,,,0.0,0.0,7
17.0,female,10,,,7.0,7.0,8
16.0,female,10,1.57,52.62,0.0,0.0,<5
16.0,female,10,1.5,45.81,3.0,2.0,8
16.0,female,10,1.63,60.33,0.0,0.0,8
16.0,female,10,1.68,81.65,0.0,0.0,7
16.0,female,10,1.52,47.17,4.0,4.0,<5
16.0,female,10,1.37,61.69,2.0,2.0,7
15.0,female,10,1.65,57.15,2.0,3.0,9
16.0,female,10,1.6,69.85,1.0,1.0,8
15.0,female,10,,,2.0,2.0,8
15.0,male,10,1.57,40.37,3.0,1.0,5
16.0,male,10,1.65,58.97,1.0,1.0,6
18.0,male,12,,,5.0,0.0,10+
16.0,male,10,,,3.0,2.0,6
15.0,male,10,,,1.0,1.0,6
17.0,female,11,1.75,54.43,5.0,7.0,8
17.0,male,11,1.83,95.26,5.0,4.0,6
17.0,male,11,1.68,83.92,7.0,6.0,5
16.0,male,11,1.93,104.33,7.0,3.0,10+
16.0,male,11,1.83,81.65,7.0,,8
17.0,male,11,,,4.0,1.0,5
17.0,male,11,1.85,63.5,7.0,5.0,7
16.0,male,11,,,7.0,1.0,8
17.0,male,12,1.78,67.59,3.0,1.0,9
17.0,female,11,1.68,84.37,1.0,1.0,5
17.0,female,11,1.68,58.06,5.0,0.0,6
18.0,female,11,1.65,55.79,3.0,3.0,8
16.0,female,11,1.65,46.27,2.0,7.0,6
17.0,female,11,1.6,73.48,1.0,0.0,<5
16.0,female,11,1.63,61.24,0.0,0.0,7
17.0,female,11,1.57,111.13,0.0,0.0,8
17.0,female,11,1.5,49.9,4.0,4.0,7
16.0,female,11,1.73,65.77,1.0,0.0,8
17.0,male,11,1.83,100.7,4.0,2.0,7
17.0,male,10,1.8,81.65,3.0,3.0,6
15.0,male,10,1.8,54.43,3.0,5.0,6
16.0,female,10,1.63,60.78,2.0,0.0,<5
15.0,female,10,1.55,93.9,2.0,2.0,<5
17.0,female,11,1.57,48.54,2.0,2.0,7
15.0,female,10,1.57,61.24,7.0,7.0,5
17.0,female,10,1.57,38.56,0.0,0.0,8
15.0,female,10,1.55,44.0,7.0,3.0,7
17.0,female,11,1.57,58.97,0.0,1.0,5
18.0,female,11,,,2.0,0.0,10+
15.0,female,10,1.73,117.94,1.0,1.0,7
17.0,female,11,1.8,114.76,3.0,2.0,9
18.0,male,11,1.57,61.24,5.0,2.0,<5
16.0,male,11,1.88,76.2,7.0,6.0,7
18.0,male,12,1.85,79.83,7.0,7.0,5
16.0,male,11,1.88,64.41,7.0,4.0,<5
16.0,male,11,1.55,124.74,0.0,0.0,6
17.0,male,11,1.75,68.04,3.0,3.0,6
17.0,male,11,1.78,65.77,3.0,3.0,5
17.0,female,11,1.57,48.08,0.0,0.0,6
16.0,female,11,1.63,54.43,5.0,5.0,<5
16.0,female,11,1.68,59.88,1.0,1.0,5
17.0,female,11,1.8,65.32,6.0,5.0,6
17.0,female,11,1.57,64.41,0.0,0.0,7
18.0,female,11,,,3.0,4.0,<5
17.0,female,11,1.7,58.97,4.0,2.0,6
16.0,female,10,1.65,86.18,0.0,0.0,6
17.0,female,11,1.68,52.16,1.0,0.0,6
16.0,female,11,1.55,69.4,0.0,0.0,6
18.0,male,12,1.9,99.79,1.0,0.0,<5
18.0,male,12,1.85,65.77,1.0,5.0,8
18.0,male,12,1.75,61.24,1.0,1.0,5
17.0,male,12,1.73,61.24,5.0,3.0,6
17.0,male,12,1.83,77.57,5.0,2.0,8
18.0,male,12,1.65,60.33,0.0,0.0,<5
17.0,male,12,1.85,63.5,2.0,2.0,7
18.0,male,12,1.88,86.18,3.0,0.0,7
18.0,male,12,,,7.0,7.0,6
18.0,female,12,,,0.0,0.0,6
18.0,female,12,1.5,69.4,0.0,0.0,5
17.0,female,,1.68,88.45,1.0,1.0,7
18.0,female,12,1.65,53.52,0.0,0.0,10+
17.0,female,12,1.75,60.78,7.0,7.0,8
17.0,female,12,1.63,56.25,4.0,4.0,6
17.0,female,12,1.55,53.98,0.0,2.0,8
17.0,female,12,1.68,95.26,7.0,0.0,7
17.0,female,12,1.6,54.43,1.0,0.0,6
18.0,female,12,1.73,76.66,0.0,0.0,<5
17.0,female,12,1.7,64.86,0.0,3.0,5
18.0,female,12,,,0.0,0.0,<5
18.0,female,12,1.55,49.9,7.0,0.0,5
17.0,female,other,1.78,87.54,5.0,3.0,8
18.0,female,12,1.78,66.23,7.0,7.0,5
17.0,female,12,1.6,70.76,1.0,0.0,<5
17.0,female,12,1.68,65.77,7.0,0.0,7
17.0,female,12,1.65,87.09,3.0,0.0,5
14.0,female,9,1.68,56.7,2.0,2.0,5
14.0,female,9,1.5,53.52,1.0,2.0,8
15.0,female,9,1.73,68.04,0.0,0.0,7
15.0,female,9,1.68,59.88,5.0,0.0,8
14.0,female,9,1.6,70.76,3.0,0.0,8
15.0,female,9,1.68,53.98,5.0,0.0,5
14.0,female,9,1.7,59.88,7.0,4.0,8
16.0,female,10,1.75,54.43,2.0,2.0,7
16.0,female,9,1.6,46.72,1.0,4.0,10+
15.0,female,9,1.52,51.71,7.0,4.0,5
14.0,female,9,1.57,80.74,1.0,0.0,7
16.0,female,10,1.27,40.37,3.0,2.0,7
14.0,female,9,1.4,39.46,5.0,1.0,7
15.0,male,10,1.68,67.59,7.0,7.0,7
14.0,male,9,1.73,74.84,7.0,0.0,6
16.0,male,9,,,4.0,0.0,
14.0,male,9,1.83,104.33,4.0,0.0,<5
16.0,male,10,,,3.0,3.0,7
14.0,male,9,1.57,56.7,1.0,2.0,7
16.0,male,10,,,,,
14.0,male,9,,,7.0,7.0,8
15.0,male,9,1.73,48.08,4.0,2.0,6
15.0,female,10,1.55,82.56,3.0,0.0,6
15.0,female,10,1.63,113.4,3.0,0.0,<5
15.0,female,10,1.55,46.27,0.0,0.0,5
15.0,female,10,1.65,72.58,0.0,0.0,7
15.0,female,10,1.63,54.43,4.0,3.0,9
15.0,female,10,1.57,81.65,1.0,0.0,7
16.0,female,10,,,3.0,0.0,6
16.0,female,10,,,5.0,0.0,7
,female,,,,3.0,3.0,8
17.0,male,9,,,0.0,0.0,<5
16.0,male,10,,,2.0,1.0,5
16.0,male,11,1.8,63.5,7.0,7.0,5
17.0,male,11,1.68,99.79,0.0,0.0,<5
16.0,male,10,1.73,57.61,2.0,2.0,<5
17.0,male,11,1.73,63.5,0.0,0.0,6
16.0,male,10,1.63,54.43,7.0,7.0,6
,male,10,,,,3.0,7
16.0,male,10,1.8,79.83,2.0,3.0,<5
16.0,male,10,,,7.0,7.0,10+
18.0,male,11,1.6,58.97,6.0,7.0,10+
17.0,male,10,,,1.0,2.0,7
15.0,male,10,1.7,52.16,4.0,1.0,5
17.0,male,11,1.73,58.97,3.0,0.0,8
17.0,male,11,1.88,86.18,3.0,0.0,6
17.0,male,12,1.83,83.46,0.0,2.0,<5
16.0,male,11,1.65,68.04,5.0,3.0,7
17.0,male,11,1.7,65.77,5.0,3.0,7
16.0,male,11,1.73,61.24,4.0,0.0,6
16.0,male,11,,,7.0,5.0,7
16.0,male,11,1.83,77.11,6.0,5.0,7
17.0,male,11,1.75,88.45,5.0,5.0,6
16.0,male,11,1.73,56.7,0.0,0.0,8
16.0,male,11,1.88,75.3,7.0,7.0,8
16.0,female,11,,,0.0,0.0,5
17.0,female,11,,,0.0,0.0,5
16.0,female,10,1.6,58.97,2.0,0.0,<5
17.0,female,11,1.55,58.97,0.0,7.0,9
16.0,female,11,1.65,92.99,2.0,0.0,7
16.0,female,11,1.6,86.18,2.0,0.0,6
16.0,female,11,,,0.0,0.0,6
17.0,female,11,1.63,84.82,0.0,0.0,7
17.0,female,11,1.65,52.16,0.0,0.0,6
17.0,female,11,1.6,72.12,1.0,0.0,5
16.0,female,11,1.65,78.02,2.0,3.0,8
17.0,female,11,1.68,93.9,1.0,0.0,5
16.0,female,10,,,4.0,2.0,8
18.0,female,12,1.68,59.88,0.0,0.0,8
17.0,female,11,1.63,67.59,7.0,0.0,7
16.0,female,11,,,0.0,0.0,8
16.0,female,11,,,6.0,6.0,7
17.0,female,11,1.6,45.81,1.0,0.0,8
15.0,female,10,1.57,47.63,7.0,7.0,8
16.0,female,10,,,0.0,0.0,10+
17.0,female,10,1.73,52.16,7.0,3.0,<5
16.0,female,10,1.65,58.97,,,
16.0,female,10,1.65,114.76,0.0,0.0,6
16.0,female,10,1.65,83.92,2.0,0.0,10+
16.0,female,10,,,7.0,7.0,6
16.0,male,10,1.78,102.06,5.0,5.0,5
16.0,male,10,1.98,79.38,2.0,3.0,5
16.0,male,10,,,0.0,0.0,7
16.0,male,10,1.8,61.69,7.0,7.0,9
16.0,male,10,1.88,82.1,0.0,0.0,8
16.0,male,10,1.75,58.97,7.0,7.0,7
15.0,male,10,1.85,91.63,,,
16.0,male,10,1.83,92.08,,,
17.0,male,10,1.83,70.76,,,6
17.0,male,10,1.85,61.24,7.0,7.0,9
17.0,female,11,1.55,72.58,0.0,4.0,9
16.0,female,11,1.52,58.51,3.0,0.0,6
17.0,female,12,1.47,45.36,0.0,2.0,7
16.0,female,11,1.52,46.27,3.0,3.0,<5
17.0,female,11,1.75,74.84,5.0,0.0,8
17.0,female,11,1.57,104.33,5.0,0.0,9
16.0,female,11,1.7,57.15,7.0,7.0,6
17.0,female,11,1.6,68.04,0.0,0.0,6
16.0,female,11,1.6,86.18,2.0,2.0,7
17.0,female,11,1.57,59.88,4.0,4.0,6
17.0,male,11,1.73,67.13,7.0,7.0,5
17.0,male,11,1.78,68.04,7.0,1.0,5
18.0,male,11,,,7.0,4.0,7
17.0,male,11,1.68,55.79,7.0,7.0,8
16.0,male,11,1.83,77.11,,,
16.0,male,11,1.7,95.26,0.0,0.0,10+
17.0,male,11,1.7,58.97,7.0,7.0,10+
17.0,male,11,1.78,65.77,0.0,0.0,7
17.0,male,11,1.68,68.04,4.0,5.0,7
17.0,male,11,,,,,
17.0,male,11,1.63,52.16,7.0,7.0,8
17.0,male,11,1.63,64.86,0.0,0.0,8
17.0,male,11,1.85,82.56,,7.0,
16.0,male,11,1.8,110.68,0.0,0.0,<5
17.0,male,11,1.83,81.65,0.0,1.0,6
15.0,female,9,1.52,48.54,1.0,0.0,7
15.0,female,9,,,1.0,0.0,7
14.0,female,9,,,1.0,0.0,9
14.0,female,9,1.57,48.99,2.0,0.0,8
15.0,female,9,1.78,61.24,4.0,3.0,7
14.0,female,9,,,7.0,7.0,6
15.0,female,9,1.63,54.43,7.0,7.0,7
14.0,female,9,1.6,61.24,3.0,2.0,7
14.0,female,9,1.68,54.43,6.0,6.0,7
15.0,female,9,1.52,47.63,5.0,3.0,5
15.0,female,9,1.45,68.95,7.0,7.0,9
15.0,female,9,1.7,54.89,4.0,0.0,7
15.0,female,9,1.57,44.91,7.0,3.0,6
14.0,female,9,1.75,59.42,7.0,4.0,6
14.0,male,9,,,7.0,5.0,9
14.0,male,9,1.88,56.25,5.0,4.0,9
14.0,male,9,1.78,61.24,3.0,0.0,8
15.0,male,9,1.52,52.16,7.0,4.0,8
15.0,male,9,1.73,68.04,6.0,0.0,5
15.0,male,9,1.75,70.76,7.0,7.0,5
14.0,male,9,1.57,48.99,7.0,3.0,7
15.0,male,9,1.88,99.79,5.0,1.0,6
14.0,male,9,1.73,59.88,6.0,1.0,8
15.0,male,9,1.63,57.61,5.0,2.0,<5
15.0,male,9,1.85,79.38,7.0,0.0,5
18.0,female,12,1.78,70.31,2.0,0.0,6
18.0,female,12,1.55,81.65,0.0,1.0,5
18.0,female,12,1.6,49.9,1.0,0.0,5
17.0,female,12,1.57,106.6,4.0,0.0,6
17.0,female,12,1.6,51.26,0.0,0.0,<5
17.0,female,12,1.52,45.36,6.0,0.0,6
18.0,female,12,1.85,62.6,0.0,0.0,<5
18.0,female,12,1.65,53.98,0.0,0.0,7
17.0,female,12,1.6,50.35,2.0,3.0,7
17.0,female,12,1.6,86.18,0.0,0.0,7
17.0,female,12,1.6,61.24,2.0,1.0,7
18.0,male,12,1.83,68.04,1.0,1.0,<5
17.0,male,12,1.85,127.01,7.0,7.0,9
18.0,male,12,1.88,79.38,7.0,7.0,9
18.0,male,12,1.85,95.26,7.0,7.0,5
18.0,male,12,1.75,113.4,5.0,4.0,7
18.0,male,12,1.75,65.77,7.0,4.0,6
16.0,male,11,1.6,58.97,7.0,4.0,5
18.0,male,12,1.9,99.79,7.0,7.0,6
18.0,male,12,1.73,57.61,0.0,4.0,7
18.0,male,12,1.9,102.06,0.0,0.0,8
18.0,male,12,1.78,83.92,4.0,4.0,7
18.0,male,12,1.75,63.5,7.0,7.0,6
17.0,female,12,1.63,66.68,4.0,4.0,5
18.0,female,12,1.6,55.34,1.0,0.0,5
18.0,female,12,1.6,56.7,0.0,0.0,<5
18.0,female,12,1.7,56.7,2.0,2.0,6
18.0,female,12,1.7,89.36,4.0,2.0,<5
18.0,female,12,1.63,53.52,1.0,0.0,7
18.0,male,12,1.83,70.31,1.0,0.0,6
18.0,male,12,1.7,86.18,5.0,5.0,6
18.0,male,12,1.8,71.67,5.0,3.0,6
18.0,male,12,1.78,65.77,0.0,0.0,6
18.0,male,12,1.75,74.84,0.0,0.0,7
17.0,male,12,,,0.0,0.0,5
18.0,male,12,1.83,115.21,7.0,2.0,7
18.0,male,12,,,7.0,7.0,6
18.0,male,12,1.8,67.59,0.0,1.0,6
18.0,male,12,1.83,106.6,5.0,5.0,5
17.0,male,12,1.83,90.72,4.0,1.0,<5
,male,,,,7.0,4.0,7
17.0,male,12,1.8,63.5,5.0,6.0,7
18.0,male,12,1.93,127.01,7.0,5.0,6
18.0,male,12,1.93,80.29,7.0,7.0,8
18.0,male,12,,,3.0,4.0,6
17.0,male,12,1.85,88.91,7.0,7.0,8
17.0,male,12,1.57,102.06,5.0,0.0,7
18.0,male,12,1.75,65.77,7.0,0.0,7
16.0,female,10,1.7,70.31,7.0,3.0,8
15.0,female,10,1.65,60.33,3.0,1.0,<5
16.0,female,10,1.57,52.16,5.0,5.0,5
15.0,female,10,1.73,81.19,7.0,2.0,<5
16.0,female,10,1.75,65.77,7.0,4.0,7
16.0,female,10,1.78,77.11,4.0,2.0,8
16.0,female,10,1.63,52.16,5.0,2.0,8
16.0,female,10,1.68,69.4,5.0,1.0,8
16.0,female,10,1.65,79.38,5.0,0.0,6
16.0,female,10,1.63,53.52,6.0,3.0,6
15.0,female,10,1.57,52.16,6.0,0.0,8
16.0,female,10,1.57,45.81,4.0,3.0,7
16.0,female,10,1.73,63.5,7.0,0.0,9
16.0,female,10,1.7,63.5,0.0,0.0,7
16.0,male,10,,,0.0,0.0,7
16.0,male,10,1.88,84.37,4.0,3.0,7
16.0,male,10,1.78,81.65,7.0,6.0,7
16.0,male,10,1.85,85.73,7.0,4.0,8
15.0,male,11,1.75,61.24,0.0,0.0,7
15.0,male,10,1.78,63.96,2.0,1.0,6
16.0,male,10,1.65,60.33,2.0,5.0,6
15.0,male,10,1.8,46.72,0.0,2.0,7
16.0,male,11,,,7.0,7.0,9
15.0,male,10,1.63,56.25,6.0,5.0,7
15.0,male,10,1.63,59.88,7.0,7.0,7
15.0,male,10,1.88,79.38,6.0,5.0,7
16.0,male,10,1.75,127.01,5.0,6.0,8
16.0,male,10,1.85,78.47,7.0,7.0,6
16.0,male,10,1.75,53.07,0.0,0.0,8
16.0,male,10,,,4.0,7.0,7
16.0,male,10,1.73,66.23,3.0,2.0,5
17.0,male,11,,,2.0,3.0,8
17.0,male,11,1.8,68.04,7.0,7.0,
17.0,male,11,1.78,88.45,2.0,1.0,<5
16.0,male,11,1.85,58.06,5.0,0.0,7
17.0,male,11,1.7,58.97,4.0,4.0,<5
17.0,male,11,1.75,79.83,4.0,3.0,8
17.0,male,11,1.83,81.65,7.0,7.0,6
17.0,male,11,1.75,83.92,5.0,1.0,8
17.0,male,11,1.75,76.66,7.0,3.0,7
16.0,male,11,1.73,61.24,7.0,4.0,8
17.0,male,11,1.83,77.11,6.0,1.0,5
17.0,male,11,1.85,74.84,7.0,7.0,9
17.0,male,11,1.85,77.11,7.0,5.0,7
16.0,male,11,1.85,79.38,7.0,7.0,6
17.0,male,11,1.75,58.97,0.0,0.0,5
17.0,male,11,1.78,73.48,7.0,7.0,7
16.0,female,11,1.68,61.24,7.0,6.0,7
17.0,female,11,1.63,52.16,6.0,5.0,6
17.0,female,11,1.65,61.24,0.0,3.0,6
16.0,female,11,1.68,77.11,0.0,0.0,<5
17.0,female,11,1.6,53.52,2.0,1.0,6
17.0,female,11,1.6,49.9,7.0,4.0,6
17.0,female,11,1.68,54.43,5.0,4.0,7
16.0,female,11,1.63,56.7,7.0,7.0,5
17.0,female,11,1.6,76.2,6.0,3.0,<5
16.0,female,11,1.63,72.58,4.0,3.0,8
17.0,female,11,1.63,52.16,5.0,5.0,7
17.0,female,11,1.68,53.07,5.0,1.0,6
17.0,female,11,1.55,47.63,1.0,0.0,7
,female,,,,7.0,3.0,6
15.0,female,9,1.57,48.54,3.0,0.0,5
14.0,female,9,1.55,49.9,3.0,3.0,5
15.0,female,9,1.63,61.24,4.0,3.0,7
15.0,female,9,1.52,70.76,1.0,0.0,7
14.0,female,9,1.52,52.16,0.0,2.0,7
15.0,female,9,,,3.0,1.0,7
15.0,female,9,1.5,54.43,5.0,5.0,8
,male,,,,5.0,7.0,6
,male,,,,0.0,0.0,8
15.0,male,9,1.8,95.26,4.0,2.0,8
14.0,male,9,1.83,66.23,7.0,4.0,8
14.0,male,9,1.63,83.92,0.0,0.0,5
15.0,male,9,1.68,63.5,7.0,7.0,6
15.0,male,9,1.8,71.22,7.0,6.0,7
15.0,male,9,1.75,80.74,7.0,7.0,8
14.0,male,9,1.63,63.5,7.0,7.0,9
14.0,male,9,1.57,36.29,7.0,7.0,10+
15.0,male,9,1.6,58.06,0.0,1.0,7
15.0,male,9,1.68,57.15,2.0,2.0,8
15.0,male,9,,,5.0,5.0,
16.0,female,10,,,5.0,2.0,7
15.0,male,11,1.73,50.8,3.0,0.0,6
16.0,female,11,1.8,78.93,4.0,7.0,5
16.0,female,10,1.57,50.8,4.0,1.0,5
15.0,female,10,1.6,50.35,0.0,0.0,7
17.0,female,11,1.6,61.24,5.0,0.0,8
16.0,female,10,1.73,58.06,0.0,4.0,8
16.0,female,11,,,1.0,0.0,8
15.0,female,10,1.65,57.15,5.0,0.0,8
16.0,female,10,1.78,68.04,5.0,0.0,6
16.0,female,10,1.73,59.88,7.0,4.0,<5
16.0,female,11,1.55,47.63,0.0,0.0,8
16.0,female,11,1.6,63.5,3.0,0.0,6
16.0,female,10,1.75,70.76,3.0,3.0,6
16.0,female,10,1.63,43.55,6.0,1.0,8
16.0,female,10,1.6,48.99,4.0,4.0,6
16.0,female,11,1.8,68.04,3.0,3.0,6
15.0,male,10,1.78,56.7,7.0,7.0,7
17.0,male,11,,,6.0,6.0,7
17.0,male,11,1.85,70.31,5.0,3.0,10+
16.0,male,11,,,7.0,7.0,7
16.0,male,10,1.85,72.58,4.0,1.0,7
17.0,male,11,1.83,77.11,6.0,4.0,9
16.0,male,11,,,7.0,1.0,7
17.0,male,11,1.7,56.7,6.0,3.0,7
16.0,male,10,,,1.0,0.0,7
16.0,male,10,1.78,66.68,3.0,1.0,7
16.0,male,10,1.7,57.61,6.0,5.0,5
16.0,male,10,1.83,72.58,6.0,6.0,6
16.0,male,10,1.75,77.11,7.0,4.0,6
15.0,male,10,1.73,71.22,5.0,5.0,6
17.0,male,11,1.73,54.43,7.0,7.0,6
,female,,,,0.0,0.0,<5
,female,,,,5.0,3.0,8
16.0,female,10,1.63,49.9,0.0,0.0,6
16.0,female,10,,,2.0,0.0,7
16.0,female,10,1.6,63.96,0.0,0.0,6
15.0,female,10,1.55,46.72,2.0,1.0,8
15.0,female,10,1.68,79.38,7.0,3.0,6
16.0,female,10,,,,,
16.0,female,10,1.5,52.16,2.0,2.0,<5
16.0,female,10,1.55,61.24,1.0,1.0,8
15.0,female,10,1.8,61.24,3.0,1.0,5
15.0,female,10,1.65,49.9,2.0,1.0,5
17.0,female,11,,,2.0,0.0,8
16.0,female,10,1.65,48.54,0.0,3.0,9
15.0,female,10,1.6,63.5,5.0,5.0,5
16.0,male,10,1.75,78.47,5.0,5.0,8
16.0,male,10,1.65,52.62,6.0,2.0,7
16.0,male,10,1.78,58.06,5.0,5.0,7
15.0,male,10,1.8,83.46,0.0,1.0,6
17.0,male,10,1.78,79.38,7.0,7.0,7
15.0,male,10,1.85,65.77,6.0,5.0,7
15.0,male,10,1.55,37.2,0.0,0.0,7
15.0,male,10,1.68,58.97,7.0,7.0,9
15.0,male,10,1.57,54.43,7.0,5.0,7
16.0,male,10,1.83,76.2,6.0,2.0,7
16.0,male,11,1.8,56.7,0.0,0.0,<5
16.0,male,10,1.78,70.31,1.0,0.0,8
17.0,male,12,1.57,49.9,7.0,5.0,6
17.0,female,12,1.7,57.61,6.0,3.0,7
17.0,female,12,1.6,63.96,7.0,6.0,5
18.0,female,12,1.6,70.31,2.0,0.0,5
17.0,female,12,1.57,57.61,6.0,7.0,7
17.0,female,12,1.63,52.16,5.0,3.0,6
17.0,female,12,1.6,62.14,0.0,2.0,5
17.0,female,12,1.6,58.97,4.0,1.0,5
17.0,female,12,1.52,44.45,2.0,1.0,6
17.0,female,12,1.63,51.71,0.0,1.0,5
18.0,female,12,,,4.0,2.0,7
18.0,female,12,1.65,47.17,5.0,3.0,6
17.0,female,12,1.65,52.16,2.0,0.0,7
18.0,female,12,1.68,77.11,3.0,2.0,7
17.0,female,12,1.63,66.23,5.0,0.0,6
18.0,female,12,1.57,50.35,3.0,3.0,6
18.0,female,12,1.57,55.34,5.0,,
18.0,female,12,1.63,49.9,0.0,0.0,5
17.0,female,12,1.55,47.63,5.0,4.0,6
18.0,female,12,1.63,56.7,6.0,6.0,5
18.0,male,12,1.7,58.06,5.0,2.0,7
18.0,male,12,1.73,72.12,0.0,0.0,7
17.0,male,12,1.85,77.11,5.0,3.0,8
18.0,male,12,1.8,61.24,3.0,3.0,7
18.0,male,12,,,3.0,0.0,8
17.0,male,12,1.8,78.47,7.0,6.0,5
17.0,male,12,1.75,61.24,3.0,0.0,7
18.0,male,12,1.75,61.24,5.0,3.0,5
18.0,male,12,1.75,63.5,7.0,3.0,7
18.0,male,12,1.73,72.58,4.0,2.0,6
18.0,male,12,1.8,65.77,3.0,0.0,7
18.0,male,12,1.78,90.72,5.0,5.0,10+
18.0,male,12,1.8,68.04,0.0,0.0,7
17.0,male,12,1.78,63.5,1.0,5.0,5
18.0,male,12,1.78,56.7,1.0,1.0,7
17.0,male,12,1.8,87.09,7.0,7.0,7
17.0,male,12,1.85,70.31,,,
18.0,male,12,1.7,72.58,6.0,7.0,5
16.0,male,11,1.6,52.16,2.0,0.0,7
16.0,male,11,1.78,61.24,7.0,0.0,8
17.0,male,11,1.65,74.84,0.0,0.0,7
17.0,male,11,1.75,54.43,1.0,0.0,6
16.0,male,11,1.65,53.52,,,
16.0,male,11,1.83,56.7,5.0,5.0,6
16.0,male,11,1.85,69.85,7.0,3.0,9
16.0,male,11,1.68,60.78,0.0,0.0,8
17.0,male,11,1.68,83.92,5.0,0.0,7
17.0,male,11,,,7.0,7.0,8
17.0,male,11,1.78,95.26,5.0,4.0,7
16.0,male,11,1.73,86.18,2.0,0.0,8
16.0,male,11,1.85,72.58,7.0,7.0,9
16.0,male,11,,,7.0,5.0,9
16.0,female,11,1.57,56.7,0.0,0.0,7
16.0,female,11,1.55,50.8,0.0,4.0,8
16.0,female,11,1.7,63.5,6.0,6.0,8
17.0,female,11,1.73,60.33,7.0,4.0,8
16.0,female,11,1.73,68.04,1.0,0.0,7
16.0,female,11,1.78,88.91,7.0,7.0,7
17.0,female,11,1.7,63.5,,,
16.0,female,11,1.47,44.91,1.0,0.0,8
16.0,female,11,1.65,57.15,0.0,7.0,8
16.0,female,11,1.63,45.36,5.0,1.0,9
17.0,female,11,1.52,57.15,0.0,0.0,5
17.0,female,11,1.63,60.78,7.0,0.0,7
17.0,female,11,1.55,49.9,4.0,4.0,10+
16.0,female,11,1.55,77.11,2.0,2.0,5
16.0,female,11,1.47,47.63,5.0,5.0,8
,female,11,,,6.0,1.0,7
17.0,female,11,1.47,45.36,0.0,0.0,6
17.0,female,11,1.7,58.51,1.0,0.0,6
16.0,female,11,1.55,44.45,0.0,0.0,7
16.0,female,11,1.57,58.97,5.0,4.0,7
16.0,female,11,1.52,58.06,4.0,3.0,5
17.0,female,11,1.57,54.43,0.0,1.0,8
17.0,male,11,1.7,72.58,7.0,7.0,8
16.0,male,11,1.78,81.19,5.0,3.0,6
17.0,male,11,1.78,68.04,7.0,7.0,5
16.0,male,11,1.83,76.2,7.0,7.0,8
17.0,male,11,1.65,59.42,7.0,0.0,9
17.0,male,11,1.7,55.34,1.0,0.0,10+
15.0,female,9,1.78,63.5,4.0,2.0,8
15.0,female,9,1.7,57.15,0.0,2.0,8
15.0,female,9,1.8,61.24,7.0,6.0,9
17.0,female,12,1.6,58.06,5.0,3.0,7
14.0,female,9,1.5,41.73,2.0,3.0,
15.0,female,9,1.68,49.9,3.0,2.0,8
15.0,female,9,1.5,42.18,3.0,6.0,8
14.0,female,9,1.65,49.44,7.0,5.0,8
14.0,female,9,1.63,69.85,1.0,1.0,8
14.0,female,9,1.55,58.06,2.0,1.0,7
15.0,female,9,1.57,46.72,6.0,6.0,7
15.0,female,9,1.63,59.42,0.0,0.0,5
14.0,female,9,1.57,56.25,0.0,4.0,8
15.0,female,9,1.55,45.36,5.0,2.0,8
14.0,female,9,1.65,64.86,6.0,2.0,7
14.0,female,9,1.57,51.71,7.0,2.0,8
16.0,male,10,1.78,58.97,0.0,0.0,7
15.0,male,9,1.63,66.23,4.0,4.0,<5
14.0,male,9,,,7.0,7.0,10+
14.0,male,9,1.68,58.97,7.0,7.0,8
14.0,male,9,1.63,78.47,4.0,4.0,6
16.0,male,11,1.9,81.65,7.0,7.0,7
15.0,male,9,1.9,86.18,7.0,7.0,8
15.0,male,9,1.7,73.03,7.0,2.0,9
14.0,male,9,1.78,87.09,7.0,7.0,5
15.0,male,9,1.75,68.95,7.0,7.0,8
15.0,male,9,1.68,52.62,7.0,7.0,6
14.0,male,9,1.8,67.59,7.0,5.0,7
15.0,male,9,1.75,63.5,7.0,7.0,7
15.0,female,9,1.7,52.62,4.0,2.0,
15.0,female,9,,,7.0,3.0,9
15.0,female,9,1.52,53.52,3.0,2.0,7
15.0,female,9,1.55,48.99,6.0,3.0,8
15.0,female,9,1.52,57.15,1.0,5.0,7
14.0,female,9,1.5,53.07,0.0,0.0,6
15.0,female,10,1.8,82.1,5.0,3.0,5
14.0,female,9,1.55,47.63,4.0,1.0,7
15.0,female,9,1.63,54.43,1.0,2.0,6
14.0,female,9,1.7,72.58,0.0,4.0,9
14.0,female,9,1.6,50.8,5.0,7.0,8
14.0,female,9,1.63,55.34,5.0,4.0,8
16.0,male,9,1.83,74.84,7.0,7.0,8
15.0,male,9,1.68,68.04,7.0,7.0,6
15.0,male,9,1.93,70.76,5.0,4.0,7
14.0,male,9,,,5.0,3.0,8
14.0,male,9,1.93,55.34,0.0,2.0,8
15.0,male,9,1.68,52.16,7.0,7.0,9
15.0,male,9,1.78,53.52,5.0,0.0,8
15.0,male,9,1.57,43.55,0.0,5.0,<5
14.0,male,9,1.65,64.41,7.0,4.0,8
14.0,male,9,1.73,77.11,6.0,7.0,8
14.0,male,9,1.73,58.51,4.0,4.0,9
15.0,male,9,1.7,67.59,0.0,3.0,7
15.0,female,10,1.55,63.5,1.0,0.0,9
15.0,female,10,1.7,66.23,2.0,1.0,6
16.0,female,10,1.68,58.51,0.0,0.0,<5
15.0,female,10,1.68,88.91,7.0,2.0,8
16.0,female,10,1.6,49.9,7.0,7.0,8
16.0,female,10,1.73,72.58,7.0,7.0,9
16.0,female,10,1.57,53.52,0.0,7.0,7
15.0,female,10,1.55,51.26,7.0,5.0,8
16.0,female,10,1.68,57.61,4.0,4.0,9
15.0,female,10,1.65,79.38,5.0,3.0,7
16.0,female,10,1.63,54.43,6.0,3.0,7
16.0,female,10,1.65,48.99,7.0,0.0,7
15.0,female,10,1.63,63.5,1.0,4.0,7
15.0,female,10,1.55,68.04,0.0,0.0,8
16.0,female,10,1.6,63.5,7.0,5.0,8
16.0,female,10,1.65,63.5,3.0,5.0,7
16.0,female,10,1.68,43.09,6.0,6.0,7
17.0,female,10,1.47,46.72,7.0,7.0,9
15.0,male,10,1.65,54.43,5.0,2.0,7
16.0,male,10,1.75,96.62,4.0,5.0,7
16.0,male,10,1.96,72.58,7.0,7.0,8
16.0,male,10,1.63,65.77,6.0,6.0,6
16.0,male,10,1.73,61.24,7.0,0.0,8
15.0,male,10,1.73,72.58,3.0,5.0,8
15.0,male,10,1.7,72.58,6.0,4.0,6
16.0,male,10,1.75,79.38,7.0,7.0,5
16.0,male,10,1.68,54.43,6.0,1.0,8
15.0,male,10,1.8,62.14,7.0,3.0,8
15.0,male,10,1.88,68.04,7.0,7.0,8
15.0,male,10,1.68,55.79,3.0,6.0,8
15.0,male,10,1.63,52.16,7.0,0.0,8
16.0,male,10,1.7,74.84,7.0,7.0,7
16.0,female,10,1.63,52.16,4.0,4.0,<5
15.0,female,10,1.52,45.36,3.0,1.0,6
16.0,female,10,1.6,58.97,2.0,4.0,
16.0,female,10,1.63,54.43,4.0,1.0,6
16.0,female,10,1.7,61.24,0.0,0.0,7
15.0,female,10,1.7,68.49,2.0,3.0,7
16.0,female,10,1.55,50.8,6.0,4.0,7
16.0,female,10,1.63,58.97,7.0,5.0,7
16.0,female,10,1.57,47.63,6.0,5.0,6
16.0,female,10,1.7,64.86,5.0,5.0,8
15.0,female,10,1.7,53.07,5.0,7.0,9
16.0,female,10,1.6,54.43,2.0,0.0,8
15.0,male,10,1.68,59.88,7.0,5.0,
15.0,male,10,1.8,70.76,7.0,7.0,
15.0,male,10,1.65,56.7,7.0,7.0,6
16.0,male,10,1.73,56.7,0.0,0.0,7
16.0,male,10,1.75,79.83,7.0,2.0,8
15.0,male,10,1.8,83.92,7.0,7.0,7
16.0,male,10,1.78,58.97,5.0,0.0,8
16.0,male,10,1.7,49.9,5.0,5.0,7
16.0,male,10,1.73,53.98,7.0,1.0,7
16.0,male,10,1.83,54.89,7.0,2.0,8
15.0,male,10,1.75,108.86,7.0,7.0,9
15.0,male,10,1.78,64.86,4.0,2.0,<5
16.0,male,10,,,1.0,1.0,10+
16.0,male,10,1.65,54.43,7.0,7.0,10+
16.0,male,10,1.75,76.2,7.0,5.0,8
17.0,female,12,1.63,58.97,2.0,0.0,6
17.0,female,12,1.6,52.16,4.0,3.0,7
18.0,female,12,1.65,54.43,7.0,,
18.0,female,12,1.63,63.5,,,
17.0,female,12,,,,,
18.0,female,12,1.68,88.45,1.0,0.0,5
17.0,female,12,1.45,47.63,0.0,0.0,7
17.0,female,12,1.65,53.98,5.0,0.0,<5
17.0,female,12,1.7,53.52,7.0,3.0,7
18.0,female,12,1.6,48.54,1.0,3.0,6
17.0,female,12,1.63,53.52,0.0,1.0,6
17.0,female,12,1.63,69.4,0.0,0.0,8
17.0,female,12,,,5.0,5.0,8
17.0,female,12,1.73,58.06,4.0,2.0,7
17.0,female,12,1.57,58.97,0.0,0.0,6
18.0,female,12,1.6,60.33,,,
18.0,male,12,,,,,
17.0,male,12,1.75,62.6,7.0,7.0,8
18.0,male,12,,,6.0,4.0,
18.0,male,12,1.8,90.72,7.0,7.0,8
18.0,male,12,1.7,77.11,5.0,5.0,7
18.0,male,12,1.75,77.11,7.0,6.0,7
17.0,male,12,1.7,72.58,6.0,4.0,8
17.0,male,12,1.85,72.58,2.0,5.0,7
18.0,male,12,1.9,77.11,7.0,7.0,8
18.0,male,12,1.98,99.79,4.0,1.0,8
17.0,male,12,1.88,99.79,7.0,7.0,9
18.0,male,12,1.83,72.58,0.0,3.0,6
17.0,male,12,1.78,89.36,7.0,7.0,6
18.0,male,12,,,,,
18.0,male,12,1.85,102.97,,,
18.0,female,12,,,6.0,6.0,7
18.0,female,12,1.83,104.33,0.0,0.0,<5
18.0,female,12,1.65,58.97,1.0,0.0,6
18.0,female,12,1.78,53.52,7.0,7.0,7
17.0,female,12,1.68,65.77,3.0,7.0,8
17.0,female,12,1.78,77.11,5.0,7.0,8
16.0,female,12,1.6,49.9,2.0,0.0,6
18.0,female,12,,,1.0,0.0,9
18.0,female,12,1.65,58.97,4.0,4.0,5
18.0,female,12,1.83,58.97,6.0,3.0,6
18.0,female,12,1.63,72.58,2.0,2.0,8
17.0,female,12,1.65,54.43,1.0,0.0,6
18.0,female,12,1.63,54.43,0.0,0.0,7
17.0,female,12,1.65,57.61,3.0,3.0,5
17.0,female,12,1.5,40.82,4.0,2.0,6
17.0,female,12,,,3.0,4.0,5
17.0,female,12,1.8,63.5,5.0,0.0,6
18.0,female,12,1.6,49.44,0.0,0.0,7
17.0,female,12,1.55,46.72,4.0,0.0,10+
17.0,female,12,1.6,68.04,4.0,2.0,6
18.0,female,12,1.63,54.43,7.0,4.0,6
17.0,female,12,1.55,58.97,0.0,0.0,6
18.0,female,12,1.73,49.9,0.0,0.0,8
17.0,male,12,1.8,70.31,7.0,7.0,7
18.0,male,12,1.73,64.86,3.0,1.0,7
17.0,male,12,1.78,62.6,5.0,5.0,8
18.0,male,12,1.83,90.72,7.0,7.0,7
17.0,male,12,,,7.0,7.0,5
17.0,male,12,1.78,65.77,7.0,7.0,8
17.0,male,12,1.9,68.04,0.0,0.0,<5
17.0,male,12,1.68,64.41,7.0,7.0,6
15.0,male,10,1.73,61.69,,,
16.0,male,10,1.78,65.77,5.0,2.0,<5
15.0,male,10,1.78,72.58,6.0,6.0,6
15.0,male,10,1.8,63.5,7.0,5.0,6
15.0,male,10,1.73,83.92,7.0,5.0,8
15.0,male,10,1.8,86.18,6.0,4.0,8
15.0,male,10,1.65,46.72,7.0,7.0,8
15.0,male,10,1.9,81.65,7.0,2.0,9
15.0,male,10,1.78,59.88,5.0,1.0,8
16.0,male,10,1.65,51.26,0.0,0.0,<5
16.0,male,10,1.85,71.67,7.0,7.0,7
15.0,male,10,1.68,77.11,5.0,5.0,8
15.0,male,10,1.7,59.88,0.0,0.0,5
15.0,male,10,1.8,96.16,6.0,6.0,
16.0,male,10,1.63,54.43,7.0,7.0,8
15.0,female,10,1.6,49.44,4.0,0.0,7
16.0,female,10,1.5,53.98,1.0,0.0,5
16.0,female,10,1.8,63.5,0.0,5.0,8
15.0,female,10,1.63,63.5,5.0,7.0,7
15.0,female,10,1.57,43.09,5.0,0.0,7
15.0,female,10,1.7,61.24,7.0,5.0,6
15.0,female,10,1.6,63.5,6.0,3.0,6
15.0,female,10,1.65,54.43,7.0,5.0,7
15.0,female,10,1.6,51.71,5.0,4.0,5
15.0,female,10,1.7,61.24,5.0,3.0,7
15.0,female,10,1.65,56.7,4.0,2.0,7
15.0,female,10,1.57,53.07,5.0,3.0,7
15.0,female,10,1.68,61.24,7.0,5.0,6
16.0,female,10,1.57,44.45,5.0,3.0,5
15.0,female,10,1.63,62.6,7.0,7.0,5
15.0,female,10,1.52,45.36,0.0,0.0,8
,female,11,,,7.0,7.0,
12.0,female,12,,,0.0,0.0,<5
16.0,female,11,1.57,45.36,0.0,0.0,8
17.0,female,11,1.73,91.63,4.0,4.0,10+
16.0,female,11,1.57,51.26,7.0,6.0,<5
16.0,female,11,1.65,46.72,0.0,0.0,8
16.0,female,11,1.6,65.32,5.0,2.0,8
16.0,female,11,1.68,62.6,3.0,3.0,6
17.0,female,11,1.52,41.73,2.0,0.0,8
17.0,female,11,1.7,77.11,6.0,2.0,8
17.0,female,11,1.57,50.8,4.0,2.0,6
17.0,female,11,1.52,53.07,1.0,0.0,7
16.0,female,11,1.57,52.16,0.0,0.0,5
16.0,female,11,1.55,56.7,7.0,7.0,6
16.0,female,11,,,5.0,5.0,6
16.0,female,11,1.7,49.9,0.0,0.0,6
17.0,female,11,1.63,54.43,2.0,1.0,7
16.0,female,11,1.57,56.7,7.0,7.0,5
17.0,female,11,1.63,80.74,5.0,0.0,8
16.0,male,11,1.57,61.24,,,
16.0,male,11,1.85,120.2,7.0,7.0,7
17.0,male,11,1.65,58.97,4.0,3.0,7
16.0,male,11,1.78,79.38,7.0,7.0,6
16.0,male,11,,,0.0,0.0,<5
16.0,male,11,1.73,58.97,7.0,7.0,9
16.0,male,11,1.65,56.7,7.0,6.0,6
16.0,male,11,1.78,58.97,7.0,4.0,8
16.0,male,11,1.85,79.38,6.0,2.0,8
16.0,male,11,1.9,89.81,7.0,5.0,7
16.0,male,11,1.7,67.13,4.0,4.0,6
16.0,male,11,1.8,59.88,4.0,4.0,7
16.0,male,11,,,4.0,7.0,6
17.0,male,11,,,1.0,1.0,6
17.0,male,11,1.78,63.5,7.0,0.0,7
16.0,male,11,1.85,74.84,5.0,5.0,7
18.0,female,12,1.6,49.9,2.0,1.0,6
17.0,female,12,,,3.0,3.0,6
17.0,female,12,1.65,56.7,2.0,0.0,<5
17.0,female,12,1.52,72.58,2.0,1.0,7
17.0,female,12,1.68,66.68,5.0,3.0,6
17.0,female,12,1.57,51.71,2.0,0.0,6
17.0,female,12,1.57,52.16,0.0,0.0,5
17.0,female,11,1.63,92.99,1.0,0.0,5
17.0,female,12,1.5,51.26,0.0,0.0,6
17.0,female,12,1.75,97.52,0.0,0.0,5
17.0,female,12,1.6,54.43,2.0,2.0,5
17.0,female,12,1.65,52.62,4.0,7.0,8
18.0,female,12,,,0.0,0.0,5
17.0,female,12,1.68,58.97,0.0,0.0,5
15.0,male,10,1.73,86.18,7.0,0.0,8
15.0,male,10,1.83,79.38,7.0,3.0,6
17.0,male,12,1.88,69.4,1.0,1.0,5
18.0,male,12,1.73,59.88,5.0,4.0,5
18.0,male,12,,,3.0,3.0,5
18.0,male,12,1.73,79.38,1.0,0.0,5
18.0,male,12,1.78,74.84,7.0,7.0,6
18.0,male,12,1.73,72.58,7.0,7.0,6
17.0,male,12,1.78,72.58,3.0,0.0,6
17.0,male,12,1.78,65.32,7.0,7.0,6
17.0,male,12,1.73,61.24,6.0,3.0,5
17.0,male,12,1.88,106.6,0.0,0.0,6
17.0,male,12,1.88,113.4,7.0,3.0,7
18.0,male,12,1.73,87.09,7.0,7.0,6
18.0,male,12,1.7,76.2,2.0,2.0,7
18.0,male,12,1.9,74.84,0.0,0.0,<5
17.0,male,12,1.83,70.31,7.0,5.0,6
15.0,female,10,1.57,48.99,,,
15.0,female,10,1.63,80.74,,,
15.0,female,10,1.5,48.54,2.0,0.0,5
15.0,female,10,1.6,58.51,7.0,5.0,8
16.0,female,10,1.5,41.73,4.0,4.0,7
15.0,female,10,1.75,55.79,5.0,3.0,5
17.0,female,11,1.57,52.16,3.0,2.0,6
15.0,female,10,1.5,78.02,3.0,5.0,8
15.0,female,10,1.63,49.9,1.0,0.0,
15.0,female,10,1.55,44.45,0.0,1.0,8
16.0,female,10,1.75,59.88,7.0,2.0,8
18.0,female,11,,,0.0,1.0,9
16.0,female,10,,,7.0,7.0,8
18.0,male,10,1.7,55.34,7.0,7.0,8
15.0,,10,,,,,
16.0,male,10,,,7.0,7.0,7
16.0,male,10,1.88,97.52,7.0,7.0,7
15.0,male,10,1.7,58.06,6.0,0.0,
15.0,male,10,1.7,83.92,7.0,7.0,7
15.0,male,10,1.78,102.97,4.0,7.0,6
15.0,male,10,,,3.0,0.0,
15.0,male,10,1.85,77.11,7.0,7.0,7
15.0,male,10,1.78,70.31,7.0,7.0,<5
15.0,male,10,1.7,61.69,6.0,4.0,7
15.0,male,10,1.73,78.93,7.0,7.0,7
17.0,male,10,,,5.0,1.0,7
15.0,male,10,1.8,65.77,7.0,4.0,8
15.0,male,10,1.78,64.41,7.0,7.0,7
16.0,male,11,2.11,104.33,7.0,3.0,5
18.0,male,12,1.8,65.77,7.0,5.0,8
15.0,male,10,1.78,61.24,,,
15.0,male,10,1.8,95.26,5.0,5.0,7
16.0,male,11,1.88,85.28,4.0,0.0,6
15.0,male,10,1.78,63.96,,,
15.0,male,10,1.78,61.69,,,
15.0,male,10,1.73,68.04,,,
16.0,male,10,1.75,72.58,5.0,5.0,6
16.0,female,11,1.68,95.26,2.0,2.0,7
17.0,female,11,1.63,77.11,5.0,3.0,8
16.0,female,11,1.55,65.77,0.0,0.0,6
16.0,female,11,1.63,56.7,3.0,0.0,6
17.0,female,11,1.63,58.97,1.0,1.0,5
17.0,female,11,1.73,77.11,0.0,0.0,7
17.0,female,12,1.7,74.84,7.0,7.0,
17.0,female,12,1.5,40.82,7.0,2.0,9
17.0,female,11,1.68,49.9,5.0,3.0,7
16.0,female,11,,,7.0,3.0,
16.0,female,11,1.63,81.65,3.0,1.0,8
17.0,female,11,1.57,61.24,3.0,3.0,7
16.0,female,11,1.65,49.9,3.0,2.0,5
16.0,female,11,1.6,57.61,6.0,5.0,6
16.0,male,11,1.78,63.5,1.0,2.0,7
16.0,male,11,1.83,81.19,6.0,6.0,7
16.0,male,11,1.73,61.69,3.0,0.0,6
17.0,male,12,1.6,54.43,7.0,2.0,6
16.0,male,11,1.68,52.16,3.0,3.0,7
16.0,male,11,1.75,97.52,7.0,7.0,6
17.0,male,11,1.88,68.04,7.0,7.0,6
16.0,male,11,1.73,97.52,5.0,7.0,7
16.0,male,11,1.7,72.58,0.0,2.0,7
17.0,male,11,1.63,63.5,2.0,2.0,7
16.0,male,11,1.63,68.95,1.0,4.0,7
16.0,male,11,1.7,52.16,5.0,6.0,7
16.0,male,11,1.85,99.79,5.0,6.0,6
17.0,male,11,1.85,108.86,0.0,0.0,6
16.0,male,11,1.65,53.07,7.0,1.0,<5
17.0,male,11,,,1.0,2.0,8
16.0,male,11,1.7,58.97,7.0,0.0,5
17.0,male,11,1.73,68.04,4.0,3.0,7
16.0,male,11,1.83,70.31,7.0,7.0,6
16.0,male,11,1.8,63.96,4.0,3.0,7
15.0,female,9,1.7,55.34,4.0,4.0,7
15.0,female,9,1.6,84.37,2.0,1.0,7
14.0,female,9,1.73,97.52,4.0,3.0,<5
14.0,female,9,1.6,74.84,3.0,5.0,7
15.0,female,9,1.55,50.35,7.0,7.0,7
14.0,female,9,1.5,48.99,6.0,2.0,8
15.0,female,9,1.63,57.61,3.0,3.0,6
14.0,female,9,1.63,62.14,3.0,3.0,<5
14.0,female,9,1.57,52.62,7.0,7.0,5
14.0,female,9,1.65,52.62,7.0,6.0,7
14.0,female,9,1.55,53.98,3.0,7.0,8
14.0,female,9,1.57,54.43,4.0,1.0,6
14.0,female,9,1.63,63.5,7.0,5.0,6
14.0,female,9,1.63,46.72,4.0,1.0,7
15.0,female,9,1.57,50.8,7.0,3.0,5
15.0,male,9,1.7,49.9,5.0,5.0,7
14.0,male,9,,,3.0,2.0,10+
15.0,male,9,1.75,84.37,6.0,6.0,8
15.0,male,9,1.7,60.33,7.0,5.0,8
15.0,male,9,1.68,57.61,7.0,5.0,5
14.0,male,9,1.68,52.16,5.0,5.0,8
15.0,male,9,1.73,95.26,3.0,0.0,
14.0,male,9,1.57,35.38,7.0,1.0,9
15.0,male,9,1.73,78.02,4.0,4.0,7
14.0,male,9,1.78,77.11,5.0,2.0,8
15.0,male,9,,,7.0,5.0,8
14.0,male,9,,,3.0,2.0,7
14.0,male,9,1.73,59.88,7.0,7.0,5
14.0,male,9,1.68,50.8,6.0,5.0,7
14.0,male,9,1.73,64.41,7.0,7.0,7
14.0,male,9,1.68,77.11,4.0,4.0,8
14.0,male,9,,,5.0,5.0,8
14.0,male,9,1.63,49.9,7.0,7.0,7
14.0,male,9,1.7,72.58,3.0,3.0,7
15.0,male,9,1.73,70.31,4.0,1.0,5
14.0,male,9,1.63,62.14,3.0,7.0,6
18.0,male,12,2.08,83.92,7.0,4.0,5
17.0,male,12,1.8,72.58,2.0,0.0,7
18.0,male,12,1.73,99.79,4.0,4.0,6
17.0,male,12,1.78,65.77,3.0,3.0,7
17.0,male,12,1.78,75.3,3.0,4.0,7
17.0,male,12,1.88,90.72,7.0,7.0,5
18.0,male,12,1.73,62.14,5.0,1.0,5
17.0,male,12,1.78,71.67,7.0,7.0,6
18.0,male,12,1.83,90.72,5.0,5.0,8
18.0,male,12,,,4.0,1.0,6
18.0,male,12,1.73,73.94,2.0,2.0,5
17.0,male,12,1.73,84.37,4.0,6.0,
17.0,male,12,,,2.0,6.0,5
18.0,male,12,1.85,130.18,1.0,1.0,7
17.0,male,12,1.73,72.58,5.0,3.0,7
18.0,male,12,1.8,70.76,3.0,0.0,5
17.0,male,12,1.75,60.33,1.0,0.0,7
17.0,male,12,1.96,111.13,6.0,6.0,7
18.0,female,12,1.6,43.55,0.0,0.0,7
18.0,female,12,1.68,54.43,1.0,,7
17.0,female,12,1.65,64.86,6.0,6.0,
18.0,female,12,1.65,58.06,3.0,2.0,7
18.0,female,12,1.63,55.79,0.0,3.0,6
17.0,female,12,,,6.0,3.0,6
17.0,female,12,1.73,65.77,7.0,7.0,7
17.0,female,12,1.57,60.78,0.0,0.0,8
17.0,female,12,1.55,63.5,4.0,0.0,6
17.0,female,12,1.5,54.43,1.0,0.0,6
17.0,female,12,,,4.0,,6
17.0,female,12,1.57,61.24,0.0,2.0,7
17.0,female,12,1.57,49.9,5.0,3.0,7
18.0,female,12,1.65,58.51,1.0,0.0,9
18.0,female,12,1.65,65.77,5.0,5.0,8
17.0,female,12,1.65,88.45,0.0,0.0,8
17.0,female,12,,,0.0,5.0,
17.0,female,12,1.6,56.7,5.0,2.0,6
14.0,female,9,1.57,68.49,6.0,5.0,5
14.0,female,9,1.6,50.35,2.0,2.0,5
14.0,female,9,1.5,44.0,7.0,4.0,7
14.0,female,9,1.63,53.52,3.0,3.0,5
14.0,female,9,1.6,72.58,7.0,3.0,8
14.0,male,9,1.73,57.15,7.0,7.0,6
14.0,female,9,1.5,39.92,4.0,1.0,<5
15.0,female,9,1.68,65.77,7.0,7.0,7
14.0,female,9,1.6,58.97,5.0,4.0,8
14.0,female,9,1.68,54.43,2.0,4.0,8
14.0,female,9,1.68,72.58,7.0,5.0,7
15.0,female,9,,,0.0,0.0,8
15.0,female,9,1.7,64.41,7.0,3.0,8
14.0,female,9,1.57,49.9,2.0,2.0,8
14.0,female,9,1.57,45.81,5.0,5.0,10+
15.0,female,9,1.6,44.91,3.0,2.0,8
14.0,male,9,1.75,52.16,7.0,4.0,7
15.0,male,9,1.78,69.4,1.0,3.0,7
15.0,male,9,,,5.0,5.0,8
14.0,male,9,1.83,82.1,5.0,5.0,7
14.0,male,9,1.75,63.96,7.0,5.0,7
14.0,male,9,1.65,56.7,7.0,2.0,8
15.0,male,9,1.75,64.86,7.0,7.0,9
14.0,male,9,1.78,56.7,5.0,2.0,5
15.0,male,10,1.73,52.16,4.0,2.0,5
14.0,male,9,1.6,42.18,7.0,2.0,
14.0,male,9,1.8,86.18,7.0,,9
15.0,male,9,1.7,66.23,5.0,4.0,
15.0,male,9,1.7,77.57,7.0,2.0,5
15.0,male,9,1.83,65.77,7.0,6.0,9
15.0,female,9,1.57,52.62,0.0,0.0,5
15.0,male,9,1.9,87.54,5.0,0.0,8
14.0,male,9,1.63,55.34,7.0,7.0,9
14.0,male,9,1.83,68.95,7.0,7.0,8
17.0,female,11,1.6,53.07,0.0,0.0,8
16.0,female,11,1.52,53.07,0.0,0.0,6
16.0,female,11,1.73,68.04,1.0,0.0,8
17.0,female,11,1.57,47.17,6.0,0.0,<5
16.0,female,11,,,3.0,3.0,10+
17.0,female,11,1.65,54.43,1.0,2.0,7
16.0,female,11,1.57,88.45,2.0,0.0,7
18.0,female,11,1.68,72.58,2.0,1.0,7
16.0,female,11,1.6,63.5,2.0,1.0,7
16.0,female,11,1.52,58.51,7.0,2.0,7
16.0,female,11,1.63,66.68,3.0,1.0,8
17.0,female,11,,,0.0,0.0,7
16.0,female,11,1.55,50.8,5.0,4.0,8
16.0,female,11,,,7.0,0.0,8
17.0,female,11,1.65,54.43,5.0,5.0,9
17.0,male,11,1.85,74.84,5.0,1.0,8
18.0,male,11,1.75,74.39,7.0,0.0,6
17.0,male,11,1.8,45.36,4.0,0.0,7
17.0,male,11,1.68,61.69,6.0,4.0,6
18.0,male,12,1.7,65.77,5.0,3.0,7
16.0,male,11,1.75,67.13,6.0,2.0,<5
16.0,male,11,1.78,79.38,4.0,4.0,6
16.0,male,11,1.78,65.77,5.0,0.0,<5
16.0,female,11,1.55,51.71,0.0,0.0,
17.0,male,12,1.83,68.04,7.0,7.0,7
16.0,male,11,1.65,74.39,2.0,2.0,7
16.0,male,11,1.68,75.75,2.0,1.0,6
16.0,female,11,1.63,77.11,0.0,0.0,6
17.0,female,11,1.63,58.97,7.0,0.0,8
17.0,female,11,1.55,63.5,1.0,2.0,7
16.0,female,11,1.57,63.5,4.0,0.0,8
17.0,female,11,1.63,56.25,0.0,0.0,6
16.0,female,11,1.6,45.36,7.0,3.0,6
16.0,female,11,1.57,52.62,7.0,3.0,6
16.0,female,11,,,3.0,3.0,5
16.0,female,11,1.57,61.69,5.0,0.0,7
16.0,female,11,1.6,59.88,5.0,5.0,6
15.0,male,10,1.75,72.58,3.0,0.0,7
15.0,male,10,1.75,66.23,3.0,2.0,8
15.0,male,10,1.68,58.97,2.0,0.0,5
15.0,female,10,1.57,53.52,7.0,7.0,6
14.0,female,9,,,2.0,1.0,5
14.0,female,9,1.52,44.45,2.0,1.0,7
15.0,female,9,1.65,59.88,7.0,5.0,8
15.0,female,9,1.52,48.99,1.0,4.0,6
15.0,female,9,1.55,54.43,3.0,1.0,7
14.0,female,9,1.68,111.13,7.0,3.0,7
14.0,female,9,1.65,63.5,5.0,5.0,7
15.0,male,9,1.68,53.07,4.0,4.0,8
14.0,male,9,,,,,
14.0,male,9,1.83,104.33,0.0,2.0,7
18.0,male,12,1.73,59.42,0.0,0.0,6
18.0,male,12,1.68,74.84,5.0,3.0,7
18.0,male,12,1.75,61.24,0.0,0.0,7
17.0,male,12,1.65,74.84,7.0,7.0,9
18.0,female,12,1.65,58.97,5.0,0.0,10+
18.0,female,12,1.57,61.24,2.0,0.0,9
18.0,female,12,1.55,45.36,2.0,0.0,9
18.0,female,12,1.73,72.58,3.0,0.0,6
18.0,female,12,1.63,64.86,5.0,3.0,6
18.0,female,12,1.68,68.04,3.0,3.0,7
17.0,female,12,1.57,54.43,0.0,1.0,9
18.0,female,12,1.52,56.25,0.0,3.0,7
17.0,female,12,1.73,85.73,4.0,0.0,6
16.0,female,12,1.57,68.04,6.0,0.0,5
17.0,female,12,1.57,99.79,0.0,0.0,6
18.0,female,12,1.6,53.52,1.0,0.0,8
18.0,female,12,1.5,46.72,2.0,3.0,7
17.0,female,12,1.57,52.16,3.0,0.0,6
18.0,male,12,1.68,54.43,7.0,0.0,9
17.0,male,12,1.68,55.34,1.0,3.0,8
17.0,male,12,1.78,72.58,5.0,7.0,8
15.0,female,10,1.68,79.83,3.0,7.0,8
17.0,female,12,1.55,54.43,0.0,0.0,8
16.0,female,10,1.55,53.52,1.0,7.0,8
18.0,female,12,1.57,61.24,2.0,5.0,8
18.0,female,12,1.55,54.43,0.0,0.0,9
17.0,female,11,1.5,58.97,0.0,0.0,<5
17.0,female,11,1.63,46.72,5.0,6.0,8
15.0,male,9,1.6,72.58,3.0,7.0,6
15.0,male,9,1.75,61.24,7.0,7.0,7
15.0,male,9,1.65,56.7,1.0,1.0,7
14.0,male,9,1.73,71.22,3.0,3.0,<5
15.0,male,9,1.68,56.7,7.0,6.0,7
14.0,male,9,1.75,62.14,7.0,3.0,8
14.0,male,9,1.85,81.65,5.0,3.0,7
14.0,female,9,,,7.0,0.0,8
15.0,female,9,1.55,61.69,4.0,3.0,7
15.0,female,9,1.52,56.7,5.0,7.0,9
15.0,female,9,1.63,48.54,4.0,5.0,7
14.0,female,9,1.5,46.72,3.0,2.0,7
15.0,female,9,1.7,72.58,1.0,4.0,6
17.0,male,11,1.7,54.43,7.0,7.0,7
17.0,male,11,1.7,83.92,2.0,0.0,6
17.0,male,11,,,0.0,0.0,<5
17.0,male,11,1.78,65.77,0.0,0.0,5
18.0,male,12,1.78,88.45,4.0,0.0,6
18.0,male,11,1.85,99.79,2.0,1.0,6
16.0,male,11,1.7,56.7,7.0,5.0,8
17.0,male,11,1.85,97.52,6.0,6.0,8
17.0,male,11,,,3.0,3.0,8
16.0,male,11,1.57,70.31,4.0,4.0,8
16.0,male,11,1.83,113.4,7.0,7.0,<5
18.0,male,12,,,0.0,0.0,10+
17.0,female,11,1.6,58.97,7.0,4.0,6
17.0,female,11,1.7,73.03,7.0,7.0,7
17.0,female,11,1.73,67.13,7.0,7.0,<5
17.0,female,11,1.7,61.69,0.0,4.0,
16.0,female,11,1.68,95.26,0.0,0.0,7
18.0,female,12,1.63,41.73,2.0,0.0,6
18.0,female,12,1.68,61.24,0.0,4.0,7
17.0,female,12,1.73,61.24,5.0,3.0,6
12.0,female,other,,,0.0,0.0,10+
18.0,female,12,1.57,44.45,1.0,1.0,7
18.0,female,12,1.63,49.9,5.0,4.0,7
18.0,female,12,1.65,66.23,1.0,1.0,<5
18.0,female,12,1.7,55.79,0.0,0.0,7
17.0,female,12,1.65,56.7,2.0,2.0,7
17.0,male,12,1.65,55.79,4.0,0.0,8
18.0,male,12,1.78,90.27,7.0,5.0,5
18.0,male,12,1.83,79.38,4.0,2.0,8
18.0,male,12,1.75,94.8,5.0,5.0,
18.0,male,12,1.73,79.38,,0.0,5
18.0,male,12,1.83,127.01,4.0,4.0,6
12.0,male,9,1.73,65.77,7.0,7.0,<5
18.0,male,12,1.8,68.04,7.0,7.0,6
18.0,male,12,1.96,128.82,7.0,7.0,5
18.0,male,12,1.8,79.38,0.0,2.0,7
18.0,male,12,1.63,54.43,6.0,0.0,6
12.0,male,12,,,7.0,0.0,10+
16.0,female,10,1.52,52.16,7.0,7.0,8
16.0,female,10,1.5,47.63,0.0,0.0,7
16.0,female,10,1.7,53.07,6.0,6.0,5
16.0,female,10,1.68,54.43,0.0,0.0,7
16.0,female,10,1.5,49.9,,3.0,7
16.0,female,10,1.68,83.92,7.0,7.0,<5
16.0,female,10,1.55,54.43,4.0,3.0,7
16.0,female,10,1.63,69.4,1.0,0.0,8
16.0,female,10,1.7,54.43,5.0,6.0,7
16.0,female,10,1.63,45.81,0.0,0.0,6
16.0,female,10,1.65,52.16,3.0,0.0,5
16.0,female,10,1.63,70.76,7.0,7.0,8
16.0,female,10,1.75,63.96,4.0,3.0,5
17.0,female,10,1.65,60.78,7.0,7.0,6
16.0,female,10,1.6,44.0,0.0,5.0,6
15.0,female,10,1.63,53.52,4.0,2.0,7
16.0,male,10,1.9,63.5,0.0,0.0,7
16.0,male,10,1.78,58.97,0.0,0.0,8
16.0,male,10,1.78,97.52,6.0,4.0,8
16.0,male,10,1.68,68.95,5.0,5.0,9
16.0,male,10,1.85,102.06,7.0,7.0,8
16.0,male,10,1.96,78.47,5.0,7.0,8
15.0,male,10,1.63,54.43,2.0,2.0,7
16.0,male,10,,,7.0,7.0,8
16.0,male,10,1.83,81.65,4.0,7.0,6
16.0,male,10,1.7,58.97,4.0,0.0,6
16.0,male,10,1.85,68.04,7.0,6.0,8
16.0,male,10,1.68,49.9,2.0,2.0,8
16.0,male,10,1.78,74.84,7.0,7.0,7
15.0,male,10,1.78,83.92,2.0,1.0,6
16.0,male,10,1.8,72.58,7.0,7.0,7
16.0,male,10,1.88,73.48,7.0,0.0,6
16.0,female,10,1.65,44.45,7.0,7.0,8
15.0,female,9,1.73,53.52,7.0,3.0,10+
14.0,female,9,1.6,63.5,3.0,2.0,8
15.0,female,9,1.57,45.36,2.0,0.0,7
15.0,female,9,1.52,56.7,7.0,1.0,5
16.0,male,10,1.8,104.33,5.0,4.0,8
15.0,male,9,1.75,82.56,6.0,6.0,8
15.0,male,9,1.88,88.45,7.0,7.0,10+
16.0,male,9,1.75,83.92,2.0,1.0,7
16.0,male,9,1.63,68.95,0.0,0.0,<5
14.0,male,9,,,7.0,7.0,10+
15.0,male,9,1.75,76.2,0.0,5.0,5
16.0,male,9,1.78,76.2,3.0,4.0,9
15.0,male,9,1.85,88.45,5.0,5.0,7
14.0,male,9,1.63,50.35,7.0,3.0,<5
15.0,male,9,1.6,48.08,0.0,1.0,6
15.0,male,9,1.8,65.77,7.0,4.0,6
15.0,male,9,1.6,47.63,0.0,0.0,6
14.0,male,9,1.63,44.45,7.0,7.0,6
15.0,male,9,1.9,114.31,7.0,7.0,8
16.0,male,9,1.78,65.77,,,
16.0,male,9,1.88,69.4,3.0,4.0,5
14.0,male,9,1.57,43.55,7.0,5.0,6
16.0,female,9,1.6,58.97,5.0,1.0,6
18.0,male,12,,,6.0,1.0,7
17.0,male,12,1.7,54.89,4.0,0.0,8
17.0,male,12,1.78,68.04,7.0,0.0,8
16.0,female,11,1.75,113.4,2.0,0.0,8
17.0,female,12,1.7,73.48,3.0,1.0,6
18.0,female,12,1.63,57.61,1.0,0.0,7
15.0,female,10,1.7,64.41,4.0,0.0,7
16.0,female,10,1.68,79.38,3.0,1.0,9
16.0,female,10,1.68,58.97,1.0,1.0,7
15.0,female,10,1.6,42.18,4.0,0.0,7
16.0,female,10,1.63,63.96,5.0,2.0,<5
15.0,female,10,,,7.0,0.0,7
15.0,male,10,1.78,54.43,7.0,3.0,7
17.0,male,10,,,2.0,3.0,<5
15.0,female,9,1.57,63.05,7.0,3.0,9
15.0,female,9,1.73,63.5,3.0,0.0,6
15.0,female,9,1.65,74.84,4.0,2.0,7
17.0,male,11,1.8,64.86,7.0,7.0,7
16.0,male,11,1.7,72.58,7.0,0.0,7
17.0,female,11,1.57,55.79,2.0,3.0,6
17.0,female,11,1.7,102.06,1.0,0.0,9
14.0,female,9,1.73,90.72,4.0,7.0,<5
,female,,,,0.0,6.0,7
14.0,female,9,1.73,72.58,7.0,4.0,8
15.0,female,9,1.45,40.37,7.0,7.0,8
15.0,female,9,1.55,49.44,0.0,0.0,7
14.0,female,9,1.57,60.33,6.0,6.0,8
15.0,female,9,1.6,54.43,5.0,5.0,5
15.0,female,9,1.57,53.98,5.0,5.0,7
15.0,female,9,1.73,71.22,3.0,0.0,7
15.0,female,9,1.57,44.91,7.0,4.0,6
14.0,female,9,1.73,68.04,5.0,5.0,5
15.0,female,9,1.55,58.51,7.0,3.0,8
15.0,male,9,,,7.0,5.0,8
15.0,male,9,1.68,65.77,7.0,7.0,6
15.0,male,9,1.73,65.77,5.0,4.0,7
14.0,male,9,1.73,75.75,4.0,4.0,7
15.0,male,9,1.83,58.97,7.0,5.0,9
15.0,male,9,,,3.0,3.0,<5
14.0,male,9,1.78,73.03,7.0,0.0,7
15.0,male,9,1.78,111.13,3.0,0.0,8
15.0,male,9,1.65,62.6,0.0,0.0,7
15.0,male,9,1.57,66.68,1.0,1.0,8
17.0,female,12,,,2.0,2.0,7
18.0,female,12,1.68,68.95,2.0,0.0,6
17.0,female,12,1.63,70.31,4.0,2.0,7
18.0,female,12,,,2.0,0.0,5
17.0,female,12,1.6,75.3,3.0,1.0,8
18.0,female,12,1.63,49.9,7.0,7.0,7
18.0,female,12,1.68,90.72,0.0,0.0,6
17.0,female,12,1.78,83.92,4.0,4.0,6
17.0,female,12,1.57,66.68,0.0,0.0,6
18.0,male,12,1.75,62.6,5.0,3.0,6
18.0,male,12,,,7.0,5.0,7
18.0,male,12,1.85,74.84,6.0,5.0,8
18.0,male,12,1.78,74.84,7.0,7.0,5
17.0,male,12,1.83,81.65,7.0,6.0,<5
18.0,male,12,1.88,92.99,7.0,5.0,6
17.0,male,12,1.75,74.84,0.0,0.0,<5
18.0,male,12,1.8,87.54,0.0,0.0,7
18.0,male,12,1.78,58.97,0.0,0.0,6
18.0,male,12,1.7,70.31,7.0,5.0,6
18.0,male,12,1.83,72.58,6.0,0.0,8
18.0,male,12,1.7,67.59,7.0,6.0,7
16.0,female,10,1.6,51.71,7.0,5.0,8
16.0,female,10,1.6,56.7,5.0,7.0,8
16.0,female,10,1.57,59.88,7.0,7.0,7
15.0,female,10,1.68,52.16,,,8
16.0,female,10,1.52,72.58,0.0,7.0,7
16.0,female,10,1.6,54.43,5.0,2.0,5
16.0,female,10,,,5.0,0.0,7
15.0,female,10,1.63,50.8,6.0,5.0,7
16.0,male,10,1.7,58.97,7.0,3.0,8
16.0,male,10,1.8,73.94,7.0,5.0,6
16.0,male,10,,,7.0,7.0,9
16.0,male,10,1.8,74.84,7.0,7.0,7
16.0,male,10,1.96,81.65,4.0,4.0,7
16.0,male,10,1.83,113.4,7.0,2.0,7
15.0,male,10,1.78,83.01,1.0,1.0,7
16.0,male,10,1.75,100.25,5.0,5.0,6
16.0,male,10,1.73,99.79,7.0,5.0,9
16.0,male,10,1.73,70.31,3.0,3.0,6
17.0,male,10,1.65,65.32,5.0,6.0,7
16.0,male,10,1.78,72.58,2.0,3.0,6
16.0,male,10,1.7,69.85,7.0,7.0,6
17.0,male,10,1.83,83.01,3.0,7.0,8
16.0,male,10,1.8,56.7,7.0,0.0,6
16.0,male,10,1.73,113.4,7.0,7.0,8
16.0,female,11,1.6,56.7,3.0,0.0,
16.0,female,11,1.65,55.34,5.0,6.0,6
17.0,female,11,1.78,77.11,4.0,4.0,7
16.0,female,11,1.7,54.43,2.0,0.0,6
17.0,female,11,1.6,65.77,7.0,3.0,5
17.0,female,12,1.52,55.79,6.0,2.0,8
17.0,female,11,1.55,54.43,6.0,3.0,8
17.0,female,11,1.63,51.26,0.0,0.0,5
16.0,female,11,1.6,52.16,2.0,2.0,6
16.0,male,11,1.57,56.7,7.0,2.0,6
17.0,male,11,1.78,74.84,7.0,5.0,7
16.0,male,11,1.73,58.97,2.0,0.0,5
16.0,male,11,1.73,65.32,7.0,7.0,9
17.0,male,11,1.78,69.85,7.0,4.0,6
17.0,male,11,1.73,64.41,6.0,4.0,6
16.0,male,11,,,0.0,1.0,7
17.0,male,11,1.88,83.01,7.0,7.0,5
17.0,male,11,1.73,74.84,5.0,3.0,7
16.0,male,11,1.75,77.11,7.0,5.0,8
16.0,male,11,1.8,55.79,4.0,0.0,<5
17.0,male,11,1.83,86.18,7.0,7.0,<5
17.0,male,11,1.7,94.8,7.0,7.0,7
18.0,female,12,1.63,56.25,7.0,0.0,5
18.0,female,12,1.7,68.04,5.0,7.0,6
18.0,female,12,1.55,52.16,7.0,7.0,6
17.0,female,12,1.5,54.43,0.0,1.0,7
18.0,female,12,1.57,61.24,0.0,0.0,<5
17.0,female,12,1.7,65.77,3.0,3.0,6
18.0,female,12,1.6,67.59,1.0,0.0,7
17.0,female,12,1.7,63.5,3.0,0.0,6
18.0,female,12,1.6,88.0,2.0,3.0,6
18.0,female,12,1.57,57.61,1.0,0.0,<5
17.0,male,12,1.73,88.45,0.0,2.0,7
18.0,male,12,1.93,79.38,0.0,0.0,7
18.0,male,12,1.9,86.18,7.0,1.0,5
18.0,male,12,1.9,87.09,0.0,0.0,<5
17.0,male,12,1.73,85.28,5.0,5.0,6
17.0,male,12,1.88,88.45,2.0,2.0,6
17.0,male,12,1.88,70.31,7.0,5.0,8
17.0,male,12,1.73,49.9,0.0,1.0,7
18.0,male,12,1.78,81.65,5.0,1.0,7
17.0,male,12,1.85,64.41,2.0,2.0,6
18.0,male,12,2.03,75.75,0.0,0.0,6
18.0,male,12,1.65,56.7,3.0,3.0,<5
18.0,male,12,1.83,73.48,7.0,7.0,7
18.0,male,12,1.78,70.31,7.0,4.0,7
17.0,male,12,1.78,68.04,0.0,0.0,7
18.0,male,12,1.7,70.31,3.0,0.0,7
18.0,male,12,1.8,75.75,5.0,4.0,6
18.0,male,12,1.88,74.84,1.0,1.0,<5
15.0,female,10,1.65,47.63,0.0,0.0,7
15.0,female,10,1.78,83.01,3.0,0.0,7
16.0,female,10,1.7,52.16,2.0,2.0,8
15.0,female,10,1.5,56.7,5.0,3.0,7
15.0,female,10,1.78,72.58,2.0,1.0,8
15.0,female,10,1.57,65.77,1.0,0.0,6
16.0,female,10,1.65,61.24,1.0,0.0,7
15.0,female,10,1.5,47.17,4.0,0.0,7
15.0,female,10,1.57,52.16,7.0,2.0,6
15.0,female,10,1.7,64.41,0.0,0.0,6
16.0,female,10,1.55,58.97,0.0,0.0,10+
16.0,male,10,1.85,72.58,7.0,7.0,7
15.0,male,10,1.73,68.04,4.0,3.0,5
16.0,male,10,1.78,92.08,6.0,7.0,7
16.0,male,10,1.78,73.94,2.0,0.0,7
16.0,male,10,1.98,97.52,0.0,0.0,<5
16.0,male,10,1.78,60.33,2.0,0.0,7
16.0,male,10,1.68,78.02,7.0,0.0,7
15.0,male,10,1.83,74.84,7.0,7.0,7
15.0,male,10,1.85,99.34,3.0,0.0,7
16.0,male,10,1.8,61.69,6.0,7.0,8
16.0,male,10,1.85,79.38,6.0,6.0,8
16.0,male,10,1.85,77.11,7.0,7.0,7
16.0,male,10,1.78,72.58,7.0,0.0,10+
15.0,male,10,1.7,65.77,5.0,3.0,6
16.0,male,10,1.83,68.04,6.0,4.0,<5
16.0,male,10,1.8,62.6,7.0,7.0,<5
16.0,male,10,,,,,
15.0,male,10,1.7,79.38,0.0,0.0,7
15.0,male,10,1.65,97.52,7.0,0.0,7
16.0,male,10,1.65,58.97,,,5
16.0,female,11,1.68,58.97,0.0,0.0,7
16.0,female,11,1.52,41.73,0.0,0.0,10+
16.0,female,11,1.7,67.13,7.0,2.0,5
17.0,female,11,1.78,113.4,1.0,2.0,5
17.0,female,10,1.65,44.45,0.0,0.0,8
17.0,female,11,1.75,104.33,3.0,0.0,7
17.0,female,11,1.6,61.69,4.0,5.0,6
17.0,female,11,1.75,62.6,0.0,0.0,<5
17.0,female,11,1.7,70.31,5.0,5.0,6
17.0,female,11,1.57,47.63,5.0,5.0,6
16.0,female,11,1.73,54.43,0.0,0.0,5
17.0,female,11,,,7.0,7.0,7
16.0,female,11,1.55,71.22,3.0,1.0,8
18.0,male,11,1.68,83.92,5.0,0.0,7
16.0,male,11,1.75,56.7,4.0,3.0,6
17.0,male,11,1.8,63.05,0.0,0.0,8
17.0,male,11,1.75,72.58,0.0,0.0,8
16.0,male,11,,,5.0,5.0,7
17.0,male,11,1.68,70.31,7.0,7.0,6
17.0,male,11,1.7,58.97,0.0,2.0,5
16.0,male,11,1.78,63.5,3.0,3.0,<5
16.0,male,11,1.78,65.77,7.0,4.0,6
17.0,male,11,1.9,104.33,1.0,1.0,6
17.0,male,11,1.7,76.66,1.0,0.0,5
17.0,male,11,1.7,67.13,6.0,3.0,6
18.0,male,11,1.73,56.7,0.0,0.0,7
17.0,male,11,1.8,67.13,7.0,5.0,7
17.0,male,11,1.7,82.1,3.0,2.0,8
14.0,male,9,1.9,113.4,7.0,4.0,7
14.0,male,9,,,3.0,1.0,9
14.0,male,9,1.75,100.25,2.0,4.0,8
16.0,male,9,1.7,53.52,7.0,5.0,<5
16.0,male,9,,,0.0,0.0,<5
16.0,male,9,1.7,66.68,0.0,7.0,<5
14.0,male,9,1.8,89.81,1.0,0.0,6
14.0,male,9,1.63,38.56,2.0,2.0,7
15.0,male,9,1.6,56.7,3.0,1.0,5
14.0,female,9,1.65,69.85,3.0,2.0,6
15.0,female,9,1.57,58.97,2.0,0.0,7
15.0,female,9,1.57,45.36,2.0,1.0,7
14.0,female,9,1.68,70.31,0.0,2.0,7
15.0,female,9,1.7,48.08,1.0,0.0,8
15.0,female,9,1.65,49.9,1.0,2.0,6
16.0,female,9,1.45,77.11,2.0,2.0,6
14.0,female,9,,,1.0,0.0,8
14.0,female,9,1.63,63.5,0.0,4.0,6
15.0,male,9,1.73,89.36,4.0,5.0,9
15.0,male,9,1.68,78.02,7.0,7.0,8
15.0,male,9,1.7,68.95,7.0,5.0,9
16.0,male,9,1.93,62.6,7.0,7.0,5
15.0,male,9,1.57,49.9,6.0,5.0,7
15.0,male,9,1.83,68.04,7.0,3.0,8
15.0,male,9,1.55,43.09,7.0,0.0,8
14.0,male,9,1.75,48.08,7.0,7.0,7
14.0,male,9,1.6,54.43,,,
16.0,male,11,1.8,90.72,6.0,7.0,7
17.0,male,11,1.75,83.92,7.0,7.0,7
16.0,male,11,1.75,62.14,7.0,4.0,8
17.0,male,11,1.85,70.76,7.0,7.0,8
16.0,male,11,1.8,88.45,7.0,5.0,8
17.0,male,11,1.8,101.15,3.0,0.0,6
16.0,male,11,1.8,83.92,3.0,0.0,7
17.0,female,11,1.6,63.5,1.0,0.0,8
17.0,female,11,1.57,49.9,5.0,4.0,9
15.0,female,9,1.7,54.43,6.0,0.0,6
14.0,female,9,1.63,48.99,1.0,1.0,9
14.0,female,9,1.63,52.16,1.0,3.0,8
,male,,,,3.0,5.0,5
15.0,male,9,1.88,79.38,5.0,7.0,<5
16.0,male,9,,,6.0,3.0,7
14.0,male,9,1.8,58.51,2.0,1.0,6
14.0,male,9,1.7,68.04,7.0,2.0,7
15.0,male,9,1.83,69.4,7.0,7.0,6
15.0,male,9,1.7,68.04,0.0,7.0,6
15.0,male,9,,,0.0,0.0,8
14.0,male,9,1.65,45.36,5.0,3.0,8
15.0,male,9,1.7,95.26,2.0,0.0,<5
14.0,male,9,1.8,76.66,2.0,2.0,7
16.0,male,10,1.7,65.77,0.0,0.0,7
16.0,male,10,1.83,63.5,3.0,3.0,8
16.0,male,10,1.83,69.85,5.0,4.0,9
15.0,male,10,1.8,90.72,1.0,0.0,8
16.0,male,10,1.78,67.13,0.0,1.0,8
16.0,male,10,1.88,97.52,4.0,3.0,8
15.0,male,10,1.73,58.97,4.0,5.0,6
16.0,female,10,,,0.0,0.0,7
16.0,female,10,1.47,56.7,0.0,0.0,7
15.0,female,10,1.68,52.16,1.0,1.0,8
16.0,female,10,1.63,75.3,2.0,2.0,6
15.0,female,10,1.57,63.5,1.0,1.0,7
18.0,female,12,1.63,61.24,5.0,5.0,5
17.0,female,12,1.68,56.7,0.0,0.0,<5
18.0,female,12,1.73,79.38,0.0,0.0,10+
17.0,male,12,1.85,74.84,4.0,4.0,7
18.0,male,12,1.78,90.72,0.0,0.0,7
18.0,male,12,1.78,61.24,1.0,0.0,8
17.0,male,12,1.8,65.77,5.0,5.0,7
18.0,male,12,1.78,63.5,7.0,7.0,7
17.0,male,12,1.8,61.24,3.0,2.0,6
18.0,male,12,1.73,63.5,7.0,7.0,7
18.0,male,12,1.78,72.58,5.0,4.0,6
18.0,male,12,1.8,80.29,0.0,1.0,5
18.0,male,12,1.75,81.65,4.0,3.0,8
18.0,male,12,1.75,74.84,7.0,4.0,8
18.0,male,12,,,3.0,3.0,6
18.0,female,12,1.65,68.04,4.0,4.0,6
17.0,female,12,1.63,90.72,0.0,3.0,7
18.0,female,12,1.63,65.77,5.0,0.0,6
18.0,female,12,1.63,61.24,0.0,0.0,6
16.0,female,10,1.68,65.77,3.0,3.0,8
18.0,male,12,,,7.0,7.0,9
18.0,male,12,1.78,63.5,7.0,4.0,8
17.0,male,12,,,7.0,7.0,10+
15.0,female,9,1.55,58.97,3.0,5.0,6
15.0,male,9,1.78,89.81,7.0,7.0,8
15.0,male,9,1.63,48.54,0.0,0.0,7
16.0,male,9,1.85,127.01,3.0,7.0,9
15.0,male,9,1.93,83.92,7.0,7.0,8
15.0,male,9,1.63,61.69,0.0,0.0,<5
14.0,male,9,1.57,66.23,1.0,0.0,7
15.0,male,9,1.83,70.76,0.0,0.0,9
16.0,female,10,1.57,42.18,3.0,0.0,8
16.0,female,10,1.63,62.6,4.0,1.0,10+
16.0,female,10,1.65,53.52,7.0,3.0,6
16.0,female,10,1.65,86.64,1.0,0.0,5
15.0,female,10,1.65,57.61,7.0,4.0,8
16.0,male,10,1.8,65.77,7.0,7.0,8
16.0,male,10,1.78,58.97,0.0,0.0,
15.0,male,9,1.73,65.77,3.0,0.0,8
14.0,male,9,1.55,54.43,7.0,7.0,9
14.0,male,9,1.68,83.92,3.0,0.0,8
14.0,female,9,1.55,58.97,2.0,0.0,7
14.0,female,9,1.52,54.43,6.0,4.0,8
15.0,male,9,,,2.0,2.0,9
18.0,female,12,1.6,65.77,7.0,1.0,6
16.0,female,11,1.75,54.43,4.0,0.0,7
16.0,female,11,1.63,63.5,3.0,0.0,7
17.0,female,11,1.57,61.24,2.0,2.0,8
16.0,female,11,1.65,58.97,5.0,4.0,8
17.0,female,11,,,5.0,5.0,7
16.0,male,10,1.78,90.72,7.0,3.0,10+
15.0,female,10,1.65,54.89,5.0,0.0,9
15.0,female,10,,,,1.0,8
16.0,male,10,1.73,75.3,2.0,0.0,8
16.0,male,10,1.7,89.81,7.0,3.0,8
15.0,male,10,1.73,65.77,6.0,0.0,9
16.0,male,10,1.85,72.58,2.0,0.0,9
16.0,male,11,1.73,74.84,7.0,4.0,6
18.0,male,12,1.8,58.51,7.0,7.0,5
18.0,male,12,1.75,58.97,0.0,0.0,7
17.0,female,12,1.65,62.6,0.0,3.0,<5
17.0,female,12,1.68,68.04,5.0,1.0,8
16.0,female,9,1.68,63.5,6.0,3.0,7
17.0,female,12,1.52,51.26,0.0,0.0,8
14.0,female,9,1.7,61.69,7.0,7.0,9
14.0,female,9,1.55,53.98,7.0,7.0,7
15.0,female,9,1.7,51.26,3.0,0.0,8
16.0,female,10,1.6,49.9,2.0,0.0,10+
14.0,male,9,,,0.0,3.0,8
15.0,male,9,1.68,81.65,7.0,7.0,8
14.0,male,9,1.88,61.24,7.0,7.0,7
14.0,male,9,1.68,75.75,4.0,4.0,7
15.0,male,9,,,7.0,5.0,10+
14.0,male,9,1.73,52.16,7.0,5.0,8
14.0,male,9,1.52,40.82,7.0,6.0,8
18.0,male,12,1.83,81.65,7.0,7.0,9
14.0,male,9,1.83,70.31,2.0,0.0,5
14.0,male,9,1.68,48.99,5.0,5.0,9
15.0,male,10,1.73,86.18,5.0,4.0,7
14.0,male,9,1.8,66.23,7.0,5.0,7
16.0,female,10,1.5,72.58,7.0,7.0,10+
15.0,male,10,1.68,63.5,3.0,2.0,6
15.0,male,10,1.83,95.26,0.0,1.0,7
16.0,male,10,1.78,71.67,5.0,0.0,6
17.0,male,10,1.88,68.04,7.0,7.0,9
16.0,male,10,1.68,67.13,4.0,4.0,8
16.0,male,10,1.78,61.24,7.0,5.0,7
15.0,male,10,1.75,61.24,7.0,7.0,7
16.0,female,10,1.63,56.7,7.0,7.0,7
16.0,female,10,1.68,62.6,6.0,5.0,8
16.0,female,10,1.5,49.9,4.0,4.0,8
15.0,female,10,1.65,56.25,6.0,3.0,6
16.0,female,10,1.65,57.15,5.0,2.0,7
15.0,female,10,1.65,59.88,5.0,6.0,7
15.0,female,10,1.57,56.7,4.0,4.0,7
15.0,female,10,1.7,52.16,4.0,0.0,7
16.0,female,10,1.73,56.7,7.0,3.0,8
16.0,female,10,1.63,63.5,3.0,2.0,5
15.0,female,10,1.55,56.7,5.0,3.0,7
15.0,female,10,1.68,52.16,7.0,7.0,7
16.0,female,10,1.6,68.04,4.0,3.0,6
16.0,female,10,1.65,67.13,7.0,5.0,8
15.0,female,10,1.5,40.37,4.0,2.0,7
16.0,female,10,1.57,56.7,1.0,0.0,5
16.0,female,10,1.63,61.24,7.0,7.0,10+
14.0,female,9,1.65,56.7,5.0,0.0,6
15.0,female,9,1.6,64.41,5.0,6.0,9
17.0,female,10,1.55,58.97,7.0,0.0,<5
18.0,male,12,1.63,59.88,4.0,4.0,6
17.0,male,12,1.8,108.86,3.0,4.0,8
17.0,male,12,1.8,92.53,7.0,7.0,6
17.0,male,12,1.93,79.38,7.0,5.0,8
18.0,male,12,1.75,70.31,6.0,4.0,8
17.0,male,12,1.8,56.7,0.0,0.0,6
17.0,male,12,1.78,62.6,4.0,4.0,6
17.0,female,12,1.63,56.7,0.0,0.0,7
17.0,female,12,1.52,44.45,0.0,3.0,7
17.0,female,12,1.63,65.77,1.0,1.0,9
18.0,female,12,1.68,61.24,0.0,0.0,7
18.0,female,12,1.63,53.07,3.0,2.0,7
18.0,female,12,1.7,54.43,0.0,0.0,7
16.0,male,11,1.68,59.88,3.0,3.0,8
17.0,male,11,1.7,63.5,7.0,7.0,10+
16.0,male,11,1.85,86.18,7.0,7.0,5
17.0,female,11,1.52,59.88,2.0,0.0,8
18.0,female,12,1.57,48.54,2.0,0.0,
18.0,female,11,1.57,54.43,0.0,0.0,6
17.0,female,11,1.57,51.26,0.0,0.0,10+
17.0,male,11,1.88,72.58,6.0,2.0,9
16.0,male,11,1.68,59.88,2.0,3.0,7
17.0,male,11,1.7,67.59,3.0,0.0,7
17.0,male,11,1.88,92.99,0.0,0.0,8
17.0,male,11,1.9,77.11,7.0,7.0,8
16.0,female,11,1.68,52.62,7.0,7.0,<5
16.0,male,11,1.78,108.86,5.0,0.0,7
17.0,male,11,1.78,112.04,7.0,7.0,7
17.0,male,11,1.83,81.65,4.0,4.0,8
15.0,male,9,1.8,61.69,7.0,7.0,10+
15.0,male,9,1.78,70.31,7.0,0.0,7
15.0,male,9,1.73,88.91,7.0,7.0,9
14.0,male,9,,,7.0,3.0,<5
14.0,male,9,1.78,61.24,7.0,2.0,7
14.0,male,9,1.7,53.52,7.0,1.0,6
15.0,male,9,,,2.0,3.0,8
14.0,male,9,1.83,95.26,6.0,7.0,<5
15.0,male,9,1.88,94.35,1.0,1.0,<5
15.0,male,9,,,4.0,0.0,6
16.0,male,9,1.73,61.24,1.0,4.0,<5
14.0,male,9,1.75,97.52,6.0,4.0,8
15.0,male,9,1.57,62.6,7.0,7.0,6
,male,,,,5.0,3.0,8
15.0,female,9,1.68,56.7,7.0,4.0,8
15.0,female,9,1.6,46.27,7.0,7.0,8
15.0,female,9,1.57,47.63,5.0,0.0,8
15.0,female,9,1.42,61.24,2.0,3.0,8
14.0,female,9,1.7,70.31,3.0,1.0,7
15.0,female,9,1.52,43.55,6.0,4.0,7
15.0,female,9,1.65,52.16,5.0,2.0,8
14.0,female,9,1.6,51.26,5.0,0.0,8
14.0,female,9,,,0.0,0.0,7
15.0,female,9,1.65,61.24,3.0,3.0,9
15.0,female,9,1.78,58.97,7.0,3.0,8
14.0,female,9,1.57,61.24,0.0,0.0,10+
15.0,female,9,1.6,43.55,3.0,7.0,8
15.0,female,10,1.63,49.9,4.0,5.0,5
16.0,female,10,1.57,48.99,6.0,3.0,8
15.0,female,10,1.75,77.11,6.0,6.0,8
15.0,female,10,1.68,58.97,0.0,0.0,5
16.0,female,10,1.55,54.89,3.0,3.0,7
16.0,female,10,1.7,57.15,0.0,4.0,<5
15.0,female,10,1.65,63.5,5.0,0.0,5
15.0,female,10,1.63,47.17,7.0,4.0,7
15.0,female,10,,,4.0,2.0,
16.0,female,10,,,4.0,4.0,5
,female,,,,6.0,1.0,5
16.0,male,10,1.75,58.06,6.0,3.0,5
17.0,male,10,1.73,70.31,4.0,3.0,6
16.0,male,10,1.73,67.13,7.0,7.0,7
16.0,male,10,1.68,54.43,3.0,2.0,7
16.0,male,10,1.7,54.43,2.0,3.0,7
16.0,male,10,1.83,64.86,7.0,7.0,8
15.0,female,9,1.65,54.43,5.0,4.0,6
14.0,female,9,1.65,56.25,2.0,2.0,5
14.0,female,9,1.6,58.97,7.0,2.0,8
15.0,female,9,1.55,48.08,6.0,2.0,8
15.0,female,9,1.6,47.63,3.0,1.0,6
14.0,female,9,1.55,43.55,5.0,7.0,8
14.0,female,9,1.8,59.88,5.0,4.0,<5
15.0,female,9,1.52,70.31,6.0,5.0,6
14.0,female,9,1.68,52.16,7.0,6.0,6
14.0,female,9,1.75,73.48,4.0,2.0,5
15.0,male,9,1.75,62.6,1.0,1.0,7
15.0,male,9,1.6,68.04,7.0,2.0,9
14.0,male,9,1.63,46.27,5.0,7.0,8
17.0,female,11,1.6,77.11,0.0,0.0,5
17.0,female,11,1.73,59.42,4.0,4.0,6
17.0,female,11,1.65,58.97,0.0,0.0,7
18.0,female,11,1.63,47.63,2.0,2.0,<5
16.0,female,11,1.57,58.97,7.0,7.0,<5
16.0,male,11,1.88,72.58,7.0,2.0,8
18.0,female,12,1.7,81.65,2.0,0.0,5
18.0,female,12,1.52,44.45,5.0,2.0,6
17.0,female,12,1.68,54.43,2.0,4.0,7
18.0,female,12,1.57,54.43,2.0,0.0,<5
17.0,female,12,1.65,53.52,3.0,2.0,7
18.0,female,12,1.65,61.24,6.0,4.0,8
18.0,female,12,1.52,45.36,1.0,3.0,7
17.0,male,12,,,5.0,0.0,6
18.0,male,12,1.8,65.77,2.0,3.0,7
17.0,female,12,1.68,58.97,2.0,2.0,7
18.0,female,12,1.6,65.77,0.0,7.0,8
17.0,female,12,1.75,54.43,2.0,0.0,7
18.0,female,12,1.75,72.58,3.0,1.0,7
18.0,female,12,1.73,70.31,7.0,3.0,5
18.0,female,12,1.68,83.92,0.0,0.0,<5
18.0,female,12,1.63,63.5,5.0,5.0,7
18.0,female,12,1.63,58.97,4.0,4.0,7
18.0,female,12,1.73,72.12,6.0,7.0,8
18.0,female,12,1.75,49.9,0.0,0.0,8
18.0,female,12,1.57,50.8,7.0,6.0,8
18.0,female,12,1.63,61.24,2.0,2.0,6
18.0,female,12,1.57,47.63,1.0,0.0,7
18.0,female,12,1.6,58.97,2.0,0.0,7
18.0,female,12,1.63,61.24,7.0,7.0,7
18.0,female,12,1.63,56.7,7.0,6.0,5
18.0,male,12,1.9,82.56,5.0,7.0,7
17.0,male,12,1.85,81.65,7.0,6.0,6
17.0,male,12,1.8,106.6,5.0,5.0,8
18.0,male,12,1.88,90.72,5.0,5.0,7
18.0,male,12,1.85,68.04,7.0,7.0,7
17.0,male,12,1.83,70.31,4.0,0.0,7
18.0,male,12,1.78,77.11,7.0,7.0,7
17.0,male,12,1.73,79.38,5.0,1.0,6
18.0,male,12,1.83,68.04,7.0,7.0,7
17.0,male,12,1.83,61.24,7.0,7.0,5
18.0,male,12,1.78,58.97,5.0,4.0,7
18.0,male,12,1.7,75.75,7.0,7.0,8
18.0,male,12,1.83,90.72,3.0,0.0,7
17.0,male,12,1.88,79.38,2.0,3.0,7
17.0,female,11,1.5,47.63,7.0,7.0,6
17.0,female,11,1.52,45.36,7.0,0.0,5
17.0,female,11,1.57,49.9,7.0,6.0,7
17.0,female,11,1.6,49.9,7.0,0.0,8
17.0,female,11,1.73,58.97,0.0,0.0,6
18.0,female,12,1.6,61.24,3.0,3.0,<5
17.0,female,11,1.6,43.55,0.0,0.0,8
17.0,female,11,1.55,47.17,1.0,1.0,7
16.0,female,11,1.73,68.04,7.0,2.0,8
17.0,female,11,1.6,49.9,2.0,0.0,9
17.0,female,11,1.7,68.04,5.0,5.0,7
17.0,female,11,1.7,106.6,3.0,2.0,6
17.0,female,11,1.63,60.78,2.0,0.0,9
16.0,female,11,1.68,58.97,0.0,0.0,8
16.0,male,11,1.83,78.47,0.0,0.0,6
16.0,male,11,1.78,74.84,1.0,0.0,7
17.0,male,11,1.68,62.14,0.0,0.0,7
17.0,male,11,1.57,54.43,7.0,7.0,<5
16.0,male,11,1.78,69.85,4.0,5.0,7
17.0,male,11,1.73,70.31,7.0,7.0,6
17.0,male,11,1.73,60.33,3.0,1.0,6
17.0,male,11,1.7,65.77,0.0,0.0,6
15.0,male,12,1.88,68.04,4.0,4.0,6
16.0,male,11,1.7,66.23,7.0,6.0,8
17.0,male,12,1.83,74.84,4.0,5.0,7
16.0,male,11,1.75,100.25,7.0,3.0,<5
16.0,male,11,1.83,79.38,7.0,3.0,6
17.0,male,11,1.78,80.74,6.0,6.0,7
16.0,female,10,1.7,58.97,3.0,4.0,7
16.0,female,10,1.57,47.63,0.0,0.0,8
16.0,female,10,1.85,123.83,0.0,0.0,7
16.0,female,10,1.63,43.09,7.0,7.0,8
16.0,female,10,1.57,46.27,2.0,1.0,6
16.0,female,10,1.68,73.94,0.0,6.0,7
15.0,female,10,1.7,57.15,7.0,2.0,7
15.0,female,10,1.57,36.29,0.0,0.0,10+
15.0,female,10,1.68,54.43,7.0,5.0,7
15.0,female,10,1.68,59.88,7.0,0.0,5
16.0,male,10,1.68,63.5,7.0,7.0,10+
16.0,male,10,1.73,61.24,3.0,3.0,7
15.0,male,10,1.8,61.24,6.0,7.0,7
15.0,male,10,1.73,49.9,3.0,2.0,7
16.0,male,10,1.75,79.38,7.0,5.0,8
16.0,male,10,1.83,70.31,7.0,5.0,7
15.0,male,10,1.83,74.84,7.0,7.0,8
15.0,male,10,1.96,85.28,7.0,7.0,7
14.0,female,9,1.57,43.09,0.0,2.0,9
15.0,female,9,1.68,55.79,1.0,0.0,8
15.0,female,9,1.73,68.04,3.0,3.0,9
15.0,female,9,1.75,68.04,0.0,0.0,6
15.0,female,9,1.6,44.45,0.0,2.0,8
15.0,female,9,1.75,64.86,6.0,6.0,6
14.0,female,9,1.65,58.97,2.0,2.0,9
14.0,female,9,1.7,42.64,5.0,5.0,6
15.0,female,9,1.57,56.7,0.0,0.0,7
15.0,female,9,1.63,47.63,6.0,6.0,7
15.0,female,9,1.7,45.36,7.0,7.0,7
15.0,female,9,1.63,61.24,7.0,0.0,8
14.0,male,9,1.73,65.77,7.0,2.0,8
15.0,male,9,1.68,72.58,7.0,2.0,8
15.0,male,9,1.65,52.16,7.0,3.0,5
16.0,male,9,1.65,56.7,6.0,5.0,7
16.0,male,9,1.75,72.12,5.0,6.0,8
16.0,male,9,1.83,72.58,7.0,7.0,6
15.0,male,,1.7,48.54,7.0,4.0,7
14.0,male,9,1.75,70.31,2.0,6.0,
15.0,male,9,1.9,72.58,5.0,5.0,8
15.0,male,9,,,0.0,1.0,8
14.0,male,9,1.7,43.09,6.0,0.0,8
15.0,male,9,,,4.0,1.0,8
14.0,male,9,1.63,74.84,0.0,0.0,8
14.0,male,9,1.8,81.65,5.0,5.0,7
15.0,male,9,1.73,49.9,3.0,3.0,7
15.0,male,9,1.75,58.97,7.0,4.0,7
14.0,female,9,1.52,47.63,7.0,3.0,9
15.0,female,9,1.75,104.33,1.0,0.0,8
14.0,female,9,1.68,51.71,4.0,2.0,10+
15.0,female,9,1.52,47.17,5.0,5.0,8
15.0,female,9,1.52,43.55,1.0,2.0,7
15.0,female,9,1.57,51.71,7.0,7.0,9
16.0,female,10,1.7,74.84,7.0,0.0,5
15.0,female,9,1.55,48.99,7.0,4.0,8
15.0,female,9,1.63,56.25,5.0,7.0,6
15.0,female,9,1.6,54.89,3.0,4.0,10+
14.0,female,9,1.57,71.67,1.0,0.0,<5
15.0,female,9,1.57,56.7,2.0,5.0,6
15.0,female,9,1.73,58.97,4.0,4.0,8
14.0,female,9,1.68,54.89,2.0,3.0,10+
15.0,female,9,1.65,47.63,3.0,1.0,8
15.0,female,9,,,3.0,2.0,<5
15.0,male,9,1.75,66.68,4.0,0.0,8
15.0,male,9,1.75,77.11,7.0,6.0,7
15.0,male,9,,,0.0,0.0,<5
14.0,male,9,1.7,68.04,5.0,1.0,7
14.0,male,9,1.83,72.58,4.0,5.0,8
15.0,male,9,1.73,64.86,7.0,4.0,5
14.0,male,9,1.45,58.51,0.0,3.0,8
15.0,male,9,1.73,59.88,0.0,2.0,7
15.0,male,10,1.75,68.49,7.0,7.0,8
15.0,male,9,1.68,58.97,3.0,3.0,8
15.0,male,9,1.78,60.78,7.0,7.0,7
16.0,male,10,1.68,58.97,0.0,0.0,6
14.0,male,9,1.73,72.58,7.0,7.0,8
15.0,male,9,1.88,81.65,7.0,4.0,7
15.0,female,10,1.68,68.95,3.0,0.0,5
16.0,female,10,1.57,47.63,3.0,0.0,<5
15.0,female,10,1.65,61.24,0.0,0.0,6
17.0,male,10,1.88,81.65,3.0,0.0,7
16.0,male,10,,,0.0,0.0,6
16.0,male,10,1.65,54.43,7.0,7.0,8
15.0,male,10,1.83,63.5,6.0,0.0,8
16.0,male,10,1.75,65.77,6.0,3.0,9
15.0,male,10,1.68,80.29,3.0,7.0,6
15.0,male,10,1.6,89.81,4.0,2.0,7
18.0,male,12,1.8,68.95,7.0,3.0,8
16.0,male,10,1.73,80.29,3.0,0.0,8
16.0,male,10,1.75,52.16,7.0,1.0,7
16.0,male,10,1.8,86.18,4.0,6.0,8
18.0,male,12,1.7,59.88,4.0,4.0,7
18.0,male,12,1.78,106.6,7.0,7.0,5
18.0,male,12,1.78,81.65,4.0,1.0,5
18.0,male,12,1.8,77.57,7.0,0.0,7
18.0,male,12,1.75,66.68,5.0,6.0,6
18.0,male,12,1.73,77.11,4.0,0.0,7
18.0,male,12,1.73,69.4,7.0,7.0,7
18.0,male,12,1.78,85.73,3.0,3.0,6
17.0,female,12,1.6,47.17,2.0,1.0,7
17.0,female,12,1.63,62.14,2.0,0.0,6
18.0,female,12,1.6,104.33,5.0,0.0,<5
18.0,female,12,1.57,58.97,1.0,1.0,<5
18.0,female,12,1.78,68.04,1.0,0.0,8
17.0,female,12,1.5,49.9,1.0,1.0,8
17.0,female,12,1.6,63.5,7.0,7.0,7
17.0,female,12,1.6,44.45,4.0,0.0,6
18.0,female,12,1.57,61.24,0.0,0.0,<5
18.0,female,12,1.6,57.15,3.0,1.0,6
17.0,female,12,1.65,61.24,7.0,0.0,6
17.0,female,11,1.55,48.08,0.0,0.0,7
17.0,female,11,1.63,45.36,0.0,0.0,6
17.0,female,11,1.6,55.79,0.0,0.0,6
16.0,female,11,1.68,75.75,4.0,0.0,9
18.0,male,11,1.8,66.68,5.0,4.0,7
18.0,male,12,1.68,62.6,1.0,0.0,7
16.0,male,11,1.78,74.84,4.0,5.0,7
18.0,male,11,1.78,63.5,4.0,4.0,9
17.0,male,11,1.88,108.86,2.0,1.0,7
15.0,female,9,1.68,68.04,3.0,2.0,6
14.0,female,9,,,1.0,0.0,5
15.0,female,9,1.63,56.7,3.0,4.0,<5
14.0,male,9,1.78,70.31,3.0,3.0,6
16.0,male,9,1.78,77.11,1.0,0.0,8
15.0,female,9,,,0.0,0.0,7
18.0,female,12,1.47,43.09,5.0,4.0,8
16.0,male,9,1.65,63.5,1.0,6.0,<5
15.0,male,9,,,7.0,5.0,5
15.0,male,9,,,7.0,2.0,10+
14.0,male,9,1.52,44.91,0.0,0.0,8
15.0,male,9,1.83,83.46,2.0,3.0,5
16.0,male,9,1.7,76.66,4.0,0.0,7
14.0,male,9,,,6.0,0.0,6
15.0,male,10,,,5.0,1.0,9
15.0,male,10,1.65,75.3,6.0,2.0,7
16.0,male,10,1.52,45.36,0.0,0.0,
17.0,male,11,1.65,50.35,2.0,6.0,
17.0,male,11,1.88,90.27,6.0,0.0,<5
18.0,male,12,,,7.0,7.0,6
16.0,female,10,1.52,41.73,4.0,0.0,5
14.0,female,10,,,,,
15.0,female,10,1.55,52.16,0.0,0.0,6
16.0,female,10,1.52,53.07,,,
14.0,female,10,,,3.0,0.0,
16.0,female,11,,,3.0,0.0,6
17.0,female,11,1.7,52.16,0.0,0.0,<5
15.0,female,11,1.73,56.7,3.0,0.0,6
15.0,female,9,1.57,49.9,7.0,7.0,10+
18.0,male,12,,,1.0,0.0,8
15.0,male,9,1.65,67.59,4.0,7.0,
13.0,male,9,1.73,82.56,4.0,0.0,7
16.0,male,10,1.7,71.67,3.0,0.0,10+
17.0,male,11,1.88,90.72,6.0,1.0,8
15.0,female,10,1.63,53.07,0.0,0.0,<5
15.0,female,9,,,7.0,7.0,8
17.0,female,10,1.6,61.24,,,
17.0,female,11,1.52,49.9,5.0,2.0,8
17.0,female,12,1.52,57.15,2.0,0.0,7
14.0,female,9,1.57,53.98,0.0,3.0,7
18.0,male,12,1.6,72.58,7.0,7.0,7
16.0,male,11,1.7,72.58,,,
15.0,male,9,1.83,61.24,7.0,2.0,9
17.0,male,12,1.88,71.67,5.0,3.0,<5
17.0,male,11,1.65,90.72,1.0,0.0,5
17.0,male,11,1.73,64.41,4.0,7.0,5
18.0,male,12,1.73,81.65,1.0,1.0,6
18.0,female,12,1.5,55.79,3.0,3.0,7
15.0,female,10,1.6,55.79,,,
15.0,female,10,1.6,79.38,,,
15.0,female,9,1.7,58.97,0.0,1.0,7
16.0,female,10,1.65,52.62,4.0,2.0,6
18.0,female,12,1.52,54.43,0.0,0.0,5
17.0,female,11,1.65,56.7,7.0,7.0,9
17.0,female,11,1.63,47.63,0.0,0.0,7
18.0,female,12,1.57,58.06,7.0,2.0,6
17.0,female,9,1.55,66.68,1.0,1.0,
18.0,female,12,1.52,90.72,4.0,4.0,6
18.0,female,11,1.57,69.85,7.0,0.0,8
18.0,female,12,1.63,99.79,0.0,0.0,8
17.0,female,12,1.68,63.5,5.0,0.0,<5
16.0,female,11,1.6,50.35,0.0,0.0,6
18.0,female,12,,,0.0,0.0,7
16.0,female,10,1.32,49.9,3.0,3.0,6
17.0,female,12,1.5,54.43,0.0,0.0,5
18.0,male,12,1.73,74.84,5.0,7.0,7
18.0,male,12,1.75,106.6,2.0,0.0,<5
17.0,male,11,1.73,61.24,7.0,7.0,7
17.0,male,11,1.73,69.4,3.0,4.0,6
18.0,male,12,1.8,70.31,7.0,4.0,7
17.0,male,12,1.83,92.53,5.0,5.0,6
,male,12,,,7.0,4.0,10+
17.0,male,12,1.73,75.75,7.0,2.0,9
18.0,male,12,1.8,58.97,2.0,2.0,5
18.0,male,12,1.88,65.77,6.0,2.0,6
18.0,male,10,1.65,74.39,2.0,7.0,8
17.0,female,12,1.63,72.58,7.0,7.0,8
17.0,female,12,1.52,52.62,4.0,3.0,6
17.0,female,12,1.6,86.18,0.0,0.0,7
18.0,female,12,1.63,114.76,3.0,2.0,8
17.0,female,12,1.68,54.43,7.0,6.0,5
17.0,female,12,1.5,59.88,0.0,0.0,5
18.0,female,12,1.52,45.36,4.0,4.0,8
17.0,female,12,1.68,76.66,7.0,7.0,6
17.0,female,12,1.68,66.68,5.0,6.0,8
17.0,female,12,1.68,99.79,4.0,4.0,8
18.0,female,12,1.6,71.22,7.0,7.0,8
18.0,female,12,1.63,70.31,2.0,0.0,7
18.0,female,12,1.6,76.2,0.0,0.0,<5
18.0,female,12,1.6,77.11,3.0,2.0,8
17.0,female,12,1.55,70.31,2.0,7.0,5
17.0,female,12,1.5,41.28,6.0,0.0,8
17.0,female,12,1.52,51.71,0.0,1.0,6
18.0,female,12,1.63,53.07,1.0,0.0,8
18.0,female,12,1.68,88.0,5.0,0.0,8
17.0,female,12,1.55,49.44,6.0,6.0,6
18.0,female,12,1.65,56.7,1.0,0.0,7
18.0,female,12,1.55,77.11,7.0,7.0,7
17.0,male,12,1.8,64.41,6.0,6.0,7
18.0,male,12,1.83,77.11,0.0,0.0,8
18.0,male,12,1.7,60.33,1.0,2.0,7
17.0,male,12,1.85,102.06,7.0,7.0,8
17.0,male,12,1.68,51.26,0.0,0.0,7
17.0,male,12,1.68,62.6,0.0,0.0,5
18.0,male,12,1.83,88.0,5.0,5.0,7
18.0,male,12,1.73,64.41,6.0,6.0,8
18.0,male,12,1.75,99.79,7.0,7.0,7
17.0,male,12,1.7,65.32,3.0,0.0,7
15.0,female,9,1.6,46.27,5.0,0.0,8
15.0,female,9,1.63,56.7,1.0,1.0,7
15.0,female,9,1.63,60.33,4.0,4.0,8
14.0,female,9,1.65,54.43,5.0,2.0,7
15.0,female,9,,,5.0,0.0,6
15.0,female,9,1.47,54.43,2.0,1.0,7
15.0,female,9,1.57,51.71,2.0,2.0,10+
15.0,female,9,1.55,48.99,2.0,3.0,5
15.0,female,9,1.68,56.7,5.0,3.0,8
14.0,female,9,1.57,58.97,6.0,7.0,8
14.0,female,9,1.55,49.9,5.0,5.0,
14.0,female,9,1.57,40.82,,,5
14.0,female,9,1.65,45.81,5.0,6.0,7
16.0,female,9,1.63,57.61,3.0,3.0,6
14.0,female,9,1.57,44.45,4.0,7.0,7
15.0,male,9,1.63,59.88,1.0,7.0,
14.0,male,9,1.63,57.61,6.0,4.0,8
15.0,male,9,1.6,54.43,6.0,7.0,<5
14.0,male,9,1.65,70.76,4.0,4.0,6
15.0,male,9,1.68,98.43,6.0,5.0,9
15.0,male,9,1.73,59.42,,,7
14.0,male,9,1.78,105.69,,,8
14.0,male,9,1.55,60.33,7.0,7.0,8
14.0,male,9,1.5,44.0,7.0,7.0,
15.0,male,9,1.8,66.68,4.0,4.0,7
15.0,male,9,1.68,65.77,7.0,6.0,8
15.0,male,9,1.8,54.43,5.0,5.0,7
15.0,male,9,1.7,102.06,2.0,3.0,7
14.0,female,9,1.52,44.0,3.0,3.0,7
15.0,female,9,1.6,63.5,7.0,7.0,9
15.0,female,9,1.57,50.8,0.0,0.0,6
14.0,female,9,1.47,40.82,3.0,0.0,7
15.0,female,9,1.68,44.45,2.0,2.0,6
15.0,female,9,1.57,44.0,1.0,0.0,7
15.0,female,9,1.57,58.06,3.0,3.0,7
16.0,female,9,1.55,53.98,2.0,0.0,5
14.0,female,9,1.68,68.04,5.0,5.0,8
15.0,female,9,1.47,46.27,2.0,0.0,7
14.0,female,9,1.5,53.07,7.0,0.0,5
15.0,female,9,1.55,46.72,7.0,5.0,6
15.0,male,9,1.8,69.85,3.0,0.0,8
16.0,male,9,1.8,113.4,7.0,1.0,8
15.0,male,9,,,4.0,4.0,
15.0,male,9,,,7.0,0.0,8
15.0,male,9,,,5.0,7.0,8
14.0,male,9,,,4.0,1.0,8
14.0,male,9,1.65,66.23,0.0,0.0,6
16.0,male,9,1.7,68.04,7.0,3.0,7
15.0,male,9,1.75,63.5,7.0,0.0,7
16.0,male,9,,,5.0,5.0,8
14.0,male,9,1.57,111.13,2.0,3.0,7
14.0,male,9,1.63,52.16,5.0,5.0,8
15.0,male,9,1.78,49.44,3.0,3.0,6
14.0,male,9,1.6,62.6,7.0,6.0,7
15.0,male,9,1.65,63.05,2.0,3.0,
15.0,male,9,1.6,56.7,7.0,3.0,8
15.0,male,9,1.8,92.99,3.0,0.0,8
14.0,male,9,1.65,62.6,4.0,7.0,8
16.0,male,11,1.78,64.86,,,6
17.0,male,11,1.83,81.65,3.0,3.0,7
16.0,male,11,1.7,53.52,,,
16.0,male,11,1.73,74.84,0.0,0.0,
16.0,male,11,1.73,63.5,,,
17.0,male,11,1.75,67.13,,,
16.0,male,11,1.63,52.16,7.0,7.0,6
17.0,male,11,1.83,65.77,,,
17.0,male,11,,,7.0,7.0,
17.0,female,11,1.63,48.08,6.0,4.0,6
16.0,female,11,1.78,72.58,,,
17.0,female,11,1.63,57.15,0.0,0.0,6
17.0,female,11,1.65,47.63,,,
16.0,female,11,1.57,75.75,2.0,0.0,
16.0,female,11,1.63,62.14,,,
16.0,female,11,1.6,90.72,,,
16.0,female,11,1.57,44.45,,,
16.0,female,11,1.65,53.07,0.0,0.0,5
17.0,female,11,1.57,52.16,,,
17.0,female,11,1.55,54.43,,,
17.0,female,11,1.52,45.36,1.0,0.0,
17.0,female,11,1.65,64.41,4.0,3.0,
17.0,female,11,1.55,55.79,0.0,0.0,
17.0,female,11,1.55,49.9,2.0,0.0,6
17.0,female,11,1.63,58.97,6.0,3.0,
17.0,female,11,1.55,67.13,2.0,0.0,7
16.0,female,11,1.6,54.43,7.0,2.0,8
17.0,female,11,1.65,56.25,2.0,2.0,6
17.0,female,11,1.5,53.52,1.0,7.0,8
16.0,female,11,1.6,52.16,7.0,7.0,6
17.0,female,12,1.63,60.33,4.0,0.0,
17.0,female,11,,,7.0,3.0,
16.0,female,11,1.5,42.64,,,
16.0,female,10,1.6,72.58,,,7
16.0,female,10,1.63,56.25,7.0,0.0,
15.0,female,10,1.57,42.18,5.0,5.0,6
16.0,female,10,1.6,81.65,7.0,7.0,8
16.0,female,10,1.52,61.24,6.0,5.0,5
15.0,female,10,1.6,47.63,7.0,5.0,6
16.0,female,10,1.68,59.42,5.0,0.0,7
15.0,female,10,1.65,59.88,5.0,0.0,6
17.0,female,10,1.63,65.77,7.0,7.0,6
16.0,female,10,1.52,52.16,5.0,4.0,7
16.0,female,10,1.57,53.07,7.0,3.0,<5
15.0,female,10,1.63,62.14,7.0,0.0,5
15.0,female,10,1.55,44.91,3.0,2.0,10+
15.0,female,10,,,3.0,0.0,<5
15.0,female,10,1.52,45.81,7.0,5.0,7
15.0,female,10,1.5,46.27,7.0,6.0,5
17.0,male,10,1.68,58.97,7.0,5.0,8
16.0,male,10,,,6.0,0.0,10+
15.0,male,10,1.7,59.88,0.0,0.0,8
15.0,male,10,1.83,65.77,6.0,2.0,7
16.0,male,10,1.78,72.58,5.0,4.0,7
16.0,male,10,1.63,58.97,7.0,7.0,6
16.0,male,10,1.52,44.91,0.0,0.0,8
15.0,male,10,1.68,77.11,7.0,7.0,7
16.0,male,10,1.73,100.25,5.0,5.0,7
16.0,male,10,1.78,86.18,3.0,7.0,7
15.0,male,10,1.73,99.79,2.0,1.0,5
16.0,male,10,,,7.0,7.0,8
15.0,male,10,1.83,68.04,7.0,7.0,7
16.0,male,10,1.88,83.01,7.0,7.0,8
16.0,male,11,1.73,52.16,,,
17.0,female,12,1.57,63.5,0.0,5.0,6
18.0,female,12,1.57,74.84,6.0,5.0,6
17.0,female,11,1.52,39.46,3.0,1.0,<5
17.0,female,12,1.65,85.28,0.0,0.0,7
17.0,female,12,1.63,81.65,7.0,7.0,7
17.0,male,12,1.88,63.5,0.0,2.0,8
18.0,male,12,1.7,74.84,5.0,5.0,6
18.0,male,12,1.78,88.0,6.0,7.0,
17.0,male,12,,,1.0,1.0,8
17.0,male,12,1.7,61.24,1.0,1.0,7
18.0,male,12,1.63,79.38,,,
18.0,male,12,1.75,88.91,7.0,4.0,5
18.0,male,12,1.75,74.39,0.0,0.0,6
18.0,male,12,,,7.0,7.0,8
18.0,male,12,1.73,68.95,5.0,1.0,5
17.0,male,12,1.83,111.13,5.0,5.0,8
17.0,male,12,1.85,99.34,5.0,4.0,7
18.0,male,12,1.73,72.58,6.0,0.0,8
18.0,male,12,1.7,97.07,5.0,1.0,
17.0,female,11,1.57,72.58,2.0,1.0,
17.0,female,11,1.57,58.97,0.0,0.0,9
17.0,female,11,1.52,53.52,4.0,3.0,5
17.0,female,11,1.52,57.15,5.0,0.0,6
16.0,female,11,1.68,58.97,2.0,1.0,9
18.0,female,11,1.57,52.16,0.0,0.0,<5
16.0,female,11,1.6,52.16,1.0,0.0,9
17.0,female,11,1.57,58.97,7.0,7.0,7
16.0,female,11,1.52,54.43,0.0,0.0,5
17.0,female,11,1.6,59.88,4.0,0.0,7
17.0,female,11,1.5,66.23,2.0,0.0,8
17.0,male,11,1.83,92.99,7.0,7.0,10+
17.0,male,11,1.7,87.54,7.0,7.0,6
17.0,male,11,,,3.0,3.0,8
17.0,male,11,1.78,60.78,5.0,1.0,6
16.0,male,11,1.73,75.75,5.0,3.0,7
16.0,male,11,1.65,50.35,4.0,0.0,6
16.0,male,11,,,7.0,0.0,<5
16.0,male,11,1.83,81.65,7.0,7.0,6
18.0,male,11,1.78,62.6,0.0,0.0,9
16.0,male,11,1.7,99.79,5.0,2.0,8
16.0,male,11,1.7,58.97,2.0,7.0,9
16.0,male,11,1.7,61.69,4.0,3.0,7
17.0,male,11,1.68,67.59,7.0,7.0,7
17.0,male,11,1.75,75.3,3.0,0.0,8
16.0,male,11,1.68,58.97,7.0,3.0,<5
16.0,female,10,1.6,68.04,,,
15.0,female,10,1.6,58.97,,,
16.0,female,10,1.6,63.05,,,
15.0,female,10,1.7,59.88,,,
15.0,female,10,1.7,67.13,4.0,1.0,7
16.0,female,10,1.63,56.7,1.0,1.0,8
16.0,female,10,1.78,88.45,1.0,3.0,10+
15.0,female,10,1.68,77.11,1.0,0.0,6
15.0,female,10,1.57,49.9,5.0,2.0,5
15.0,female,10,1.75,114.76,5.0,3.0,7
15.0,female,10,1.63,42.18,0.0,7.0,7
15.0,female,10,1.57,58.97,5.0,3.0,9
16.0,female,10,1.68,78.93,5.0,0.0,7
16.0,female,10,1.63,48.54,5.0,0.0,7
15.0,female,10,1.68,77.11,0.0,0.0,8
15.0,male,10,1.7,56.25,6.0,7.0,5
16.0,male,10,1.75,64.86,,,
15.0,male,10,1.7,60.78,7.0,7.0,7
16.0,male,10,1.63,60.78,,3.0,7
16.0,male,10,1.73,78.02,4.0,5.0,6
15.0,male,10,1.8,77.11,3.0,3.0,8
16.0,male,10,1.75,58.97,1.0,1.0,5
16.0,male,10,1.7,74.84,7.0,0.0,8
16.0,male,10,1.68,65.77,7.0,7.0,8
16.0,male,10,1.65,57.15,7.0,4.0,7
16.0,male,10,1.8,70.31,3.0,2.0,9
16.0,male,10,1.78,69.4,7.0,0.0,6
14.0,male,9,1.78,56.7,7.0,2.0,6
14.0,male,9,1.57,43.09,7.0,7.0,7
15.0,male,9,1.78,68.04,7.0,4.0,8
15.0,male,9,1.68,48.54,7.0,3.0,7
15.0,male,9,1.7,72.58,6.0,2.0,7
14.0,male,9,1.63,49.9,7.0,7.0,7
14.0,male,9,1.6,62.6,5.0,4.0,9
14.0,male,9,1.75,70.31,7.0,3.0,7
15.0,female,9,1.5,53.98,7.0,2.0,9
15.0,female,9,1.6,50.8,2.0,2.0,9
15.0,female,10,1.65,81.65,5.0,2.0,6
14.0,female,9,1.7,68.04,5.0,2.0,6
15.0,female,9,1.68,41.73,7.0,5.0,7
15.0,female,9,1.73,63.5,2.0,4.0,7
15.0,female,9,1.68,88.45,2.0,1.0,8
15.0,female,9,1.57,49.9,7.0,3.0,6
14.0,female,9,,,7.0,0.0,8
15.0,female,9,,,7.0,3.0,8
14.0,female,9,1.68,56.7,7.0,0.0,<5
15.0,female,9,1.6,78.02,4.0,0.0,8
15.0,female,9,1.7,59.42,7.0,3.0,7
15.0,female,9,1.7,44.0,2.0,1.0,8
14.0,female,9,1.57,48.99,7.0,0.0,9
18.0,male,11,1.8,146.97,7.0,7.0,10+
17.0,male,11,1.7,52.16,5.0,5.0,8
17.0,male,11,1.8,63.5,7.0,7.0,6
16.0,male,11,1.78,58.51,0.0,0.0,7
17.0,male,11,1.73,70.31,4.0,0.0,6
17.0,male,11,1.8,81.65,4.0,3.0,5
17.0,male,11,1.83,123.83,2.0,0.0,6
16.0,male,11,1.93,104.33,0.0,0.0,7
17.0,male,11,1.75,99.79,0.0,0.0,<5
17.0,male,11,1.8,73.48,7.0,7.0,8
16.0,male,11,1.78,70.31,7.0,7.0,8
16.0,female,11,1.63,49.9,7.0,7.0,5
17.0,female,11,1.65,52.16,7.0,5.0,7
16.0,female,11,1.73,67.13,3.0,3.0,7
17.0,female,11,1.68,63.5,4.0,2.0,8
16.0,female,11,1.63,72.58,7.0,7.0,9
17.0,female,11,1.68,74.84,1.0,0.0,7
17.0,female,11,1.52,61.24,2.0,0.0,6
16.0,female,11,1.57,51.71,5.0,2.0,7
17.0,female,11,1.65,58.97,6.0,6.0,8
16.0,female,11,1.7,63.5,1.0,0.0,9
16.0,female,11,1.63,54.43,5.0,3.0,7
17.0,female,11,1.68,47.17,1.0,0.0,7
17.0,female,11,1.83,77.11,5.0,2.0,7
17.0,female,11,1.63,56.7,7.0,7.0,6
18.0,female,12,1.63,50.35,7.0,7.0,7
16.0,female,11,1.7,45.36,0.0,0.0,8
17.0,male,12,1.8,85.28,7.0,7.0,6
18.0,male,12,1.8,66.23,7.0,5.0,5
18.0,male,12,1.78,68.04,2.0,2.0,8
18.0,male,12,1.73,68.04,3.0,1.0,6
18.0,male,12,1.83,68.04,7.0,7.0,6
17.0,male,12,1.83,86.18,7.0,5.0,7
18.0,male,12,1.75,81.65,6.0,4.0,8
17.0,male,12,1.8,82.56,3.0,2.0,7
18.0,male,12,1.8,129.28,3.0,0.0,8
17.0,male,12,1.78,70.31,4.0,4.0,7
17.0,male,12,1.83,79.38,7.0,7.0,5
17.0,male,12,1.7,65.77,7.0,7.0,8
17.0,male,12,1.73,113.4,3.0,1.0,5
18.0,female,12,1.6,44.45,7.0,3.0,7
18.0,female,12,1.55,58.97,0.0,0.0,6
17.0,female,12,1.55,63.5,2.0,0.0,6
17.0,female,12,1.6,58.97,7.0,7.0,8
18.0,female,12,1.63,61.69,3.0,0.0,7
18.0,female,12,1.68,49.9,0.0,0.0,5
18.0,female,12,1.57,83.92,3.0,1.0,7
18.0,female,12,1.7,49.9,5.0,0.0,7
17.0,female,12,1.55,61.24,1.0,1.0,5
17.0,female,12,1.75,61.24,3.0,2.0,<5
18.0,female,12,1.57,58.51,7.0,7.0,7
17.0,female,12,1.68,56.7,3.0,0.0,6
18.0,female,12,1.68,90.72,2.0,2.0,8
18.0,female,12,1.68,58.97,0.0,0.0,6
17.0,female,12,1.5,44.0,6.0,0.0,8
18.0,female,12,1.6,61.24,4.0,3.0,7
17.0,female,12,1.73,58.97,4.0,1.0,8
17.0,female,12,1.7,81.65,7.0,3.0,8
17.0,male,12,1.75,49.9,0.0,0.0,6
18.0,female,12,1.68,58.06,7.0,0.0,9
18.0,male,12,1.8,68.95,1.0,1.0,6
16.0,male,10,1.7,68.95,7.0,7.0,8
16.0,male,10,1.75,67.13,4.0,3.0,5
16.0,male,10,1.83,63.5,7.0,7.0,8
16.0,male,10,1.75,65.77,7.0,7.0,7
16.0,male,10,1.85,67.13,3.0,4.0,6
15.0,male,10,1.75,50.8,5.0,2.0,7
16.0,male,10,1.78,59.88,0.0,0.0,5
16.0,female,10,1.65,63.5,0.0,2.0,5
15.0,female,10,1.55,52.16,1.0,0.0,9
16.0,female,10,1.63,49.9,6.0,7.0,6
16.0,female,10,1.73,61.24,3.0,3.0,8
15.0,female,10,1.6,48.99,5.0,5.0,7
15.0,female,10,1.68,54.43,7.0,7.0,10+
15.0,female,10,1.63,48.54,0.0,0.0,7
15.0,female,10,1.7,49.9,5.0,5.0,9
15.0,female,10,1.7,70.31,4.0,4.0,7
15.0,female,10,1.57,47.63,5.0,1.0,5
15.0,female,10,1.57,54.43,0.0,1.0,7
16.0,female,10,1.6,45.81,6.0,6.0,8
16.0,female,10,1.6,49.9,6.0,6.0,8
16.0,female,10,1.73,55.34,5.0,0.0,8
15.0,female,10,1.65,72.58,6.0,2.0,6
17.0,female,11,1.65,53.98,7.0,7.0,7
16.0,female,10,1.68,64.41,7.0,7.0,8
16.0,female,10,1.63,58.06,7.0,7.0,6
16.0,female,10,1.7,61.24,7.0,5.0,8
16.0,female,10,1.78,57.61,0.0,0.0,6
15.0,female,10,1.7,69.4,2.0,0.0,7
16.0,female,10,1.73,89.81,4.0,4.0,7
15.0,female,10,1.78,90.72,7.0,0.0,7
15.0,female,10,1.68,68.04,3.0,3.0,5
16.0,female,10,1.75,68.04,7.0,7.0,6
17.0,female,12,1.73,67.13,4.0,0.0,7
17.0,female,11,1.6,56.7,1.0,0.0,6
18.0,female,12,1.57,65.77,5.0,5.0,8
16.0,female,12,1.75,57.61,3.0,2.0,8
17.0,female,11,1.75,93.9,0.0,0.0,6
16.0,female,11,1.65,54.43,5.0,2.0,6
17.0,female,12,1.7,63.5,4.0,2.0,5
17.0,female,11,1.7,77.11,4.0,3.0,6
18.0,female,12,1.65,54.43,0.0,0.0,7
17.0,male,12,1.85,74.84,7.0,3.0,8
17.0,male,11,1.8,63.5,6.0,0.0,6
17.0,male,12,1.8,60.33,4.0,7.0,7
18.0,male,12,1.75,88.45,7.0,4.0,6
17.0,male,11,1.78,113.4,2.0,0.0,<5
16.0,male,11,1.75,68.04,2.0,0.0,6
17.0,male,12,1.8,88.45,0.0,0.0,5
18.0,male,12,1.7,58.97,0.0,0.0,5
17.0,male,11,1.73,69.4,5.0,5.0,5
17.0,male,11,1.75,86.18,4.0,4.0,5
17.0,male,11,1.78,58.97,0.0,0.0,5
17.0,male,11,1.85,93.44,6.0,6.0,8
16.0,male,11,1.88,81.65,7.0,7.0,7
16.0,male,11,1.9,76.2,7.0,0.0,<5
18.0,male,12,1.73,63.5,4.0,6.0,8
16.0,male,11,1.73,58.97,3.0,2.0,7
18.0,male,11,1.83,58.06,7.0,7.0,6
18.0,female,12,1.63,61.69,4.0,4.0,6
17.0,female,11,1.63,77.11,2.0,1.0,7
17.0,female,11,1.57,74.84,4.0,5.0,8
17.0,female,11,1.65,74.84,3.0,3.0,7
16.0,female,11,1.57,58.97,1.0,0.0,8
17.0,female,11,1.47,43.09,1.0,0.0,7
18.0,female,12,1.55,56.7,3.0,3.0,6
17.0,female,12,1.6,48.54,1.0,1.0,6
18.0,female,12,1.63,59.88,3.0,0.0,7
17.0,female,12,1.6,48.54,2.0,1.0,7
17.0,female,12,1.78,72.58,4.0,4.0,5
18.0,female,12,1.63,61.24,7.0,7.0,<5
17.0,male,12,1.9,129.28,5.0,3.0,7
18.0,male,12,1.75,68.04,0.0,7.0,5
17.0,male,12,1.83,74.84,5.0,0.0,7
18.0,male,12,1.88,68.04,0.0,0.0,5
14.0,female,9,1.6,63.05,5.0,5.0,5
15.0,female,9,1.45,41.73,7.0,4.0,<5
15.0,female,9,1.55,46.72,5.0,0.0,8
15.0,male,9,,,2.0,1.0,5
13.0,male,9,,,7.0,7.0,10+
15.0,male,9,,,7.0,3.0,7
15.0,male,9,1.75,56.25,7.0,5.0,5
15.0,male,9,1.7,86.18,4.0,2.0,8
14.0,male,9,1.73,81.65,7.0,7.0,8
15.0,male,9,1.65,66.23,6.0,3.0,7
14.0,male,9,1.63,52.16,5.0,5.0,9
14.0,male,9,1.75,55.34,3.0,7.0,7
15.0,male,9,1.73,74.84,4.0,1.0,5
15.0,male,9,1.78,58.97,,,
15.0,female,9,1.63,54.43,0.0,4.0,7
17.0,female,11,1.57,61.24,5.0,2.0,8
16.0,female,11,,,1.0,1.0,5
17.0,female,11,1.73,64.86,2.0,2.0,7
16.0,female,11,1.57,49.9,0.0,4.0,6
17.0,female,11,1.6,65.77,5.0,5.0,8
16.0,female,11,1.68,98.88,5.0,1.0,6
17.0,male,11,1.75,77.11,6.0,5.0,7
16.0,male,11,1.63,58.97,5.0,5.0,6
16.0,male,11,1.7,56.7,6.0,0.0,7
17.0,male,11,1.75,55.34,2.0,1.0,6
16.0,male,11,1.7,50.8,7.0,7.0,9
16.0,male,11,1.7,70.31,7.0,6.0,8
17.0,male,11,1.73,103.42,5.0,3.0,5
17.0,male,11,1.65,136.08,6.0,6.0,7
16.0,male,11,1.78,68.04,2.0,0.0,8
16.0,male,11,,,,,<5
17.0,male,11,1.78,84.82,7.0,7.0,6
16.0,male,11,1.73,59.88,7.0,7.0,8
17.0,male,11,1.6,51.71,7.0,7.0,7
17.0,male,11,,,1.0,2.0,5
16.0,male,11,,,2.0,2.0,6
16.0,male,11,1.75,72.58,,,
16.0,male,11,1.8,70.76,,,
16.0,male,11,1.75,57.61,,,
16.0,male,11,1.68,60.33,,,
18.0,male,12,1.88,81.65,,,
17.0,male,12,1.75,90.72,4.0,0.0,7
17.0,male,12,1.73,77.57,5.0,5.0,<5
17.0,male,12,1.65,63.5,0.0,0.0,<5
18.0,male,12,1.88,82.56,7.0,7.0,7
17.0,male,12,1.75,73.94,7.0,4.0,7
17.0,male,12,1.85,75.3,0.0,3.0,6
17.0,female,12,1.68,54.43,5.0,1.0,7
18.0,male,12,1.78,68.04,7.0,2.0,5
17.0,female,12,1.55,53.07,2.0,0.0,5
18.0,female,12,1.6,56.7,0.0,1.0,5
18.0,male,12,1.78,57.61,5.0,3.0,7
17.0,male,12,1.8,73.94,4.0,3.0,<5
17.0,female,12,1.52,47.63,3.0,3.0,6
17.0,male,12,1.45,54.43,1.0,0.0,7
17.0,female,12,1.63,65.77,5.0,0.0,5
17.0,male,12,1.75,92.99,4.0,7.0,7
17.0,female,12,1.65,45.36,7.0,0.0,9
18.0,male,12,1.7,95.26,4.0,1.0,6
17.0,male,12,1.75,80.29,1.0,0.0,6
17.0,male,12,1.7,72.58,5.0,3.0,<5
18.0,female,12,1.65,62.6,7.0,5.0,9
18.0,female,12,1.57,62.6,4.0,2.0,6
18.0,female,12,1.68,99.79,3.0,0.0,7
16.0,female,12,1.6,90.72,2.0,0.0,7
18.0,male,12,1.65,65.77,7.0,7.0,6
17.0,male,12,1.8,65.77,0.0,2.0,<5
17.0,male,12,1.78,64.41,2.0,3.0,<5
17.0,male,12,1.7,68.04,7.0,4.0,8
17.0,male,12,1.75,74.84,0.0,0.0,5
18.0,male,12,1.78,70.31,7.0,7.0,7
17.0,male,12,1.85,72.58,7.0,4.0,7
17.0,male,12,1.73,90.27,4.0,4.0,7
17.0,male,12,1.73,70.31,7.0,7.0,8
18.0,male,12,1.83,68.95,4.0,5.0,9
18.0,male,12,1.9,77.11,5.0,7.0,
17.0,male,12,1.7,65.77,7.0,0.0,
18.0,male,12,1.78,95.26,2.0,2.0,7
17.0,male,12,1.83,90.72,7.0,7.0,8
17.0,male,12,1.73,63.5,7.0,0.0,7
17.0,male,12,1.7,69.4,7.0,7.0,9
17.0,male,12,1.73,78.93,0.0,1.0,6
17.0,male,12,1.73,65.77,5.0,4.0,9
17.0,male,12,1.78,72.12,7.0,5.0,9
18.0,male,12,1.75,68.04,5.0,2.0,5
18.0,male,12,1.78,113.4,3.0,0.0,8
17.0,female,12,1.63,49.9,7.0,0.0,6
18.0,female,12,1.68,74.84,1.0,0.0,5
17.0,female,12,,,2.0,5.0,6
17.0,female,12,1.52,55.34,0.0,0.0,8
18.0,female,12,1.63,54.43,2.0,1.0,6
18.0,female,12,1.73,65.77,5.0,1.0,7
18.0,female,12,1.63,54.89,4.0,0.0,8
18.0,female,12,1.57,68.95,4.0,1.0,5
18.0,female,12,1.7,74.84,7.0,2.0,<5
17.0,female,12,1.6,68.04,2.0,1.0,6
18.0,female,12,1.52,47.63,4.0,1.0,7
17.0,female,11,1.57,89.81,3.0,0.0,<5
18.0,male,11,,,6.0,0.0,
18.0,male,12,1.75,81.65,7.0,7.0,7
17.0,male,12,1.8,84.37,5.0,7.0,7
18.0,male,12,1.7,83.01,7.0,7.0,10+
18.0,male,12,1.98,66.23,6.0,5.0,7
17.0,male,11,1.7,74.84,4.0,0.0,8
17.0,male,11,1.65,51.26,7.0,0.0,6
16.0,male,11,1.73,85.28,2.0,0.0,7
16.0,male,11,1.8,77.11,5.0,5.0,8
16.0,male,11,1.7,79.38,6.0,,7
16.0,male,10,1.85,72.58,7.0,5.0,5
17.0,male,12,1.8,70.31,7.0,5.0,5
16.0,male,11,1.68,61.24,3.0,3.0,6
16.0,male,10,1.73,58.51,2.0,0.0,6
17.0,male,11,1.57,53.98,0.0,1.0,<5
18.0,male,12,1.8,111.59,4.0,3.0,6
15.0,female,10,1.75,62.14,2.0,2.0,7
18.0,female,12,1.55,46.27,5.0,3.0,<5
17.0,female,11,1.52,58.06,3.0,2.0,<5
16.0,female,11,1.52,53.98,3.0,0.0,7
18.0,female,12,1.55,63.5,0.0,0.0,5
17.0,female,11,1.68,56.7,5.0,0.0,7
17.0,female,11,1.57,72.58,4.0,3.0,7
17.0,female,11,1.68,53.52,2.0,2.0,8
17.0,female,11,1.6,48.54,3.0,0.0,6
17.0,male,11,1.78,63.5,1.0,1.0,7
16.0,male,11,1.85,92.99,7.0,2.0,6
17.0,female,11,,,7.0,3.0,8
18.0,male,12,,,7.0,2.0,8
18.0,male,12,1.78,85.73,2.0,7.0,5
18.0,male,12,1.65,54.43,6.0,7.0,8
17.0,male,11,1.65,61.24,5.0,0.0,7
16.0,male,11,1.83,90.72,5.0,7.0,9
17.0,male,11,1.75,74.84,1.0,2.0,<5
17.0,male,11,1.83,126.55,4.0,0.0,7
17.0,male,12,1.63,72.58,4.0,3.0,6
18.0,male,11,1.6,59.88,3.0,7.0,10+
16.0,male,11,1.8,77.11,5.0,5.0,10+
17.0,male,11,1.83,95.26,6.0,1.0,6
18.0,male,11,1.78,70.76,3.0,3.0,8
16.0,male,11,1.85,95.26,4.0,0.0,
16.0,male,11,1.68,79.38,1.0,1.0,
16.0,male,11,1.65,81.65,4.0,0.0,7
17.0,female,11,1.65,69.85,0.0,0.0,6
17.0,female,11,1.68,56.7,5.0,0.0,7
16.0,male,11,1.78,69.85,7.0,7.0,<5
16.0,female,11,1.63,51.71,2.0,1.0,7
18.0,male,11,1.75,63.5,5.0,3.0,5
17.0,male,11,1.73,82.1,2.0,1.0,7
16.0,male,10,1.78,51.26,4.0,1.0,<5
17.0,male,11,1.78,56.7,2.0,4.0,8
15.0,male,11,1.68,56.7,5.0,3.0,9
17.0,male,11,1.75,72.58,7.0,7.0,8
17.0,male,11,1.68,74.84,6.0,7.0,7
17.0,male,11,1.75,94.35,7.0,7.0,<5
16.0,male,11,1.75,72.12,,,
17.0,female,,1.68,65.77,1.0,2.0,9
16.0,female,11,1.6,84.37,7.0,4.0,6
17.0,female,12,1.6,58.97,0.0,0.0,8
17.0,female,11,1.7,79.38,4.0,4.0,6
16.0,female,11,1.65,58.51,1.0,0.0,8
17.0,female,11,1.6,89.81,0.0,6.0,6
17.0,female,11,1.6,60.33,2.0,2.0,5
18.0,female,11,1.63,49.9,1.0,5.0,7
17.0,female,11,,,2.0,1.0,8
,male,,,,1.0,1.0,<5
14.0,male,9,,,7.0,7.0,8
15.0,male,9,1.7,55.34,7.0,7.0,5
14.0,female,9,1.57,79.38,,,
16.0,female,9,1.65,54.89,7.0,3.0,8
15.0,male,9,,,7.0,7.0,8
14.0,male,9,1.7,49.9,4.0,0.0,7
14.0,male,,1.6,56.7,4.0,4.0,8
14.0,male,9,1.57,46.27,3.0,4.0,8
14.0,male,9,,,,,
14.0,male,9,1.78,66.23,7.0,7.0,9
15.0,male,9,1.68,52.16,7.0,7.0,5
16.0,female,9,1.63,62.6,0.0,3.0,10+
14.0,female,9,1.68,56.25,1.0,0.0,5
14.0,female,9,1.68,55.34,6.0,6.0,8
17.0,female,9,,,0.0,2.0,5
14.0,male,9,1.78,81.65,0.0,0.0,7
16.0,male,9,,,0.0,3.0,7
15.0,female,9,1.7,70.31,7.0,7.0,<5
14.0,female,9,1.6,64.86,5.0,,
14.0,female,9,1.5,54.43,0.0,4.0,9
17.0,male,11,1.8,77.11,3.0,3.0,8
16.0,male,11,1.75,61.24,0.0,0.0,5
17.0,male,11,1.9,113.4,6.0,5.0,6
16.0,male,11,1.85,95.71,7.0,7.0,7
17.0,male,11,1.7,90.72,7.0,5.0,5
17.0,male,11,1.73,73.48,0.0,0.0,5
17.0,male,11,1.78,77.11,5.0,5.0,8
16.0,female,11,1.55,68.04,4.0,1.0,8
17.0,female,11,1.47,46.72,1.0,2.0,<5
17.0,female,11,1.68,71.22,5.0,0.0,6
17.0,female,11,1.6,81.65,6.0,6.0,5
16.0,female,11,1.57,53.07,4.0,4.0,8
17.0,female,11,1.83,77.11,0.0,5.0,8
16.0,female,11,1.57,56.7,7.0,7.0,6
17.0,female,11,1.65,66.23,5.0,0.0,5
17.0,female,11,1.57,50.8,5.0,0.0,7
17.0,female,11,1.55,58.97,2.0,0.0,5
17.0,female,11,,,0.0,0.0,8
17.0,female,11,1.55,48.54,7.0,7.0,6
16.0,female,10,1.5,56.7,7.0,7.0,6
16.0,female,10,1.57,60.78,3.0,3.0,7
16.0,female,10,1.57,96.62,7.0,0.0,8
15.0,female,10,1.55,45.36,0.0,0.0,5
16.0,female,10,1.6,55.79,7.0,0.0,6
15.0,male,10,1.93,128.82,0.0,0.0,<5
15.0,male,10,1.65,78.02,0.0,1.0,<5
12.0,male,10,1.75,65.77,7.0,0.0,10+
15.0,male,10,1.78,59.42,1.0,0.0,<5
16.0,male,10,1.83,93.9,0.0,6.0,<5
15.0,male,10,1.88,113.4,2.0,2.0,6
16.0,male,10,1.5,40.82,7.0,3.0,8
16.0,male,10,1.8,81.19,7.0,5.0,10+
15.0,male,10,,,2.0,1.0,5
17.0,male,10,1.83,61.24,7.0,7.0,7
16.0,male,10,1.75,75.75,7.0,4.0,8
15.0,male,9,1.75,52.16,0.0,0.0,6
15.0,male,9,1.73,63.5,,,8
17.0,male,11,1.75,58.97,,,6
15.0,male,9,1.75,68.04,4.0,3.0,7
17.0,male,11,1.83,61.24,0.0,0.0,10+
15.0,male,9,1.7,51.71,7.0,7.0,6
15.0,male,9,1.73,49.44,5.0,5.0,7
12.0,male,12,1.7,54.89,2.0,1.0,<5
12.0,male,11,,,,,8
15.0,male,9,1.98,74.39,0.0,0.0,8
14.0,female,9,1.55,59.42,1.0,0.0,8
15.0,female,9,1.78,49.44,6.0,6.0,5
16.0,female,9,1.55,48.54,4.0,7.0,9
15.0,female,9,1.57,50.35,,2.0,<5
15.0,female,9,1.57,49.9,2.0,,
15.0,female,9,1.7,63.96,2.0,0.0,5
15.0,female,9,1.63,58.97,2.0,3.0,<5
16.0,female,9,1.68,77.11,2.0,3.0,7
15.0,female,9,1.6,58.51,,2.0,<5
16.0,female,9,,,,,
18.0,male,12,1.78,86.18,5.0,5.0,6
18.0,female,12,1.63,81.65,0.0,0.0,7
18.0,female,12,1.7,53.52,7.0,4.0,<5
18.0,male,12,1.73,57.61,5.0,5.0,7
18.0,male,12,1.73,102.06,4.0,4.0,6
18.0,female,12,1.65,68.04,5.0,3.0,7
18.0,female,12,1.7,86.18,2.0,0.0,7
17.0,female,12,1.55,56.7,6.0,1.0,7
18.0,female,12,1.78,79.38,7.0,4.0,8
18.0,female,12,1.65,68.04,5.0,6.0,5
16.0,female,10,1.52,58.97,3.0,6.0,6
16.0,female,10,1.57,52.16,5.0,5.0,<5
15.0,female,10,1.5,44.45,7.0,7.0,5
16.0,female,10,1.65,61.24,4.0,3.0,7
18.0,female,12,1.55,44.91,0.0,0.0,7
16.0,male,10,1.83,52.16,2.0,7.0,5
18.0,male,12,1.73,67.13,4.0,3.0,8
18.0,male,12,1.73,68.04,5.0,7.0,5
18.0,male,12,1.73,59.88,5.0,2.0,7
16.0,male,10,1.7,50.8,7.0,5.0,6
16.0,female,10,1.6,59.88,4.0,3.0,6
17.0,female,11,,,0.0,0.0,7
17.0,female,11,1.52,44.45,2.0,3.0,6
16.0,female,10,1.55,63.5,3.0,3.0,6
18.0,female,12,,,7.0,0.0,<5
16.0,female,10,1.57,54.43,7.0,4.0,<5
18.0,female,12,1.65,117.94,1.0,0.0,6
12.0,female,9,,,4.0,7.0,6
18.0,female,12,1.68,54.43,5.0,2.0,5
18.0,female,11,,,5.0,2.0,9
16.0,female,11,,,3.0,0.0,6
18.0,male,12,1.65,62.14,3.0,1.0,5
16.0,male,10,1.7,91.17,7.0,0.0,8
18.0,male,12,1.65,59.88,0.0,0.0,<5
17.0,male,11,1.8,86.18,3.0,0.0,7
16.0,male,11,1.73,79.38,5.0,0.0,9
18.0,male,12,1.65,57.61,0.0,0.0,5
18.0,male,12,1.65,72.58,7.0,7.0,<5
16.0,male,10,,,6.0,6.0,8
17.0,male,11,1.68,60.33,3.0,3.0,9
17.0,male,11,1.75,102.06,7.0,3.0,7
16.0,male,10,1.73,66.68,7.0,7.0,8
17.0,male,other,1.68,55.34,5.0,0.0,6
17.0,male,10,1.68,61.24,7.0,4.0,8
17.0,male,10,1.88,156.95,7.0,3.0,8
17.0,male,11,1.65,48.99,7.0,7.0,8
15.0,female,9,1.57,73.48,5.0,1.0,7
15.0,female,9,1.68,58.97,7.0,4.0,6
14.0,female,9,1.6,57.15,2.0,1.0,7
16.0,female,11,1.57,60.78,5.0,5.0,6
15.0,female,9,1.7,61.69,4.0,1.0,7
14.0,female,9,1.65,44.91,5.0,3.0,9
14.0,female,9,1.68,58.97,5.0,3.0,6
16.0,female,10,1.68,56.7,1.0,3.0,5
16.0,female,10,1.63,68.04,1.0,0.0,5
15.0,female,9,,,3.0,0.0,8
15.0,female,9,1.55,59.88,3.0,3.0,7
17.0,female,11,1.55,51.26,4.0,2.0,6
14.0,female,9,1.55,58.97,0.0,7.0,7
15.0,female,9,1.47,58.97,5.0,2.0,6
17.0,male,10,1.7,62.14,3.0,3.0,<5
16.0,male,9,1.88,110.22,4.0,4.0,7
15.0,male,9,1.8,66.68,3.0,3.0,8
15.0,male,9,1.7,61.69,4.0,6.0,7
15.0,male,9,1.65,59.42,7.0,4.0,8
18.0,male,12,1.73,64.86,5.0,5.0,6
16.0,male,11,1.8,68.04,7.0,7.0,7
15.0,male,9,1.73,58.97,5.0,0.0,7
17.0,male,11,1.83,77.11,0.0,0.0,10+
15.0,male,9,1.83,68.04,7.0,0.0,9
15.0,male,9,1.73,77.11,3.0,2.0,6
15.0,male,9,1.83,53.52,7.0,0.0,8
17.0,male,11,1.8,97.98,6.0,1.0,6
14.0,male,9,1.6,39.46,3.0,2.0,5
14.0,male,9,1.7,54.43,7.0,4.0,7
17.0,female,11,1.68,44.91,1.0,0.0,6
16.0,female,11,1.96,81.65,3.0,3.0,8
17.0,female,11,1.6,54.43,7.0,7.0,10+
18.0,female,12,1.63,68.95,7.0,7.0,6
16.0,female,11,1.55,49.9,0.0,0.0,<5
17.0,female,11,1.68,74.39,0.0,0.0,8
16.0,female,11,1.57,53.07,0.0,0.0,8
16.0,female,11,1.63,63.5,7.0,7.0,5
17.0,female,11,1.68,57.15,5.0,5.0,7
17.0,female,11,1.6,46.72,7.0,7.0,8
17.0,female,11,1.65,58.97,0.0,0.0,6
17.0,female,11,1.6,70.31,5.0,0.0,7
17.0,female,12,1.75,74.84,6.0,6.0,6
17.0,female,11,1.68,63.5,0.0,0.0,6
15.0,female,10,1.6,56.7,7.0,3.0,7
15.0,male,10,1.65,66.68,5.0,4.0,7
16.0,male,11,1.75,72.58,3.0,3.0,5
16.0,male,11,1.7,68.04,7.0,7.0,6
18.0,male,12,1.7,63.5,0.0,0.0,<5
15.0,female,9,,,0.0,1.0,7
15.0,female,9,1.52,47.17,2.0,0.0,6
14.0,female,9,1.5,56.7,0.0,0.0,8
14.0,female,9,1.65,49.44,7.0,2.0,8
14.0,female,9,1.68,54.43,1.0,0.0,7
14.0,female,9,1.57,43.55,5.0,2.0,8
15.0,female,9,1.55,44.0,7.0,7.0,<5
15.0,female,9,1.57,53.52,5.0,5.0,7
14.0,female,9,,,3.0,0.0,7
14.0,female,9,,,4.0,4.0,8
15.0,female,9,1.68,49.9,2.0,0.0,
15.0,male,9,1.78,61.24,2.0,1.0,6
15.0,male,9,1.68,61.69,5.0,3.0,7
15.0,male,9,1.8,54.89,7.0,2.0,7
15.0,male,9,1.73,77.11,7.0,7.0,7
15.0,male,9,,,6.0,0.0,8
16.0,female,9,1.57,70.76,1.0,0.0,7
17.0,female,12,1.7,53.07,5.0,3.0,5
17.0,female,12,1.52,48.08,1.0,3.0,
18.0,female,12,,,7.0,0.0,8
17.0,female,12,1.68,49.9,7.0,3.0,8
17.0,female,12,1.68,72.58,5.0,5.0,7
17.0,female,12,1.68,55.79,2.0,2.0,7
17.0,female,12,1.55,56.7,7.0,7.0,7
17.0,female,12,1.68,77.11,7.0,7.0,8
17.0,female,12,1.57,47.63,2.0,0.0,5
17.0,female,12,1.83,68.04,1.0,0.0,7
17.0,female,12,1.7,58.97,7.0,3.0,7
17.0,female,12,1.57,54.43,3.0,0.0,8
17.0,female,12,1.63,49.9,0.0,0.0,8
18.0,female,12,1.65,54.43,7.0,7.0,5
17.0,female,12,1.75,68.04,5.0,0.0,7
17.0,female,12,1.6,47.63,7.0,2.0,7
17.0,female,12,1.75,102.51,4.0,3.0,5
18.0,female,12,1.52,87.09,1.0,0.0,9
18.0,female,12,1.6,56.25,1.0,0.0,8
17.0,male,12,1.7,62.6,7.0,1.0,7
17.0,male,12,1.8,61.24,7.0,7.0,7
18.0,male,12,1.7,65.77,3.0,2.0,6
18.0,male,12,1.8,71.67,1.0,4.0,5
17.0,male,12,1.85,86.18,7.0,7.0,6
17.0,male,12,1.8,88.45,7.0,4.0,7
18.0,male,12,2.03,68.04,7.0,7.0,8
17.0,male,12,1.83,95.26,6.0,3.0,8
17.0,male,12,1.85,86.18,2.0,0.0,6
17.0,male,12,1.78,97.52,4.0,3.0,7
17.0,male,12,1.75,74.84,6.0,5.0,8
17.0,male,12,,,7.0,6.0,8
17.0,male,12,1.78,78.02,7.0,7.0,8
18.0,male,12,1.73,63.96,7.0,5.0,8
18.0,male,12,,,4.0,4.0,7
17.0,male,12,1.68,74.39,0.0,2.0,5
18.0,male,12,1.68,61.24,4.0,5.0,7
17.0,male,12,1.75,70.31,7.0,0.0,7
17.0,male,12,1.68,73.94,5.0,3.0,8
17.0,female,11,1.5,43.55,5.0,6.0,6
17.0,female,11,1.57,52.16,1.0,0.0,7
16.0,female,11,1.57,53.07,0.0,0.0,6
16.0,female,11,1.7,58.06,0.0,0.0,8
17.0,female,11,1.6,53.07,7.0,7.0,5
16.0,female,11,1.75,90.72,3.0,0.0,6
17.0,female,11,1.6,48.99,0.0,0.0,8
16.0,female,11,1.65,61.24,3.0,3.0,7
16.0,female,11,1.7,61.24,4.0,4.0,5
16.0,female,11,1.68,54.43,7.0,7.0,7
16.0,male,11,1.7,48.54,3.0,1.0,6
16.0,male,11,1.83,61.24,7.0,4.0,9
17.0,female,11,1.68,61.24,7.0,5.0,6
16.0,female,11,1.6,63.5,3.0,6.0,<5
16.0,female,11,1.63,57.15,6.0,5.0,6
16.0,male,11,1.85,81.65,7.0,7.0,7
17.0,male,11,1.85,88.45,7.0,3.0,7
16.0,male,11,1.83,79.38,0.0,0.0,6
16.0,male,11,1.7,51.26,3.0,3.0,5
17.0,male,11,1.68,58.97,4.0,3.0,6
16.0,male,11,1.73,54.43,3.0,3.0,6
17.0,male,11,1.8,78.02,5.0,4.0,7
17.0,male,11,1.75,78.02,7.0,7.0,8
17.0,male,11,1.73,59.88,2.0,2.0,6
17.0,male,11,1.75,69.4,7.0,6.0,7
17.0,male,11,,,6.0,7.0,6
16.0,female,10,1.52,50.35,7.0,7.0,8
15.0,female,10,1.57,63.05,3.0,3.0,
15.0,female,10,,,7.0,7.0,8
15.0,female,10,1.63,56.7,7.0,2.0,8
15.0,female,10,,,7.0,7.0,6
16.0,female,11,1.57,44.45,4.0,4.0,6
15.0,female,10,,,3.0,0.0,7
17.0,female,11,1.5,46.27,2.0,0.0,7
15.0,female,10,1.68,74.84,4.0,0.0,8
15.0,female,10,1.73,61.24,7.0,7.0,7
14.0,female,10,1.57,72.58,7.0,5.0,8
17.0,male,12,,,7.0,7.0,7
16.0,male,10,1.7,58.97,5.0,4.0,7
16.0,female,10,1.55,52.16,7.0,5.0,6
15.0,female,10,1.57,52.62,4.0,4.0,8
15.0,female,10,,,7.0,0.0,5
16.0,male,10,1.8,67.59,5.0,5.0,8
16.0,male,10,1.63,53.52,4.0,3.0,8
15.0,male,10,1.7,87.09,7.0,7.0,8
15.0,male,10,1.65,50.8,7.0,6.0,8
16.0,male,10,1.73,56.7,1.0,2.0,<5
15.0,male,10,1.47,43.09,1.0,0.0,8
15.0,male,10,1.9,104.33,0.0,0.0,<5
16.0,male,10,1.7,81.65,4.0,7.0,7
16.0,male,10,1.85,103.42,7.0,5.0,8
16.0,male,10,1.7,65.77,7.0,6.0,8
16.0,male,10,1.83,82.56,7.0,7.0,7
16.0,male,10,,,1.0,1.0,9
15.0,male,10,1.68,50.8,7.0,0.0,5
15.0,male,10,1.78,68.04,3.0,6.0,
15.0,male,10,1.63,58.97,3.0,0.0,7
15.0,male,10,1.73,71.67,6.0,7.0,5
14.0,male,10,1.7,68.04,4.0,2.0,7
15.0,male,10,1.8,68.49,7.0,7.0,10+
16.0,male,10,1.68,70.31,6.0,7.0,8
15.0,male,10,1.78,61.69,7.0,4.0,
16.0,male,10,1.9,72.58,7.0,7.0,9
14.0,male,9,1.73,83.92,6.0,5.0,6
14.0,male,9,1.73,50.8,5.0,3.0,8
14.0,male,9,1.73,81.19,6.0,7.0,9
15.0,male,9,1.85,73.48,7.0,7.0,9
15.0,male,9,1.68,52.16,0.0,1.0,8
15.0,male,9,1.6,56.25,3.0,3.0,7
15.0,male,9,1.52,54.89,6.0,4.0,7
14.0,male,9,,,,,
14.0,male,9,1.68,61.69,3.0,4.0,8
14.0,male,9,1.78,53.98,3.0,3.0,7
14.0,male,9,1.73,67.13,0.0,0.0,7
15.0,male,9,1.75,64.86,6.0,7.0,8
14.0,male,9,1.8,72.58,7.0,4.0,6
14.0,male,9,1.68,52.16,2.0,4.0,7
15.0,female,9,1.55,45.36,5.0,7.0,7
15.0,female,10,1.65,61.69,2.0,0.0,6
14.0,female,9,1.57,49.9,7.0,7.0,6
14.0,female,9,,,7.0,7.0,9
14.0,female,9,1.63,69.4,7.0,5.0,8
14.0,female,9,1.6,54.43,7.0,6.0,
14.0,female,9,,,2.0,1.0,8
15.0,female,9,1.6,54.43,5.0,5.0,9
14.0,female,9,,,2.0,0.0,6
14.0,female,9,1.63,59.88,1.0,1.0,6
14.0,female,9,1.57,68.04,5.0,1.0,7
14.0,female,9,1.63,60.78,3.0,1.0,8
14.0,female,9,1.6,52.16,5.0,2.0,6
18.0,female,11,1.65,49.9,1.0,0.0,5
18.0,female,12,1.57,54.43,2.0,0.0,5
17.0,female,12,1.8,78.02,7.0,0.0,7
18.0,female,11,1.55,40.82,0.0,0.0,7
18.0,female,12,1.7,83.92,1.0,1.0,6
18.0,female,11,1.6,52.62,7.0,6.0,7
18.0,female,12,1.75,128.37,6.0,4.0,<5
18.0,female,12,1.75,70.76,2.0,2.0,7
18.0,female,11,1.57,70.31,7.0,7.0,5
18.0,female,12,1.7,72.58,0.0,2.0,5
18.0,female,12,1.63,83.92,1.0,0.0,6
17.0,female,11,1.7,52.62,0.0,0.0,10+
18.0,female,12,1.6,63.05,3.0,3.0,8
18.0,male,12,1.73,61.24,7.0,3.0,6
18.0,male,11,1.8,66.23,3.0,2.0,6
18.0,male,11,1.75,68.95,2.0,1.0,<5
15.0,male,11,1.63,100.7,1.0,1.0,6
18.0,male,12,1.83,95.26,7.0,7.0,6
18.0,male,12,1.78,56.7,1.0,0.0,<5
18.0,female,12,1.6,56.7,2.0,3.0,7
18.0,female,12,1.63,51.26,3.0,5.0,7
18.0,female,12,1.63,74.39,0.0,2.0,9
18.0,female,12,,,7.0,7.0,10+
18.0,female,12,1.52,48.99,5.0,0.0,<5
18.0,female,12,1.63,79.38,7.0,7.0,5
18.0,female,12,1.55,58.97,2.0,0.0,5
18.0,male,12,1.7,90.72,7.0,0.0,5
18.0,male,12,1.8,83.92,1.0,1.0,7
18.0,male,12,1.7,69.85,5.0,0.0,5
18.0,male,11,1.73,74.84,3.0,0.0,7
18.0,male,12,1.68,63.5,1.0,0.0,7
18.0,male,12,1.88,78.02,4.0,0.0,8
18.0,male,12,1.8,52.16,0.0,2.0,6
18.0,male,12,1.65,54.43,7.0,7.0,6
18.0,male,12,1.68,90.72,2.0,0.0,6
18.0,male,11,1.83,92.99,7.0,7.0,9
18.0,male,12,1.65,61.24,0.0,0.0,7
18.0,male,12,1.83,68.04,4.0,5.0,6
18.0,male,11,1.73,65.77,4.0,4.0,7
18.0,male,12,1.7,85.28,3.0,1.0,<5
18.0,female,12,1.52,58.97,2.0,2.0,6
18.0,female,12,1.75,77.11,0.0,0.0,6
17.0,female,12,1.7,62.14,4.0,2.0,6
18.0,female,12,1.63,110.68,3.0,0.0,6
18.0,male,12,1.68,56.7,5.0,3.0,6
18.0,male,12,1.8,65.77,4.0,2.0,7
18.0,male,11,1.78,94.8,2.0,2.0,8
18.0,male,12,1.8,68.04,5.0,6.0,8
18.0,male,12,1.93,83.92,1.0,2.0,7
18.0,male,12,1.73,86.18,5.0,5.0,5
18.0,male,12,,,,,
18.0,male,12,1.78,54.43,1.0,0.0,<5
17.0,male,11,1.73,68.04,7.0,2.0,6
18.0,male,11,1.7,67.13,0.0,0.0,<5
18.0,male,11,1.78,90.72,,,
18.0,male,12,1.8,64.86,5.0,3.0,<5
18.0,male,12,1.73,68.95,3.0,0.0,5
17.0,female,11,1.68,72.58,0.0,0.0,5
18.0,female,12,1.7,56.7,0.0,0.0,10+
18.0,female,11,1.57,63.5,0.0,2.0,<5
18.0,female,other,1.65,53.98,2.0,2.0,6
18.0,female,11,1.63,52.16,4.0,4.0,7
18.0,female,12,1.57,56.7,0.0,0.0,<5
18.0,female,other,1.68,56.7,3.0,2.0,<5
18.0,male,11,1.65,58.97,1.0,2.0,7
17.0,male,11,1.68,74.84,1.0,2.0,7
18.0,male,11,1.75,77.11,2.0,4.0,7
18.0,male,11,1.7,61.24,4.0,3.0,7
18.0,male,12,1.93,73.48,7.0,7.0,<5
18.0,male,11,1.8,56.7,2.0,2.0,8
18.0,male,11,1.7,65.77,2.0,5.0,6
18.0,male,other,1.83,72.58,1.0,1.0,6
18.0,female,12,1.65,74.39,0.0,0.0,6
18.0,female,12,,,2.0,1.0,8
18.0,female,12,1.68,71.22,2.0,0.0,7
18.0,female,12,1.68,61.24,7.0,4.0,<5
18.0,female,11,1.63,74.39,3.0,0.0,8
18.0,female,11,1.65,79.38,0.0,1.0,5
17.0,female,11,1.65,50.35,0.0,0.0,5
18.0,female,11,1.6,73.03,0.0,0.0,6
17.0,female,11,1.73,80.29,0.0,0.0,6
17.0,male,11,1.68,72.58,4.0,3.0,6
18.0,male,12,1.6,52.16,4.0,0.0,7
18.0,male,12,1.73,54.43,4.0,0.0,6
18.0,male,12,1.8,66.68,7.0,3.0,8
17.0,male,12,1.7,97.52,7.0,2.0,7
17.0,male,11,1.78,92.99,2.0,1.0,6
18.0,male,12,1.7,68.04,1.0,0.0,6
18.0,male,11,1.75,111.59,1.0,0.0,5
18.0,male,11,1.7,57.15,5.0,5.0,5
17.0,male,11,1.83,88.45,7.0,7.0,6
17.0,male,11,1.83,65.77,6.0,3.0,5
18.0,male,12,1.78,54.43,0.0,0.0,<5
17.0,male,11,1.68,63.5,2.0,7.0,6
17.0,female,11,1.5,80.74,5.0,4.0,5
12.0,female,other,1.7,70.31,0.0,7.0,<5
17.0,female,11,,,7.0,0.0,5
,female,12,,,2.0,0.0,7
18.0,female,12,1.55,47.17,7.0,7.0,<5
18.0,female,12,1.6,49.9,0.0,1.0,9
18.0,female,11,,,1.0,0.0,5
18.0,female,12,1.73,57.15,0.0,0.0,5
18.0,female,12,1.73,69.85,0.0,0.0,8
18.0,male,12,1.73,80.74,7.0,7.0,6
17.0,male,other,1.78,56.7,5.0,3.0,8
18.0,male,12,1.8,65.77,7.0,7.0,7
18.0,male,12,1.73,66.68,7.0,4.0,8
18.0,male,10,1.73,87.09,2.0,1.0,6
18.0,male,12,1.78,68.04,2.0,1.0,5
18.0,male,12,1.65,65.77,7.0,1.0,5
18.0,male,12,1.75,74.84,7.0,5.0,7
18.0,male,12,1.8,72.58,0.0,2.0,5
18.0,male,12,1.83,68.04,2.0,7.0,5
18.0,male,11,1.68,70.31,3.0,3.0,8
18.0,male,12,1.85,74.39,7.0,0.0,5
17.0,male,12,1.8,54.43,7.0,0.0,8
18.0,male,11,1.7,56.7,5.0,3.0,7
18.0,male,12,1.75,74.84,6.0,0.0,7
18.0,female,12,1.57,73.03,2.0,2.0,6
14.0,female,9,1.6,52.16,2.0,2.0,
15.0,male,9,1.8,87.54,5.0,0.0,7
14.0,female,9,1.73,68.04,2.0,0.0,<5
14.0,female,9,1.63,58.97,0.0,1.0,8
17.0,female,11,1.65,102.06,1.0,3.0,5
15.0,female,9,1.73,58.97,2.0,0.0,6
15.0,female,9,1.57,64.41,2.0,3.0,5
15.0,female,9,1.68,61.24,6.0,6.0,8
17.0,female,11,1.65,80.74,3.0,0.0,<5
17.0,female,12,1.63,90.72,2.0,2.0,8
16.0,female,10,1.63,50.8,5.0,0.0,8
16.0,female,11,1.6,77.11,1.0,0.0,8
16.0,female,10,1.68,52.16,5.0,0.0,7
18.0,female,12,1.65,62.14,3.0,3.0,6
15.0,male,10,1.9,81.65,7.0,3.0,8
16.0,male,10,1.73,67.13,3.0,2.0,7
17.0,male,12,1.78,81.65,3.0,3.0,8
18.0,male,12,1.8,72.58,6.0,5.0,7
18.0,male,12,1.75,66.23,2.0,6.0,7
18.0,male,12,1.78,68.95,7.0,7.0,10+
18.0,male,12,1.78,68.04,4.0,3.0,7
16.0,male,10,1.73,61.24,7.0,0.0,8
17.0,male,11,1.73,65.77,7.0,7.0,7
15.0,male,9,1.75,82.56,7.0,4.0,7
16.0,male,10,1.68,65.77,4.0,2.0,7
16.0,male,10,1.73,74.84,0.0,0.0,8
15.0,male,10,1.65,49.9,0.0,1.0,8
18.0,male,12,1.73,70.31,5.0,5.0,5
17.0,male,12,1.8,72.58,6.0,4.0,7
17.0,male,12,1.68,68.95,7.0,4.0,7
17.0,male,12,1.85,81.65,3.0,3.0,8
17.0,male,12,1.75,60.33,5.0,5.0,6
17.0,male,12,1.75,69.4,7.0,7.0,8
18.0,male,12,1.93,108.86,6.0,1.0,7
17.0,male,12,1.8,75.75,4.0,4.0,7
17.0,male,12,1.83,74.84,0.0,0.0,<5
18.0,male,12,1.83,106.6,6.0,5.0,8
18.0,female,12,1.63,65.77,4.0,4.0,8
18.0,female,12,1.65,54.43,4.0,0.0,<5
17.0,female,12,1.7,78.47,2.0,0.0,6
17.0,female,12,1.68,73.48,7.0,7.0,8
18.0,female,12,1.5,49.9,5.0,5.0,9
17.0,female,12,1.57,54.43,0.0,0.0,7
18.0,female,12,1.63,59.88,7.0,7.0,7
18.0,female,12,1.57,52.16,6.0,4.0,9
18.0,female,12,1.57,68.04,6.0,5.0,8
17.0,female,12,1.57,48.54,0.0,0.0,7
14.0,female,9,1.5,34.02,0.0,0.0,7
15.0,female,9,1.68,88.91,1.0,0.0,5
15.0,female,9,1.65,56.7,5.0,5.0,5
15.0,female,9,1.68,63.5,7.0,7.0,6
14.0,female,9,1.68,58.97,0.0,7.0,7
15.0,female,9,1.7,54.43,3.0,1.0,6
14.0,female,9,1.55,48.08,7.0,5.0,<5
15.0,female,9,1.65,54.43,2.0,1.0,5
14.0,female,9,1.52,49.9,7.0,5.0,5
15.0,female,9,1.7,57.61,2.0,2.0,7
14.0,male,9,1.78,58.97,7.0,7.0,6
15.0,male,9,1.7,61.24,0.0,0.0,6
14.0,male,9,1.73,53.52,7.0,7.0,7
15.0,male,9,1.65,49.9,3.0,2.0,7
15.0,male,9,1.78,74.84,5.0,6.0,7
16.0,male,9,1.83,95.26,5.0,0.0,7
15.0,male,9,1.78,62.6,2.0,4.0,<5
15.0,male,9,1.88,72.58,5.0,4.0,7
15.0,male,9,1.93,68.04,3.0,3.0,9
14.0,male,9,1.75,60.33,3.0,3.0,9
15.0,male,9,1.68,56.7,5.0,5.0,7
15.0,male,9,1.75,59.88,7.0,5.0,8
15.0,male,9,1.78,61.24,4.0,1.0,7
15.0,male,9,1.83,68.04,7.0,3.0,8
16.0,male,10,1.83,80.29,7.0,4.0,8
16.0,male,10,1.75,69.85,7.0,7.0,6
15.0,male,10,1.83,95.26,0.0,2.0,6
16.0,male,10,1.8,65.77,7.0,7.0,7
16.0,male,10,1.75,89.81,0.0,1.0,6
16.0,male,10,1.75,56.25,6.0,0.0,6
16.0,male,10,1.98,123.83,0.0,0.0,<5
16.0,male,10,,,7.0,3.0,8
16.0,male,10,1.83,65.77,4.0,1.0,7
15.0,male,10,,,7.0,4.0,8
16.0,male,10,1.7,49.44,7.0,7.0,9
16.0,male,10,1.73,72.58,7.0,7.0,8
16.0,female,10,1.65,58.97,7.0,7.0,7
16.0,female,10,1.68,58.51,5.0,5.0,6
16.0,female,10,1.7,62.6,5.0,5.0,8
15.0,female,10,1.57,69.4,2.0,1.0,<5
16.0,female,10,1.68,58.06,7.0,7.0,8
15.0,female,10,1.68,61.24,0.0,0.0,<5
16.0,female,10,1.68,50.8,1.0,3.0,6
15.0,female,10,1.73,61.24,7.0,7.0,7
16.0,male,11,1.65,59.88,2.0,2.0,8
17.0,male,11,1.85,79.83,1.0,0.0,6
17.0,male,11,1.85,72.58,0.0,0.0,6
17.0,male,11,1.75,80.29,6.0,5.0,6
16.0,male,11,1.85,110.22,3.0,3.0,5
17.0,male,11,1.8,67.59,2.0,2.0,6
17.0,male,11,1.83,63.5,1.0,3.0,7
16.0,male,11,1.88,87.54,7.0,7.0,8
17.0,male,11,1.75,65.77,7.0,6.0,8
16.0,male,11,1.8,72.58,5.0,5.0,8
17.0,male,11,1.75,122.47,0.0,0.0,5
17.0,male,11,1.73,62.6,2.0,0.0,7
,male,,,,5.0,5.0,9
16.0,female,11,1.63,54.43,7.0,4.0,6
17.0,female,11,1.63,58.97,7.0,7.0,8
16.0,female,11,,,0.0,0.0,<5
17.0,female,11,1.6,58.97,5.0,4.0,7
17.0,female,11,1.57,52.16,0.0,0.0,7
17.0,female,11,1.7,58.97,7.0,1.0,8
16.0,female,11,1.68,54.43,7.0,6.0,7
17.0,female,11,1.78,70.31,0.0,0.0,7
17.0,female,11,1.73,53.98,0.0,0.0,7
17.0,female,11,1.52,58.97,7.0,4.0,8
15.0,female,10,1.65,48.54,7.0,5.0,6
16.0,female,10,1.52,55.79,4.0,2.0,<5
15.0,female,10,1.57,52.16,1.0,1.0,7
15.0,female,10,1.7,47.63,0.0,5.0,9
15.0,female,10,1.55,56.7,0.0,2.0,7
16.0,female,10,1.6,56.7,0.0,3.0,6
16.0,female,10,1.55,43.55,0.0,2.0,5
16.0,female,10,1.63,61.24,2.0,0.0,7
17.0,female,10,,,0.0,0.0,<5
16.0,male,10,1.63,65.77,4.0,5.0,7
16.0,male,10,1.75,49.9,2.0,2.0,<5
16.0,male,10,1.55,74.84,0.0,0.0,7
16.0,male,10,1.78,58.97,3.0,2.0,8
15.0,male,10,,,0.0,5.0,7
16.0,male,10,1.73,58.97,2.0,2.0,6
17.0,male,10,1.83,74.84,7.0,7.0,9
17.0,male,12,1.75,86.18,0.0,2.0,5
18.0,female,12,1.65,68.95,7.0,7.0,<5
18.0,male,12,1.73,70.31,0.0,0.0,<5
17.0,male,12,1.73,65.32,3.0,0.0,8
17.0,female,12,1.6,54.43,2.0,3.0,8
17.0,female,12,1.7,97.52,5.0,5.0,6
18.0,female,12,1.57,58.97,7.0,7.0,6
17.0,male,12,1.75,83.92,3.0,0.0,5
17.0,male,12,1.83,81.65,7.0,5.0,7
17.0,female,12,1.6,89.36,0.0,2.0,7
18.0,male,12,1.75,65.77,7.0,7.0,6
18.0,male,12,1.78,72.58,2.0,1.0,<5
17.0,male,12,1.68,70.31,3.0,5.0,6
17.0,female,12,1.63,54.43,1.0,7.0,6
17.0,female,12,1.63,70.31,4.0,0.0,7
17.0,female,12,1.7,63.5,0.0,0.0,5
17.0,female,12,1.73,70.76,6.0,6.0,10+
18.0,female,12,1.73,63.5,3.0,3.0,6
18.0,female,,1.65,53.52,2.0,4.0,5
17.0,female,12,1.57,58.97,2.0,0.0,8
17.0,female,12,1.57,50.8,4.0,4.0,9
18.0,male,12,1.7,98.43,7.0,3.0,<5
15.0,female,9,1.6,46.72,7.0,1.0,5
14.0,female,9,1.63,46.72,0.0,3.0,8
15.0,male,9,1.75,65.77,7.0,4.0,7
15.0,male,9,1.83,61.24,7.0,1.0,
15.0,male,9,1.75,60.78,3.0,2.0,8
15.0,male,9,1.68,47.63,7.0,7.0,9
15.0,male,9,1.75,79.38,4.0,2.0,<5
14.0,male,9,1.85,101.15,5.0,1.0,7
15.0,male,9,1.75,58.97,7.0,2.0,<5
14.0,male,9,1.65,56.7,7.0,7.0,7
14.0,male,9,1.75,61.24,7.0,4.0,8
14.0,female,9,1.52,40.37,5.0,5.0,
15.0,female,9,1.6,51.26,2.0,0.0,7
14.0,female,9,1.63,68.04,6.0,2.0,7
14.0,female,9,1.6,36.74,4.0,0.0,7
15.0,female,9,,,0.0,0.0,7
15.0,female,9,1.57,40.82,6.0,2.0,8
15.0,female,9,1.65,48.08,2.0,0.0,8
15.0,female,9,1.68,46.72,3.0,3.0,7
15.0,female,9,1.65,52.62,3.0,3.0,8
14.0,female,9,1.57,42.18,7.0,0.0,8
18.0,female,11,1.6,68.04,2.0,0.0,5
16.0,female,11,1.65,62.6,4.0,0.0,<5
16.0,female,11,1.6,61.24,0.0,0.0,<5
18.0,male,11,1.68,77.11,7.0,1.0,7
17.0,male,11,1.93,79.38,4.0,0.0,7
17.0,male,11,1.85,64.41,4.0,4.0,8
17.0,male,11,1.75,52.16,3.0,3.0,7
17.0,male,11,1.83,84.37,7.0,5.0,8
16.0,male,11,1.78,68.04,7.0,0.0,7
18.0,male,11,1.8,74.84,5.0,5.0,6
17.0,male,11,1.73,70.31,7.0,3.0,7
17.0,male,11,1.6,54.43,7.0,7.0,10+
17.0,male,11,1.9,75.75,0.0,3.0,6
16.0,male,11,1.83,87.09,7.0,0.0,6
16.0,male,11,1.85,74.84,7.0,7.0,6
16.0,male,11,1.7,64.41,3.0,1.0,8
16.0,female,11,1.57,65.77,1.0,0.0,7
16.0,female,11,1.57,47.63,5.0,0.0,5
16.0,female,11,1.7,70.31,3.0,3.0,7
17.0,female,11,,,2.0,0.0,7
16.0,female,11,1.5,46.27,0.0,0.0,5
16.0,female,11,1.6,57.61,0.0,4.0,6
17.0,female,11,1.63,60.33,7.0,6.0,5
17.0,female,11,1.57,52.62,7.0,7.0,9
16.0,female,11,,,4.0,1.0,7
17.0,male,12,1.8,61.24,5.0,4.0,7
17.0,male,12,,,7.0,6.0,10+
17.0,male,12,1.8,58.97,0.0,0.0,6
18.0,male,12,1.8,72.58,5.0,5.0,6
18.0,male,12,1.73,77.11,7.0,7.0,5
18.0,male,12,1.75,72.58,7.0,7.0,6
17.0,male,12,1.78,56.7,0.0,5.0,6
18.0,male,12,1.73,74.84,3.0,0.0,5
18.0,male,12,1.88,88.45,4.0,2.0,5
18.0,male,12,1.83,61.24,4.0,2.0,8
18.0,male,12,1.73,72.58,5.0,5.0,7
18.0,male,12,1.73,70.76,0.0,0.0,9
17.0,male,12,1.68,72.58,7.0,7.0,10+
,female,,,,2.0,1.0,<5
18.0,female,12,1.6,52.16,0.0,0.0,5
18.0,female,12,1.63,64.41,0.0,0.0,5
16.0,female,11,1.57,52.16,0.0,0.0,8
17.0,female,12,1.63,54.43,6.0,6.0,6
18.0,female,12,1.57,52.62,3.0,0.0,6
18.0,female,12,1.73,56.7,0.0,0.0,7
18.0,female,12,1.6,47.63,7.0,4.0,6
18.0,female,12,1.57,56.7,7.0,3.0,7
18.0,female,12,1.65,66.68,0.0,0.0,8
17.0,male,11,1.83,83.01,4.0,5.0,6
17.0,male,11,1.93,85.28,7.0,7.0,6
18.0,male,11,1.78,62.14,6.0,7.0,7
17.0,male,11,1.7,64.86,2.0,2.0,6
16.0,male,11,1.7,55.79,1.0,0.0,7
17.0,male,11,1.78,64.86,5.0,3.0,8
17.0,male,11,1.83,61.24,1.0,0.0,<5
17.0,female,11,1.63,52.16,7.0,4.0,7
16.0,female,11,1.7,49.9,3.0,5.0,6
16.0,female,11,1.65,60.33,0.0,0.0,5
16.0,female,11,1.55,46.27,3.0,3.0,6
17.0,female,11,1.6,54.43,4.0,4.0,6
16.0,female,11,1.6,56.7,0.0,0.0,6
15.0,female,10,1.57,88.45,0.0,0.0,8
15.0,female,10,1.63,58.97,3.0,3.0,<5
16.0,female,11,1.68,65.77,5.0,5.0,7
16.0,female,11,1.63,83.92,3.0,0.0,8
15.0,male,9,1.68,58.06,7.0,7.0,8
15.0,female,9,1.73,106.14,0.0,0.0,5
15.0,female,9,1.65,65.77,0.0,0.0,7
14.0,female,9,1.65,126.55,4.0,2.0,7
15.0,female,9,1.6,50.35,6.0,2.0,7
15.0,female,9,1.57,41.73,2.0,0.0,5
14.0,female,9,1.65,52.16,7.0,0.0,5
15.0,female,9,1.65,54.89,6.0,6.0,7
14.0,female,9,1.63,56.7,7.0,7.0,8
15.0,female,9,,,1.0,2.0,8
15.0,female,9,1.68,87.09,2.0,1.0,5
15.0,female,9,1.6,49.9,7.0,7.0,8
15.0,female,9,1.63,54.43,6.0,6.0,<5
14.0,female,9,1.57,71.22,3.0,0.0,7
14.0,male,9,1.63,54.89,5.0,5.0,9
15.0,male,10,1.9,65.77,7.0,7.0,7
14.0,male,9,1.7,65.77,7.0,7.0,6
14.0,male,9,1.57,52.62,4.0,6.0,10+
14.0,male,9,1.78,56.7,5.0,6.0,8
15.0,male,9,1.65,59.88,3.0,3.0,7
14.0,male,9,1.68,85.28,6.0,3.0,<5
14.0,male,9,1.8,63.5,7.0,4.0,5
15.0,male,9,1.73,78.93,7.0,7.0,8
16.0,male,10,1.63,48.54,5.0,3.0,7
15.0,male,10,1.68,61.24,5.0,3.0,5
16.0,male,10,1.7,58.97,7.0,3.0,9
17.0,male,10,1.83,89.81,5.0,5.0,7
15.0,male,10,1.6,77.11,0.0,0.0,8
16.0,male,10,1.63,56.7,4.0,6.0,9
16.0,male,10,1.73,69.4,2.0,7.0,6
17.0,male,11,1.7,76.2,1.0,1.0,5
18.0,male,12,1.75,72.58,7.0,7.0,5
16.0,male,10,,,4.0,0.0,6
15.0,female,9,1.52,52.16,4.0,3.0,6
16.0,female,10,1.68,66.68,5.0,1.0,7
15.0,female,10,1.8,65.77,4.0,4.0,7
16.0,female,10,1.6,68.04,3.0,3.0,6
15.0,female,10,1.55,61.24,1.0,1.0,7
16.0,female,10,1.52,54.89,3.0,5.0,7
15.0,female,10,1.68,57.61,3.0,0.0,8
15.0,female,10,,,5.0,3.0,7
16.0,female,10,1.78,77.57,7.0,7.0,8
15.0,female,10,1.7,63.5,0.0,0.0,5
15.0,female,10,1.6,78.47,0.0,0.0,<5
16.0,female,10,1.45,81.65,0.0,0.0,6
15.0,female,10,1.57,79.38,7.0,0.0,7
16.0,female,10,1.55,54.43,2.0,0.0,6
16.0,female,12,1.6,47.63,3.0,0.0,8
15.0,female,10,1.57,52.16,3.0,4.0,6
15.0,female,10,1.57,54.43,4.0,1.0,6
16.0,female,10,1.65,81.65,0.0,0.0,<5
15.0,female,10,1.65,83.46,0.0,0.0,6
16.0,female,10,1.57,98.88,0.0,0.0,6
15.0,female,10,1.55,43.55,0.0,0.0,6
15.0,female,10,1.57,80.74,3.0,0.0,8
15.0,female,10,1.5,45.36,1.0,1.0,6
16.0,female,10,1.52,46.27,0.0,0.0,10+
16.0,female,10,1.6,54.43,0.0,2.0,8
15.0,female,10,1.6,63.5,4.0,0.0,9
15.0,female,10,1.6,53.52,7.0,4.0,7
16.0,female,10,1.63,93.44,2.0,0.0,8
16.0,female,10,1.57,47.63,0.0,0.0,6
16.0,female,10,1.5,64.86,7.0,3.0,6
15.0,male,10,1.7,86.18,5.0,3.0,5
15.0,male,10,1.75,61.24,7.0,5.0,8
15.0,male,10,,,6.0,3.0,9
15.0,male,10,1.78,68.04,2.0,0.0,5
15.0,male,10,1.73,70.31,7.0,5.0,7
15.0,male,10,,,7.0,7.0,6
15.0,male,10,1.57,54.43,5.0,4.0,6
15.0,male,10,1.7,81.65,1.0,0.0,7
15.0,male,10,1.7,68.04,0.0,0.0,6
16.0,male,10,1.63,57.61,7.0,7.0,6
16.0,male,10,1.8,76.2,1.0,0.0,6
16.0,male,10,1.75,73.03,6.0,3.0,6
16.0,female,11,1.6,49.44,7.0,7.0,6
17.0,female,11,1.57,47.63,0.0,0.0,5
16.0,female,11,1.6,66.68,4.0,7.0,7
16.0,female,11,1.7,66.68,1.0,3.0,6
16.0,female,11,1.7,60.33,6.0,0.0,7
16.0,female,11,,,6.0,6.0,8
17.0,female,11,1.57,57.61,4.0,3.0,8
17.0,female,11,1.55,67.13,5.0,5.0,7
16.0,female,11,,,1.0,1.0,8
16.0,female,11,1.57,54.43,5.0,5.0,8
17.0,female,11,1.57,52.16,7.0,4.0,9
17.0,female,11,1.52,56.7,5.0,3.0,7
16.0,female,11,1.6,68.04,7.0,0.0,5
17.0,female,11,1.57,52.16,7.0,7.0,5
16.0,female,11,1.55,69.85,4.0,3.0,6
17.0,male,11,1.7,58.51,7.0,7.0,
17.0,male,11,1.63,49.9,3.0,0.0,7
16.0,male,11,1.75,72.58,7.0,4.0,7
17.0,male,11,1.83,83.92,4.0,7.0,7
17.0,male,11,1.8,88.91,0.0,2.0,6
17.0,male,11,,,7.0,7.0,
16.0,male,11,1.63,64.86,4.0,1.0,9
16.0,male,11,1.73,70.76,7.0,7.0,8
17.0,male,11,1.7,74.84,3.0,3.0,7
16.0,male,11,1.63,63.5,5.0,5.0,8
16.0,male,11,1.83,63.5,7.0,0.0,6
16.0,male,11,1.7,82.1,7.0,0.0,8
17.0,male,11,1.63,74.84,0.0,0.0,7
17.0,male,12,1.8,81.65,3.0,2.0,9
17.0,male,12,1.68,52.62,3.0,3.0,7
18.0,male,12,1.73,88.45,0.0,0.0,10+
17.0,male,12,1.75,49.9,1.0,2.0,8
18.0,male,12,1.9,117.94,7.0,5.0,7
18.0,male,12,,,3.0,0.0,7
18.0,male,12,1.75,68.95,2.0,0.0,6
17.0,male,12,1.78,88.0,6.0,5.0,7
17.0,male,12,1.68,72.58,4.0,2.0,7
17.0,male,12,1.65,93.9,0.0,0.0,<5
18.0,male,12,1.8,68.04,7.0,6.0,7
17.0,male,12,1.73,70.31,7.0,3.0,7
17.0,male,12,1.78,77.11,6.0,6.0,7
18.0,male,12,1.73,107.5,6.0,4.0,6
18.0,male,12,1.68,88.45,0.0,0.0,8
17.0,female,12,,,2.0,3.0,7
17.0,female,12,,,4.0,4.0,6
18.0,female,12,,,1.0,0.0,5
18.0,female,12,1.45,104.33,0.0,0.0,5
17.0,female,12,1.57,58.97,7.0,7.0,6
17.0,female,12,1.52,49.9,0.0,7.0,<5
18.0,female,12,1.68,58.97,2.0,3.0,6
18.0,female,12,1.5,48.54,,,
17.0,female,12,1.63,64.41,0.0,0.0,7
18.0,female,12,1.57,47.63,2.0,3.0,9
17.0,female,12,,,1.0,1.0,5
17.0,female,12,1.65,48.08,7.0,5.0,8
17.0,female,12,1.55,68.49,7.0,7.0,6
17.0,female,12,1.57,59.42,0.0,0.0,
17.0,female,12,1.6,68.04,0.0,0.0,7
17.0,female,12,1.63,65.77,2.0,0.0,8
18.0,female,12,1.57,79.38,2.0,0.0,6
18.0,female,12,1.63,79.38,1.0,0.0,5
18.0,male,12,1.63,61.24,4.0,4.0,8
18.0,male,12,1.6,52.16,6.0,3.0,6
18.0,male,12,1.7,96.62,7.0,3.0,<5
17.0,male,12,1.68,55.34,7.0,3.0,7
18.0,male,12,1.75,63.5,2.0,7.0,<5
18.0,male,12,,,7.0,0.0,
18.0,male,12,1.7,73.48,6.0,6.0,7
17.0,male,12,1.7,61.24,4.0,3.0,8
17.0,male,12,1.78,73.03,7.0,5.0,8
17.0,male,12,1.73,72.58,7.0,7.0,9
17.0,male,12,1.8,82.56,5.0,3.0,7
17.0,male,12,1.57,66.23,6.0,5.0,5
18.0,male,12,1.78,68.04,7.0,7.0,8
17.0,male,12,1.7,63.96,7.0,6.0,7
18.0,male,12,1.55,63.5,1.0,4.0,7
17.0,male,12,1.7,71.22,7.0,4.0,6
17.0,male,12,1.7,88.0,5.0,7.0,6
17.0,male,12,1.75,55.79,7.0,7.0,6
18.0,male,12,1.73,65.77,6.0,5.0,8
18.0,male,12,1.88,131.09,0.0,0.0,<5
18.0,female,12,1.83,72.58,7.0,7.0,9
16.0,female,11,1.65,77.11,3.0,2.0,6
18.0,female,12,1.6,63.5,0.0,1.0,7
18.0,female,12,1.6,62.6,5.0,5.0,6
17.0,female,12,1.65,68.04,2.0,0.0,6
17.0,female,12,1.63,77.11,1.0,0.0,6
17.0,female,12,1.55,57.61,7.0,7.0,7
17.0,female,12,1.73,85.28,3.0,0.0,8
18.0,female,12,1.68,90.72,0.0,0.0,7
18.0,female,12,1.52,50.35,7.0,7.0,8
17.0,female,12,1.55,64.41,4.0,5.0,<5
17.0,female,12,1.6,54.43,0.0,0.0,8
18.0,female,12,1.57,61.69,0.0,3.0,5
18.0,female,12,1.73,61.24,2.0,4.0,6
17.0,female,12,1.57,61.24,2.0,2.0,6
18.0,female,12,1.68,90.72,3.0,2.0,7
17.0,female,11,,,6.0,0.0,5
16.0,female,11,,,2.0,7.0,6
16.0,female,11,1.5,49.9,5.0,0.0,5
16.0,female,11,1.57,51.71,1.0,0.0,7
17.0,female,11,1.55,53.07,4.0,2.0,6
16.0,female,11,1.52,48.99,7.0,7.0,7
16.0,female,11,1.78,62.14,7.0,7.0,8
16.0,female,11,1.52,50.35,,,
17.0,female,11,1.6,74.39,0.0,0.0,5
16.0,female,11,1.65,45.36,4.0,5.0,8
16.0,female,11,1.57,49.9,0.0,0.0,6
16.0,female,11,1.65,63.5,4.0,0.0,7
16.0,female,11,1.78,136.08,7.0,3.0,6
17.0,female,11,1.63,61.24,1.0,0.0,5
16.0,female,11,1.52,59.88,3.0,3.0,5
16.0,female,11,1.5,40.37,1.0,1.0,7
16.0,female,11,1.68,95.26,7.0,0.0,<5
16.0,male,11,1.7,86.18,5.0,0.0,7
17.0,male,11,1.73,83.46,7.0,4.0,8
17.0,male,11,,,7.0,0.0,8
16.0,male,11,1.57,45.36,0.0,0.0,7
16.0,male,11,1.8,53.98,7.0,5.0,6
17.0,male,11,,,0.0,0.0,7
16.0,female,10,1.68,88.45,3.0,3.0,7
15.0,female,10,1.6,81.65,3.0,4.0,8
16.0,female,10,1.57,48.08,1.0,4.0,7
15.0,female,10,1.55,52.16,1.0,0.0,6
15.0,female,10,1.55,54.43,0.0,2.0,7
16.0,female,10,1.52,45.81,7.0,7.0,9
16.0,female,10,1.52,44.0,4.0,2.0,8
16.0,female,10,1.68,74.84,1.0,1.0,7
16.0,female,10,1.55,44.45,0.0,0.0,5
15.0,female,10,1.55,57.61,5.0,5.0,6
16.0,female,11,1.47,56.7,3.0,3.0,7
15.0,female,10,1.63,55.79,7.0,5.0,7
16.0,female,11,1.55,46.72,3.0,0.0,7
15.0,female,10,1.55,62.14,5.0,3.0,7
15.0,female,10,1.65,55.34,3.0,0.0,8
16.0,female,10,1.65,60.78,0.0,0.0,9
15.0,female,10,1.57,49.9,2.0,7.0,8
16.0,male,10,1.7,45.36,7.0,0.0,8
16.0,male,10,1.65,68.04,0.0,0.0,8
16.0,male,10,1.65,63.5,7.0,7.0,7
15.0,male,10,1.63,54.43,2.0,0.0,6
16.0,male,10,1.7,65.77,3.0,3.0,8
16.0,male,10,1.65,81.65,3.0,2.0,6
16.0,male,10,1.6,92.99,6.0,2.0,<5
16.0,male,10,1.7,64.41,4.0,2.0,8
15.0,male,10,,,0.0,0.0,9
15.0,male,10,,,7.0,7.0,10+
15.0,male,10,1.7,81.65,7.0,7.0,7
16.0,male,10,1.78,63.96,2.0,7.0,7
16.0,male,11,1.83,53.98,2.0,0.0,8
15.0,male,10,1.65,49.9,7.0,4.0,7
16.0,male,10,1.73,71.67,3.0,3.0,6
16.0,male,10,1.78,68.95,6.0,7.0,5
14.0,female,9,1.7,81.65,3.0,1.0,<5
15.0,female,9,1.57,58.97,7.0,7.0,8
15.0,female,9,,,0.0,2.0,9
14.0,female,9,1.65,65.77,3.0,3.0,6
14.0,female,9,1.55,49.9,5.0,5.0,5
15.0,female,9,1.5,42.18,5.0,5.0,8
15.0,female,9,1.55,73.48,4.0,2.0,7
14.0,male,9,1.63,74.39,1.0,0.0,10+
14.0,male,9,1.65,52.16,7.0,2.0,5
15.0,male,9,1.75,106.6,2.0,0.0,8
15.0,male,9,,,4.0,1.0,10+
14.0,male,9,1.7,83.92,1.0,1.0,8
14.0,male,9,1.75,73.94,4.0,7.0,7
14.0,male,9,1.7,79.38,6.0,7.0,9
15.0,male,9,1.93,55.79,7.0,0.0,9
15.0,male,9,1.78,79.38,7.0,7.0,8
14.0,male,9,1.7,67.13,5.0,5.0,8
14.0,male,9,1.8,86.18,6.0,3.0,8
14.0,male,9,,,5.0,5.0,8
14.0,female,9,1.63,46.72,7.0,7.0,<5
14.0,female,9,1.7,63.96,0.0,0.0,7
14.0,female,9,1.7,63.5,0.0,1.0,9
15.0,female,9,1.5,44.45,2.0,0.0,6
14.0,female,9,1.57,50.8,3.0,0.0,8
14.0,female,9,1.57,55.34,3.0,2.0,8
14.0,female,9,1.6,58.97,2.0,1.0,8
14.0,female,9,1.55,52.16,7.0,7.0,8
14.0,female,9,1.68,60.33,7.0,5.0,7
15.0,female,9,1.6,90.72,1.0,0.0,8
15.0,female,9,1.55,53.98,7.0,7.0,8
14.0,female,9,1.5,54.43,4.0,0.0,9
15.0,female,9,,,5.0,5.0,5
14.0,female,9,1.63,65.77,3.0,0.0,8
14.0,female,9,1.52,63.5,4.0,4.0,6
15.0,male,9,1.85,112.95,6.0,6.0,8
14.0,male,9,1.63,54.43,7.0,7.0,8
14.0,male,9,1.63,61.69,7.0,7.0,8
15.0,male,9,1.78,68.04,1.0,7.0,7
14.0,male,9,1.65,78.93,5.0,3.0,7
14.0,male,9,1.63,45.36,7.0,7.0,8
15.0,male,9,1.68,72.58,5.0,5.0,6
14.0,male,9,1.65,59.88,7.0,5.0,8
15.0,male,9,1.75,58.06,7.0,7.0,6
14.0,male,9,1.57,41.28,0.0,0.0,7
14.0,male,9,1.7,63.5,7.0,7.0,6
15.0,male,9,1.52,83.92,7.0,7.0,5
15.0,male,9,1.68,61.24,4.0,4.0,7
15.0,male,9,1.65,58.97,6.0,0.0,7
15.0,male,9,1.7,84.37,5.0,2.0,8
15.0,male,9,1.68,61.24,5.0,4.0,7
15.0,male,9,1.65,58.97,7.0,3.0,9
15.0,female,9,1.63,64.86,7.0,7.0,<5
15.0,female,9,1.57,49.9,7.0,6.0,7
15.0,male,9,1.7,63.96,7.0,5.0,7
15.0,female,9,1.68,59.88,5.0,1.0,8
15.0,female,9,1.7,72.58,5.0,5.0,8
15.0,female,9,1.65,62.6,7.0,7.0,7
14.0,female,9,1.6,52.62,7.0,0.0,<5
14.0,female,9,1.57,62.14,0.0,0.0,7
14.0,female,9,1.55,54.43,4.0,0.0,<5
15.0,female,9,1.55,47.63,2.0,4.0,8
14.0,female,9,1.55,39.46,3.0,0.0,8
16.0,female,9,1.63,49.44,7.0,1.0,7
15.0,female,9,1.6,86.18,0.0,0.0,8
14.0,male,9,,,5.0,4.0,8
15.0,male,9,1.7,68.95,4.0,4.0,5
14.0,male,9,1.65,54.43,7.0,7.0,5
14.0,male,9,1.83,78.93,5.0,7.0,9
15.0,male,9,1.7,54.43,7.0,7.0,8
15.0,male,9,1.63,56.7,5.0,5.0,8
15.0,male,9,1.52,47.63,5.0,6.0,8
15.0,male,9,1.68,66.23,5.0,5.0,5
14.0,male,9,1.68,70.76,2.0,0.0,5
15.0,male,9,1.68,90.72,3.0,3.0,7
16.0,male,9,1.73,80.74,7.0,3.0,8
14.0,male,9,1.7,68.04,5.0,0.0,6
15.0,male,9,1.7,83.92,0.0,0.0,7
15.0,female,9,1.68,66.23,1.0,3.0,7
14.0,female,9,1.75,70.31,5.0,6.0,8
15.0,female,9,1.57,84.82,2.0,3.0,7
14.0,female,9,1.55,47.63,2.0,3.0,7
14.0,female,9,1.57,52.16,7.0,0.0,7
15.0,female,9,1.6,47.63,2.0,1.0,8
15.0,female,9,,,7.0,7.0,7
14.0,female,9,1.55,56.7,0.0,0.0,8
15.0,female,9,1.63,65.77,0.0,0.0,6
14.0,female,9,,,2.0,5.0,6
15.0,female,9,1.6,53.52,7.0,7.0,7
14.0,female,9,1.65,54.43,7.0,1.0,7
14.0,female,9,1.6,48.08,5.0,4.0,7
14.0,female,9,1.6,70.76,6.0,5.0,5
18.0,female,other,,,5.0,0.0,10+
14.0,female,9,1.55,52.16,7.0,4.0,7
14.0,female,9,1.73,102.06,3.0,3.0,6
14.0,female,9,1.5,48.08,7.0,7.0,7
14.0,female,9,1.63,55.34,3.0,0.0,9
15.0,female,9,1.68,61.69,7.0,7.0,<5
14.0,female,9,1.52,49.9,7.0,4.0,<5
14.0,female,9,1.73,47.63,7.0,3.0,8
14.0,female,9,1.47,53.52,4.0,1.0,
15.0,female,9,1.65,62.6,3.0,3.0,8
15.0,female,9,,,4.0,3.0,
14.0,female,9,1.57,44.0,3.0,3.0,7
15.0,male,9,1.73,68.49,7.0,6.0,7
14.0,male,9,1.8,84.82,2.0,1.0,7
15.0,male,9,1.63,48.08,5.0,6.0,7
15.0,male,9,1.65,68.04,3.0,1.0,6
15.0,male,9,1.9,63.5,7.0,7.0,9
14.0,male,9,1.83,83.92,7.0,0.0,6
15.0,male,9,1.83,81.65,7.0,7.0,8
14.0,male,9,1.83,79.38,7.0,7.0,5
14.0,male,9,1.75,58.97,7.0,7.0,6
15.0,male,9,1.63,49.9,7.0,4.0,8
14.0,male,9,1.78,58.97,2.0,1.0,7
15.0,male,9,1.8,69.4,7.0,7.0,9
14.0,male,9,1.63,45.36,4.0,5.0,8
14.0,male,9,1.68,66.68,1.0,1.0,8
14.0,male,9,1.73,65.77,6.0,4.0,7
14.0,male,9,,,7.0,3.0,8
14.0,male,9,,,4.0,3.0,8
14.0,male,9,1.8,51.71,7.0,5.0,9
15.0,male,9,1.85,67.13,6.0,5.0,6
15.0,female,9,,,7.0,0.0,<5
15.0,male,9,1.85,97.07,,,
14.0,female,9,1.63,65.32,3.0,3.0,6
15.0,male,9,,,3.0,3.0,5
15.0,female,10,1.78,70.31,3.0,3.0,8
15.0,female,10,1.7,58.51,5.0,3.0,7
15.0,female,10,1.68,58.97,7.0,4.0,8
15.0,female,10,1.65,58.06,7.0,7.0,5
15.0,female,10,1.65,56.7,5.0,2.0,7
15.0,female,10,1.75,66.68,5.0,6.0,8
15.0,female,10,1.6,40.82,3.0,0.0,7
16.0,male,10,1.85,82.1,7.0,5.0,7
16.0,male,10,1.7,95.26,5.0,5.0,8
17.0,male,12,1.75,47.63,7.0,4.0,5
15.0,male,10,1.8,72.58,7.0,7.0,6
16.0,male,10,1.83,68.04,7.0,6.0,8
16.0,male,10,1.68,82.56,5.0,5.0,8
17.0,male,10,,,7.0,5.0,10+
16.0,male,10,1.83,74.84,5.0,5.0,<5
15.0,male,10,1.83,68.04,7.0,5.0,<5
16.0,male,10,1.68,58.97,7.0,7.0,7
16.0,male,10,1.78,56.7,5.0,1.0,7
16.0,male,10,1.83,74.84,7.0,7.0,7
15.0,male,10,1.73,69.85,2.0,4.0,8
16.0,male,10,1.93,90.72,7.0,4.0,6
16.0,male,10,1.78,71.22,5.0,5.0,8
16.0,,10,,,7.0,7.0,7
16.0,female,10,1.6,44.45,5.0,5.0,7
16.0,female,10,1.73,61.24,5.0,4.0,7
16.0,female,10,1.47,48.99,0.0,0.0,7
15.0,female,10,1.63,86.64,1.0,0.0,5
15.0,female,10,1.57,46.27,7.0,6.0,6
16.0,female,10,1.63,54.89,5.0,3.0,7
16.0,female,10,1.65,52.16,5.0,3.0,8
16.0,female,10,1.55,68.04,4.0,0.0,7
16.0,female,11,1.57,52.62,5.0,3.0,6
16.0,female,11,1.6,45.36,0.0,1.0,7
16.0,female,11,1.6,68.04,0.0,7.0,5
16.0,female,11,1.65,51.26,1.0,0.0,7
16.0,female,11,1.7,52.16,6.0,3.0,6
16.0,female,11,1.57,58.97,6.0,6.0,5
17.0,female,11,1.78,74.84,6.0,3.0,8
17.0,female,11,1.7,58.97,3.0,5.0,7
17.0,female,11,1.57,56.7,2.0,3.0,<5
17.0,female,11,1.7,57.61,1.0,0.0,<5
17.0,female,11,1.63,63.5,4.0,1.0,9
16.0,female,11,1.6,46.72,5.0,0.0,5
16.0,female,11,1.63,61.24,1.0,1.0,7
16.0,female,11,1.73,49.9,2.0,0.0,5
16.0,female,11,1.63,47.63,1.0,0.0,6
16.0,female,11,1.63,65.77,3.0,5.0,8
16.0,female,11,1.63,65.77,5.0,5.0,8
16.0,female,11,1.68,56.7,,,
16.0,female,11,1.52,56.7,3.0,0.0,6
17.0,female,11,1.7,49.9,7.0,7.0,8
17.0,female,11,1.6,54.89,0.0,0.0,9
17.0,male,11,1.83,83.92,3.0,3.0,6
17.0,male,11,1.78,97.52,2.0,0.0,8
16.0,male,11,1.8,95.26,4.0,4.0,7
16.0,male,11,1.78,82.1,6.0,5.0,7
17.0,male,11,1.83,68.04,4.0,0.0,5
16.0,male,11,1.65,54.43,0.0,0.0,8
17.0,male,11,1.83,66.68,5.0,7.0,6
17.0,male,11,1.83,67.13,3.0,1.0,7
17.0,male,11,1.73,71.67,5.0,5.0,7
16.0,male,11,,,2.0,0.0,6
17.0,male,11,1.7,58.97,7.0,7.0,7
16.0,male,11,1.68,74.84,6.0,5.0,8
17.0,male,11,1.88,86.18,7.0,7.0,7
,male,,,,1.0,0.0,8
17.0,female,12,1.73,63.5,3.0,2.0,6
18.0,female,12,1.65,88.91,0.0,0.0,5
17.0,female,12,1.73,56.7,4.0,1.0,7
17.0,female,12,1.75,54.43,3.0,3.0,6
18.0,female,12,1.6,56.7,6.0,4.0,9
17.0,female,12,1.57,48.08,5.0,5.0,6
17.0,female,12,1.6,48.99,4.0,2.0,7
18.0,female,12,1.6,49.9,4.0,0.0,5
18.0,female,12,1.73,69.4,6.0,3.0,8
18.0,female,12,1.52,54.89,7.0,4.0,8
18.0,female,12,1.52,58.97,4.0,3.0,5
17.0,female,12,1.65,46.27,3.0,3.0,7
17.0,female,12,1.63,51.71,7.0,3.0,5
17.0,female,12,1.57,56.7,3.0,3.0,6
17.0,female,12,1.68,74.84,6.0,2.0,7
18.0,male,12,2.11,97.52,7.0,7.0,7
17.0,male,12,1.8,66.23,7.0,2.0,8
17.0,male,12,1.75,63.5,7.0,2.0,7
18.0,male,12,1.78,61.24,1.0,0.0,7
18.0,male,12,1.75,75.3,2.0,6.0,5
18.0,male,12,1.73,72.58,1.0,1.0,6
18.0,male,12,1.83,83.92,7.0,7.0,7
17.0,male,12,1.73,58.97,7.0,7.0,8
17.0,male,12,1.8,75.3,7.0,3.0,6
18.0,male,12,1.7,49.9,2.0,0.0,6
17.0,male,12,1.9,83.46,4.0,3.0,7
18.0,male,12,1.78,77.11,0.0,0.0,6
17.0,male,12,1.85,90.72,3.0,5.0,9
18.0,male,12,1.83,88.45,4.0,,6
18.0,male,12,1.78,61.24,7.0,0.0,6
18.0,male,12,1.6,48.54,1.0,6.0,6
17.0,male,12,1.83,64.86,7.0,7.0,7
17.0,male,12,1.63,49.9,3.0,3.0,7
17.0,male,12,1.73,70.31,6.0,6.0,7
18.0,male,12,1.73,75.3,5.0,5.0,8
17.0,male,12,1.78,65.77,7.0,4.0,7
18.0,male,12,1.8,70.31,3.0,3.0,7
17.0,male,12,1.75,74.84,5.0,2.0,7
15.0,female,9,1.68,72.58,1.0,0.0,7
15.0,female,9,1.5,56.7,5.0,5.0,7
14.0,female,9,1.55,61.69,5.0,7.0,7
15.0,female,9,1.57,73.94,0.0,0.0,8
15.0,female,9,1.65,60.33,3.0,0.0,5
14.0,female,9,,,0.0,0.0,8
14.0,female,9,1.7,50.35,2.0,1.0,5
14.0,female,9,1.52,57.15,0.0,0.0,7
15.0,female,9,1.57,59.88,1.0,1.0,7
14.0,female,9,1.52,44.91,1.0,0.0,6
15.0,female,9,1.6,57.15,1.0,1.0,7
14.0,female,9,1.55,49.44,5.0,5.0,6
14.0,female,9,1.55,52.16,1.0,0.0,8
15.0,male,9,,,3.0,3.0,7
15.0,male,9,,,3.0,3.0,8
14.0,male,9,,,4.0,4.0,7
15.0,male,9,,,7.0,4.0,9
14.0,male,9,1.65,59.88,2.0,4.0,7
14.0,male,9,1.65,58.97,5.0,7.0,6
15.0,male,9,1.8,63.5,7.0,7.0,5
14.0,male,9,1.6,64.41,7.0,7.0,10+
15.0,male,9,1.8,77.11,0.0,7.0,8
15.0,male,9,1.73,61.69,7.0,7.0,9
15.0,male,9,1.75,115.67,4.0,2.0,5
15.0,male,9,,,2.0,2.0,6
14.0,male,9,,,,,
15.0,male,9,2.03,64.86,1.0,1.0,8
15.0,male,9,1.65,57.15,5.0,5.0,9
15.0,male,9,1.73,46.27,0.0,0.0,8
15.0,male,9,1.6,78.93,2.0,3.0,9
15.0,male,9,1.73,77.11,5.0,5.0,8
14.0,male,9,1.75,61.69,6.0,5.0,6
14.0,male,9,,,3.0,2.0,8
14.0,male,9,,,7.0,6.0,6
14.0,male,9,1.6,48.54,0.0,0.0,
14.0,male,9,1.68,53.07,3.0,3.0,7
14.0,male,9,,,7.0,7.0,5
14.0,male,9,,,5.0,5.0,9
15.0,male,9,1.78,77.11,0.0,0.0,6
15.0,male,9,1.57,55.79,5.0,0.0,6
15.0,female,9,1.5,62.14,1.0,1.0,7
14.0,female,9,1.63,65.77,1.0,1.0,6
14.0,female,9,1.57,50.8,6.0,4.0,8
15.0,female,9,1.57,52.16,2.0,0.0,<5
14.0,female,9,1.5,44.45,1.0,0.0,8
15.0,female,9,1.63,50.8,5.0,0.0,7
14.0,female,9,,,0.0,0.0,<5
15.0,female,9,1.57,69.4,3.0,3.0,7
15.0,female,9,,,0.0,0.0,8
15.0,female,9,1.6,49.9,0.0,0.0,6
15.0,male,10,1.63,83.92,7.0,1.0,6
16.0,male,10,1.63,72.58,3.0,3.0,7
16.0,male,10,1.73,55.79,7.0,7.0,8
15.0,male,10,1.8,88.45,0.0,0.0,8
15.0,male,10,1.8,86.18,6.0,2.0,8
15.0,male,10,1.88,83.92,7.0,6.0,9
15.0,male,10,1.78,56.7,5.0,3.0,8
16.0,male,10,1.83,99.79,7.0,5.0,8
15.0,male,10,1.83,70.31,2.0,0.0,7
16.0,male,10,1.8,70.31,7.0,3.0,6
16.0,male,10,1.78,58.97,3.0,2.0,7
16.0,female,10,1.73,95.26,0.0,0.0,7
16.0,female,10,1.6,73.94,5.0,5.0,8
17.0,female,12,1.73,56.7,5.0,0.0,6
16.0,female,10,1.55,56.7,3.0,0.0,5
16.0,female,10,1.6,54.43,3.0,2.0,7
15.0,female,10,1.68,52.16,5.0,3.0,6
15.0,female,10,1.6,45.36,5.0,2.0,8
16.0,female,10,1.68,77.11,7.0,7.0,7
15.0,female,10,1.65,70.31,7.0,7.0,7
15.0,female,10,1.6,66.23,7.0,0.0,7
15.0,female,10,1.63,51.26,7.0,7.0,6
17.0,female,12,1.55,49.9,2.0,0.0,8
16.0,female,10,1.63,58.51,6.0,6.0,7
18.0,female,12,1.55,53.07,5.0,5.0,8
16.0,female,10,1.65,68.04,4.0,0.0,7
16.0,female,10,1.88,81.65,7.0,5.0,7
16.0,female,10,1.78,58.06,7.0,7.0,9
17.0,male,11,1.75,68.95,3.0,2.0,7
17.0,male,11,1.78,113.4,3.0,3.0,6
17.0,male,11,1.93,100.7,0.0,0.0,6
17.0,male,11,1.83,74.84,7.0,6.0,8
17.0,male,11,1.78,74.84,7.0,7.0,7
15.0,male,10,1.83,52.62,5.0,5.0,8
16.0,male,11,1.65,53.07,6.0,4.0,7
17.0,male,11,1.78,65.77,3.0,2.0,5
18.0,male,12,1.75,100.7,6.0,0.0,6
17.0,male,11,1.85,102.06,6.0,6.0,6
17.0,male,11,1.8,70.31,2.0,0.0,7
16.0,male,10,1.7,72.58,3.0,4.0,7
16.0,male,11,1.8,70.76,5.0,6.0,6
18.0,female,12,1.63,73.03,4.0,0.0,7
16.0,female,11,1.65,58.97,2.0,0.0,6
16.0,female,11,1.63,53.52,3.0,0.0,7
17.0,female,11,1.63,56.7,3.0,5.0,7
15.0,female,10,1.55,54.89,6.0,3.0,8
18.0,female,11,1.5,44.45,3.0,3.0,8
16.0,female,10,1.57,53.07,7.0,7.0,7
16.0,female,11,1.7,56.25,1.0,1.0,8
16.0,female,11,1.7,56.7,5.0,0.0,8
17.0,female,11,1.68,53.52,0.0,0.0,7
18.0,female,12,1.63,47.63,5.0,4.0,7
16.0,female,11,1.65,61.24,0.0,0.0,9
17.0,female,11,1.78,95.26,4.0,0.0,7
16.0,female,11,1.63,128.37,0.0,0.0,8
18.0,female,11,1.57,44.45,4.0,0.0,9
,male,,,,7.0,4.0,9
18.0,male,12,1.7,73.94,0.0,0.0,9
17.0,male,12,1.78,77.11,2.0,0.0,7
17.0,male,12,1.93,90.72,7.0,7.0,
17.0,female,12,1.7,69.4,5.0,5.0,8
18.0,female,12,1.65,104.78,2.0,0.0,<5
18.0,female,12,1.68,56.7,5.0,3.0,7
17.0,female,12,1.68,46.27,7.0,7.0,
17.0,female,12,1.57,54.43,0.0,0.0,9
17.0,female,12,1.98,119.3,0.0,0.0,7
18.0,female,12,1.55,53.52,0.0,3.0,6
17.0,female,12,1.63,61.24,0.0,0.0,8
17.0,female,12,1.6,59.42,4.0,4.0,7
17.0,female,12,1.7,54.43,6.0,6.0,6
17.0,female,12,1.6,58.97,0.0,0.0,9
17.0,female,12,1.6,46.27,0.0,0.0,8
,male,,,,0.0,0.0,<5
18.0,male,12,1.73,84.82,0.0,0.0,6
17.0,male,12,1.75,99.79,0.0,0.0,7
17.0,male,12,1.85,70.31,7.0,7.0,7
17.0,male,12,1.57,45.81,2.0,4.0,8
17.0,male,12,1.57,70.76,6.0,5.0,7
18.0,male,12,1.47,63.5,7.0,5.0,6
18.0,male,12,1.73,81.65,3.0,3.0,7
18.0,male,12,1.85,68.04,3.0,4.0,<5
17.0,male,12,1.88,104.33,1.0,1.0,7
17.0,male,12,1.73,61.24,3.0,3.0,7
17.0,male,12,1.75,67.13,1.0,1.0,7
15.0,female,9,1.55,54.89,6.0,3.0,7
14.0,female,9,1.68,59.88,0.0,0.0,5
15.0,female,9,1.35,47.17,1.0,1.0,8
15.0,female,9,1.52,77.11,3.0,0.0,6
16.0,female,9,1.6,53.52,1.0,6.0,5
14.0,female,9,1.57,52.62,1.0,0.0,5
14.0,female,9,1.65,82.56,2.0,1.0,7
16.0,female,9,1.47,46.72,1.0,1.0,5
14.0,female,9,1.45,42.18,0.0,1.0,9
14.0,female,9,1.6,55.34,7.0,7.0,7
14.0,male,9,1.57,47.17,7.0,2.0,7
15.0,male,9,1.68,90.72,4.0,4.0,5
15.0,male,9,1.78,53.07,7.0,3.0,6
14.0,male,9,1.73,61.24,5.0,6.0,5
14.0,male,9,1.57,47.63,3.0,3.0,9
14.0,male,9,,,4.0,5.0,9
16.0,male,9,1.75,59.88,7.0,6.0,5
14.0,male,9,1.68,68.04,3.0,3.0,7
16.0,female,10,1.75,84.82,6.0,3.0,6
15.0,female,10,1.68,44.45,5.0,0.0,7
15.0,female,10,1.63,61.24,0.0,2.0,7
16.0,female,10,1.55,44.45,0.0,0.0,<5
16.0,female,10,1.6,74.84,5.0,,8
15.0,female,10,1.57,49.44,0.0,0.0,<5
15.0,female,10,1.6,50.8,3.0,3.0,6
16.0,female,10,1.6,77.11,5.0,3.0,6
16.0,female,10,1.73,83.92,4.0,0.0,5
16.0,female,10,1.7,71.67,2.0,2.0,7
16.0,female,10,1.5,56.25,6.0,6.0,6
15.0,female,10,1.5,61.69,0.0,0.0,8
15.0,female,10,1.57,49.9,7.0,7.0,6
16.0,female,10,1.57,81.65,6.0,6.0,6
16.0,female,10,1.55,45.81,2.0,2.0,5
15.0,male,10,1.65,55.79,3.0,3.0,5
16.0,male,10,1.73,63.96,4.0,2.0,6
17.0,male,10,1.75,69.85,2.0,0.0,5
15.0,male,10,1.8,68.04,0.0,0.0,7
15.0,male,10,1.78,57.15,1.0,2.0,7
15.0,male,10,,,3.0,7.0,6
16.0,male,10,1.88,83.92,7.0,4.0,8
17.0,female,12,1.6,68.04,0.0,2.0,7
18.0,female,12,1.7,53.52,3.0,0.0,6
17.0,female,12,1.68,99.79,0.0,0.0,6
17.0,female,12,1.63,65.32,4.0,4.0,<5
18.0,female,12,1.68,74.84,2.0,1.0,6
17.0,female,12,1.6,58.06,7.0,6.0,<5
17.0,female,12,1.6,57.61,4.0,3.0,<5
17.0,female,12,1.52,48.54,1.0,1.0,
17.0,female,12,1.63,53.07,0.0,0.0,6
17.0,female,12,1.65,79.38,5.0,0.0,6
18.0,female,12,1.55,44.0,7.0,5.0,6
17.0,female,12,1.55,70.31,2.0,2.0,5
17.0,male,12,1.78,70.31,,,
17.0,male,12,1.8,97.52,4.0,1.0,5
18.0,male,12,1.7,84.37,7.0,4.0,6
17.0,male,12,,,7.0,7.0,<5
18.0,male,12,1.57,48.99,4.0,1.0,6
18.0,male,12,1.83,86.18,0.0,0.0,6
18.0,female,11,1.65,58.06,5.0,5.0,8
17.0,female,11,1.65,70.76,5.0,4.0,8
17.0,female,11,1.52,61.24,3.0,3.0,8
18.0,female,11,1.55,70.76,7.0,7.0,5
16.0,female,11,1.55,75.3,0.0,0.0,6
17.0,female,11,1.68,111.13,0.0,3.0,5
17.0,female,11,1.6,86.18,7.0,7.0,7
18.0,female,11,1.57,87.09,4.0,2.0,6
17.0,female,11,1.65,99.34,4.0,4.0,5
17.0,female,11,1.73,78.02,5.0,3.0,7
17.0,female,11,1.57,72.58,6.0,5.0,6
16.0,male,11,1.85,81.65,0.0,0.0,6
16.0,male,11,1.7,65.77,1.0,0.0,6
17.0,male,11,1.68,60.78,3.0,3.0,5
17.0,male,11,1.75,72.58,7.0,4.0,6
17.0,male,11,1.8,81.65,4.0,3.0,6
17.0,male,11,1.78,63.5,7.0,7.0,6
18.0,male,11,1.6,54.43,1.0,1.0,<5
16.0,male,11,1.8,81.65,3.0,5.0,5
18.0,male,11,1.65,61.24,6.0,3.0,8
17.0,male,11,1.78,83.92,7.0,1.0,8
17.0,male,11,1.68,78.02,,7.0,<5
16.0,male,11,1.7,68.04,2.0,2.0,5
17.0,male,11,1.85,72.58,2.0,7.0,9
17.0,male,11,,,4.0,2.0,5
18.0,female,11,1.6,64.86,5.0,5.0,7
18.0,female,11,1.45,56.7,1.0,0.0,7
17.0,female,11,1.52,68.04,6.0,6.0,9
18.0,female,11,1.55,82.56,5.0,3.0,5
17.0,female,11,1.57,67.13,0.0,0.0,6
17.0,female,11,1.57,57.61,2.0,2.0,5
18.0,female,11,1.65,68.04,0.0,0.0,6
17.0,female,12,1.5,47.63,0.0,0.0,<5
18.0,female,11,,,6.0,5.0,8
16.0,female,11,1.63,71.67,0.0,1.0,5
17.0,female,11,1.57,49.9,0.0,0.0,6
18.0,female,11,,,6.0,3.0,8
17.0,female,11,1.68,90.72,6.0,5.0,6
16.0,male,11,1.85,117.94,2.0,0.0,6
17.0,male,11,1.78,68.04,2.0,3.0,8
17.0,male,11,1.83,72.58,7.0,7.0,8
18.0,female,12,1.55,52.16,4.0,4.0,7
18.0,female,12,1.57,81.65,2.0,0.0,<5
18.0,female,12,1.65,72.58,4.0,3.0,<5
18.0,female,12,1.5,71.67,7.0,0.0,6
18.0,female,12,1.52,55.34,0.0,2.0,5
18.0,female,12,1.6,72.58,0.0,0.0,7
18.0,male,12,1.83,63.5,3.0,0.0,7
18.0,female,12,1.57,58.97,3.0,0.0,7
17.0,female,12,1.52,40.82,0.0,0.0,6
18.0,female,12,1.55,57.15,2.0,2.0,6
18.0,female,,1.6,68.49,0.0,7.0,<5
18.0,female,12,1.63,70.76,3.0,0.0,7
18.0,female,12,1.57,65.77,7.0,7.0,8
18.0,female,12,1.63,58.97,7.0,0.0,7
18.0,female,12,1.73,90.72,5.0,0.0,6
18.0,female,12,1.65,63.5,1.0,0.0,5
18.0,female,12,,,1.0,1.0,<5
18.0,female,12,1.42,52.62,7.0,7.0,7
18.0,female,12,,,4.0,4.0,5
18.0,female,12,,,7.0,0.0,<5
18.0,female,12,1.63,61.69,7.0,2.0,5
17.0,male,12,1.68,67.59,2.0,1.0,6
18.0,male,12,1.83,77.11,7.0,7.0,7
18.0,male,12,1.7,86.18,7.0,7.0,7
18.0,male,12,1.85,77.11,4.0,0.0,10+
18.0,male,12,1.7,108.86,2.0,1.0,<5
18.0,male,12,1.73,89.81,2.0,0.0,8
18.0,male,12,1.6,58.51,0.0,0.0,8
18.0,male,12,1.6,61.24,0.0,0.0,8
16.0,male,12,,,3.0,3.0,10+
18.0,male,12,1.75,58.97,1.0,1.0,<5
18.0,male,12,1.73,112.49,7.0,5.0,<5
18.0,male,12,1.85,79.38,3.0,2.0,5
18.0,male,12,1.65,80.74,2.0,2.0,<5
18.0,male,12,1.68,63.5,7.0,7.0,6
18.0,male,12,,,4.0,2.0,8
17.0,female,12,1.65,89.81,2.0,2.0,8
14.0,female,9,1.52,52.16,0.0,0.0,<5
16.0,female,10,1.68,74.84,7.0,7.0,10+
14.0,female,9,1.73,72.58,4.0,0.0,7
16.0,female,9,1.55,83.46,1.0,0.0,6
18.0,male,9,1.73,75.3,0.0,0.0,5
17.0,male,10,1.68,99.79,0.0,2.0,6
16.0,male,11,1.75,83.92,5.0,5.0,7
17.0,male,10,1.88,113.4,0.0,0.0,<5
17.0,female,11,1.65,79.38,0.0,0.0,5
16.0,female,11,1.57,57.15,0.0,0.0,8
16.0,female,10,1.68,82.1,1.0,0.0,10+
16.0,female,10,1.52,49.9,0.0,0.0,<5
18.0,male,12,1.7,72.12,4.0,2.0,7
18.0,male,12,1.78,68.04,2.0,0.0,5
18.0,male,12,1.7,61.24,7.0,7.0,7
18.0,male,12,1.75,72.58,0.0,0.0,5
17.0,male,12,1.83,83.92,5.0,4.0,5
18.0,male,12,1.75,70.76,4.0,4.0,7
17.0,male,12,1.73,94.8,4.0,3.0,6
,male,,,,5.0,5.0,5
17.0,female,12,1.68,70.76,0.0,0.0,7
18.0,female,12,1.6,62.6,1.0,0.0,7
18.0,female,12,1.65,45.36,2.0,0.0,5
18.0,female,12,1.63,71.22,7.0,3.0,6
17.0,female,12,1.68,81.65,1.0,1.0,7
18.0,female,12,1.68,81.65,0.0,0.0,8
17.0,female,12,1.57,89.81,1.0,0.0,5
17.0,female,12,1.63,86.18,3.0,1.0,7
17.0,female,12,1.47,57.61,0.0,0.0,6
17.0,female,12,1.73,70.76,4.0,3.0,8
18.0,female,12,1.7,73.94,4.0,1.0,6
17.0,female,12,1.65,49.44,5.0,0.0,8
15.0,male,10,1.83,117.03,3.0,3.0,8
17.0,male,10,1.6,63.05,5.0,3.0,7
15.0,male,10,,,5.0,3.0,7
16.0,male,10,1.9,58.97,2.0,3.0,6
16.0,male,10,,,0.0,0.0,6
17.0,male,10,1.6,89.81,7.0,4.0,8
16.0,male,10,1.88,83.92,6.0,4.0,8
16.0,male,10,1.93,97.07,7.0,,7
16.0,female,10,1.63,53.07,2.0,0.0,6
16.0,female,10,1.68,89.36,3.0,5.0,9
16.0,female,10,1.7,58.51,7.0,7.0,8
17.0,female,10,1.55,52.16,4.0,7.0,10+
16.0,female,10,1.7,65.77,7.0,7.0,7
17.0,female,10,1.55,55.79,7.0,0.0,6
17.0,female,10,1.68,49.9,7.0,0.0,10+
16.0,female,10,1.73,84.82,3.0,2.0,7
16.0,female,10,1.52,63.5,0.0,0.0,7
15.0,male,9,1.68,59.88,7.0,7.0,5
14.0,male,9,,,0.0,4.0,10+
14.0,male,9,,,0.0,3.0,<5
15.0,male,9,,,3.0,3.0,6
16.0,male,9,1.85,106.6,7.0,3.0,7
16.0,male,9,1.6,58.97,1.0,4.0,9
15.0,male,9,1.68,66.68,5.0,6.0,8
14.0,male,9,1.8,58.51,7.0,2.0,<5
15.0,male,9,,,7.0,7.0,<5
15.0,male,9,1.75,68.04,0.0,1.0,7
14.0,male,9,1.83,77.57,3.0,2.0,8
15.0,male,9,1.8,73.94,0.0,0.0,8
15.0,male,9,1.75,79.38,7.0,7.0,8
15.0,female,9,1.57,57.61,7.0,2.0,7
15.0,female,9,1.68,66.68,3.0,0.0,5
15.0,female,9,1.63,49.9,7.0,7.0,7
16.0,female,9,1.6,43.09,,,
16.0,female,9,1.57,65.77,2.0,0.0,8
15.0,female,9,1.57,62.6,0.0,0.0,8
15.0,female,9,1.68,67.13,1.0,1.0,6
14.0,female,9,1.6,61.24,4.0,2.0,9
14.0,female,9,1.65,44.0,1.0,2.0,<5
15.0,female,9,,,1.0,1.0,
17.0,male,11,1.78,61.24,0.0,0.0,5
18.0,male,11,1.45,44.45,4.0,3.0,6
17.0,male,11,1.88,117.03,6.0,0.0,8
17.0,male,11,1.8,75.3,6.0,2.0,10+
18.0,male,11,1.83,68.49,7.0,7.0,7
17.0,male,11,1.85,72.58,5.0,5.0,6
16.0,male,11,1.88,78.02,2.0,4.0,6
18.0,male,11,1.78,83.92,7.0,2.0,7
16.0,female,11,1.6,54.43,0.0,7.0,5
16.0,female,11,1.65,56.7,0.0,2.0,5
17.0,female,11,1.52,54.89,5.0,5.0,<5
17.0,female,11,1.75,56.7,1.0,1.0,<5
17.0,female,11,1.68,64.86,4.0,0.0,5
17.0,female,11,1.7,68.95,0.0,0.0,6
16.0,female,11,1.68,48.54,7.0,5.0,5
17.0,female,11,1.55,51.26,7.0,0.0,7
17.0,female,11,,,1.0,0.0,5
17.0,female,11,1.55,74.84,2.0,3.0,9
16.0,female,11,1.55,81.65,0.0,1.0,7
17.0,female,11,1.7,54.89,7.0,7.0,7
17.0,female,11,1.65,58.97,7.0,7.0,6
17.0,female,11,1.63,56.25,4.0,1.0,10+
15.0,female,9,1.7,73.03,6.0,4.0,6
15.0,female,9,1.55,49.9,7.0,5.0,6
15.0,female,9,1.68,68.95,6.0,2.0,5
15.0,female,9,1.7,79.83,3.0,0.0,5
15.0,female,9,1.68,54.43,3.0,2.0,7
15.0,female,9,1.52,49.9,7.0,7.0,8
15.0,female,9,1.75,64.86,4.0,7.0,5
15.0,female,9,1.52,37.65,7.0,7.0,5
15.0,female,9,1.73,99.79,2.0,7.0,10+
15.0,female,9,1.63,59.88,7.0,7.0,7
,male,,,,2.0,2.0,<5
15.0,male,9,1.7,54.43,4.0,0.0,8
15.0,male,9,1.73,90.72,7.0,5.0,8
15.0,male,9,1.78,107.5,3.0,0.0,6
15.0,male,9,1.68,47.63,7.0,7.0,7
15.0,male,9,1.7,61.24,7.0,5.0,8
15.0,male,9,1.78,90.72,7.0,5.0,8
14.0,male,9,1.73,56.7,4.0,5.0,7
15.0,male,9,1.8,77.11,7.0,5.0,8
17.0,female,12,1.7,55.79,6.0,0.0,7
17.0,female,12,1.63,71.67,0.0,0.0,<5
17.0,female,12,1.57,67.13,2.0,2.0,<5
17.0,female,12,1.55,52.16,6.0,0.0,8
17.0,female,12,1.63,48.08,0.0,0.0,6
18.0,female,12,1.75,61.24,1.0,0.0,5
18.0,female,12,1.52,47.63,0.0,0.0,5
17.0,female,12,1.57,63.5,0.0,0.0,7
18.0,female,12,1.63,88.0,4.0,0.0,7
18.0,female,12,1.57,45.36,0.0,0.0,7
18.0,female,12,1.63,67.59,0.0,0.0,6
17.0,female,12,1.73,65.77,7.0,7.0,6
17.0,female,12,1.6,62.14,7.0,7.0,6
18.0,female,12,1.5,44.0,7.0,3.0,7
18.0,female,12,1.7,73.94,0.0,0.0,6
17.0,female,12,1.63,49.9,2.0,1.0,5
17.0,male,12,1.83,88.45,7.0,7.0,6
17.0,male,12,1.7,71.67,4.0,3.0,5
17.0,male,12,1.9,96.16,5.0,0.0,6
17.0,male,12,1.75,68.04,4.0,0.0,7
18.0,male,12,1.83,104.33,5.0,4.0,7
17.0,male,12,,,7.0,0.0,6
18.0,male,12,1.68,71.67,4.0,1.0,<5
17.0,male,12,1.8,61.24,4.0,0.0,7
15.0,female,9,1.52,48.54,7.0,3.0,6
15.0,female,9,1.57,45.81,4.0,3.0,7
15.0,female,9,1.68,63.05,3.0,0.0,5
14.0,female,9,1.57,44.45,5.0,0.0,6
14.0,female,9,1.55,54.43,0.0,0.0,6
14.0,female,9,1.65,44.0,7.0,0.0,8
14.0,female,9,1.5,70.31,2.0,2.0,10+
15.0,female,9,1.68,56.7,3.0,1.0,6
14.0,female,9,1.57,50.8,0.0,0.0,<5
15.0,male,9,1.65,56.7,7.0,7.0,6
15.0,male,9,1.73,90.72,5.0,0.0,9
13.0,male,9,1.78,65.77,7.0,7.0,7
14.0,male,9,1.9,90.72,3.0,2.0,6
15.0,male,9,1.73,68.04,6.0,6.0,8
14.0,female,9,1.55,45.36,0.0,2.0,6
15.0,male,9,1.6,54.43,7.0,1.0,7
15.0,male,9,1.8,71.22,0.0,0.0,<5
14.0,male,9,1.8,68.04,7.0,2.0,8
14.0,male,9,1.73,66.68,7.0,7.0,8
14.0,male,9,1.68,58.97,1.0,3.0,5
14.0,male,9,1.65,58.51,0.0,0.0,8
14.0,male,9,1.57,49.44,3.0,7.0,6
14.0,male,9,1.68,47.17,7.0,7.0,9
14.0,male,9,1.68,55.79,7.0,5.0,<5
15.0,male,9,1.8,68.04,5.0,5.0,7
16.0,female,10,1.57,52.16,7.0,7.0,5
16.0,female,10,1.63,56.7,6.0,4.0,7
17.0,female,10,1.68,61.24,0.0,4.0,8
16.0,female,10,1.63,63.5,0.0,0.0,<5
17.0,female,10,1.7,69.85,1.0,1.0,6
15.0,female,10,1.7,50.35,7.0,7.0,8
16.0,female,10,1.52,43.09,1.0,3.0,6
16.0,female,10,1.57,56.7,1.0,1.0,7
15.0,female,10,1.7,68.04,0.0,0.0,5
16.0,male,10,1.75,68.04,7.0,6.0,6
15.0,male,10,1.65,47.63,7.0,7.0,5
15.0,male,10,1.73,83.92,2.0,1.0,7
16.0,male,10,1.8,109.32,5.0,7.0,<5
15.0,male,10,1.78,104.33,7.0,7.0,7
16.0,male,10,1.83,72.58,7.0,7.0,8
17.0,male,10,1.83,113.4,7.0,7.0,10+
15.0,male,10,1.55,49.9,7.0,5.0,7
15.0,male,10,1.78,79.38,6.0,5.0,7
15.0,male,10,1.7,56.7,1.0,1.0,7
15.0,male,10,1.68,66.68,3.0,1.0,5
16.0,male,10,1.85,63.5,5.0,3.0,8
16.0,male,10,1.57,56.7,4.0,3.0,7
17.0,male,10,1.68,80.74,7.0,1.0,6
16.0,male,10,1.8,60.33,0.0,0.0,7
16.0,male,10,1.65,52.16,2.0,1.0,6
17.0,female,10,1.63,51.26,0.0,1.0,6
15.0,male,10,1.7,76.2,7.0,6.0,7
15.0,male,10,1.68,79.38,5.0,3.0,7
17.0,male,11,1.8,79.38,3.0,3.0,7
16.0,male,11,1.65,63.96,7.0,5.0,7
16.0,male,11,1.68,58.97,0.0,3.0,5
17.0,male,11,1.78,74.84,5.0,4.0,7
17.0,male,11,1.75,74.84,6.0,7.0,8
17.0,male,11,1.78,87.09,5.0,0.0,7
17.0,male,11,1.8,90.72,0.0,0.0,<5
17.0,male,11,1.75,92.53,4.0,1.0,5
18.0,male,11,1.78,69.4,7.0,7.0,6
18.0,male,12,1.75,79.38,7.0,7.0,6
16.0,male,11,1.7,63.5,7.0,7.0,<5
17.0,male,11,1.8,65.77,7.0,0.0,<5
16.0,male,11,1.75,73.03,3.0,3.0,
18.0,male,11,1.88,81.65,2.0,0.0,7
17.0,male,11,1.78,75.3,7.0,7.0,8
17.0,female,11,1.52,50.35,5.0,3.0,9
17.0,female,11,1.57,72.58,7.0,2.0,5
17.0,female,11,1.6,62.6,5.0,5.0,5
16.0,female,11,1.63,48.08,7.0,7.0,6
17.0,female,11,1.85,59.88,0.0,0.0,<5
17.0,female,11,1.6,70.31,3.0,0.0,8
17.0,female,11,1.57,54.89,7.0,3.0,<5
17.0,female,11,1.57,58.97,3.0,3.0,6
15.0,female,9,1.63,51.71,3.0,4.0,8
15.0,female,9,1.55,43.09,3.0,2.0,6
16.0,female,9,1.63,88.45,7.0,1.0,5
14.0,female,9,1.5,48.54,7.0,5.0,8
16.0,female,9,1.57,56.7,0.0,0.0,8
15.0,male,9,1.85,67.13,2.0,3.0,6
15.0,male,9,1.68,43.09,7.0,0.0,6
14.0,male,9,1.7,86.64,7.0,7.0,8
15.0,male,9,1.75,89.81,5.0,2.0,8
15.0,male,9,1.78,65.32,7.0,5.0,9
15.0,male,9,1.85,131.54,7.0,7.0,10+
15.0,male,9,1.8,102.06,7.0,7.0,7
14.0,male,9,1.75,89.36,7.0,6.0,10+
15.0,male,9,1.65,40.82,1.0,1.0,7
17.0,male,9,1.73,79.38,2.0,1.0,7
15.0,male,9,1.6,134.27,3.0,1.0,10+
16.0,male,9,1.8,115.21,4.0,0.0,5
16.0,male,9,1.78,64.41,7.0,7.0,7
15.0,male,9,1.78,83.46,7.0,7.0,7
15.0,male,9,1.68,62.6,7.0,7.0,8
15.0,male,9,1.75,64.41,7.0,5.0,8
16.0,male,9,1.63,47.63,7.0,3.0,7
15.0,male,9,,,0.0,0.0,<5
16.0,male,9,1.73,83.46,7.0,7.0,8
16.0,male,9,1.85,59.88,0.0,0.0,<5
16.0,male,9,1.65,64.41,4.0,3.0,
15.0,female,10,1.75,71.67,7.0,5.0,8
15.0,female,10,1.55,79.38,0.0,5.0,6
16.0,female,10,1.6,56.25,7.0,7.0,6
16.0,female,10,1.6,104.33,3.0,0.0,<5
15.0,female,10,1.78,86.18,3.0,0.0,8
16.0,female,10,1.52,49.9,5.0,5.0,7
16.0,female,10,1.7,54.43,7.0,4.0,8
15.0,female,10,1.6,44.45,5.0,4.0,7
16.0,male,10,1.73,79.38,7.0,7.0,7
15.0,male,10,1.88,70.31,4.0,4.0,8
16.0,male,10,1.8,75.75,6.0,1.0,7
16.0,male,10,1.93,70.76,2.0,7.0,8
16.0,male,10,1.68,58.51,3.0,5.0,6
16.0,male,10,1.75,53.98,5.0,3.0,8
15.0,male,10,1.78,65.77,7.0,7.0,7
15.0,male,10,1.78,80.74,6.0,0.0,6
18.0,male,12,1.85,113.4,0.0,0.0,9
18.0,male,12,1.78,79.38,5.0,5.0,7
17.0,male,11,1.85,82.56,2.0,0.0,8
15.0,male,9,1.73,80.74,2.0,0.0,9
14.0,male,9,1.7,58.97,7.0,3.0,9
14.0,male,9,1.78,75.3,5.0,0.0,8
15.0,female,9,1.6,68.04,2.0,0.0,6
15.0,female,9,1.63,70.31,2.0,0.0,7
16.0,female,10,1.68,63.5,2.0,0.0,8
15.0,female,9,,,0.0,0.0,8
16.0,female,10,1.73,53.07,0.0,0.0,8
18.0,female,12,1.65,81.65,7.0,0.0,<5
17.0,female,12,1.63,69.85,5.0,3.0,7
15.0,female,10,1.55,48.08,0.0,0.0,7
16.0,female,10,1.73,83.01,7.0,0.0,8
15.0,female,10,,,0.0,0.0,6
16.0,male,10,1.75,64.86,4.0,0.0,8
15.0,male,10,1.96,64.86,7.0,0.0,9
17.0,male,10,1.65,61.24,0.0,1.0,7
16.0,male,10,1.85,79.83,4.0,0.0,5
17.0,male,11,1.7,56.25,7.0,7.0,7
15.0,male,10,1.65,58.97,7.0,6.0,6
16.0,male,10,1.7,56.25,7.0,7.0,5
16.0,male,10,1.68,43.55,0.0,0.0,7
16.0,male,10,1.88,116.12,4.0,1.0,8
16.0,male,10,1.75,85.73,5.0,4.0,7
15.0,male,10,1.8,79.83,6.0,6.0,7
16.0,male,10,1.83,69.4,7.0,7.0,7
16.0,male,10,1.68,63.5,2.0,2.0,<5
16.0,male,10,1.68,54.43,7.0,0.0,7
16.0,female,10,1.63,48.99,3.0,3.0,8
17.0,female,12,1.7,90.72,3.0,0.0,5
16.0,female,10,1.55,42.64,0.0,0.0,5
15.0,female,10,1.68,60.78,7.0,7.0,6
15.0,female,10,1.7,92.99,7.0,0.0,6
16.0,female,10,1.52,77.57,0.0,0.0,8
16.0,female,10,1.6,49.9,0.0,0.0,7
15.0,female,10,1.63,56.7,5.0,5.0,7
15.0,female,10,1.57,49.9,5.0,0.0,8
15.0,female,10,1.6,72.58,1.0,1.0,8
15.0,female,10,1.6,52.16,0.0,0.0,6
15.0,female,10,1.52,42.18,6.0,0.0,8
15.0,female,10,1.6,54.43,5.0,4.0,8
15.0,female,10,1.55,70.76,1.0,1.0,8
18.0,female,12,1.65,61.24,3.0,0.0,5
17.0,female,12,1.68,67.59,3.0,0.0,6
18.0,female,12,1.52,45.36,0.0,0.0,7
17.0,female,12,1.78,64.86,1.0,1.0,6
17.0,female,12,1.73,68.04,0.0,0.0,7
18.0,female,12,1.63,58.06,6.0,5.0,
17.0,female,12,1.63,65.77,0.0,0.0,7
17.0,female,12,1.6,52.62,0.0,2.0,9
18.0,male,12,1.6,45.36,0.0,7.0,8
18.0,male,12,1.8,65.77,3.0,0.0,7
18.0,male,12,1.83,83.01,0.0,0.0,<5
17.0,male,12,1.85,70.31,5.0,3.0,7
18.0,male,12,1.75,68.04,5.0,4.0,7
18.0,male,12,1.9,113.4,1.0,1.0,6
18.0,male,12,1.85,111.13,5.0,5.0,8
18.0,male,12,1.8,65.77,4.0,5.0,6
18.0,male,12,1.8,87.09,5.0,4.0,7
,female,,,,6.0,3.0,<5
15.0,female,9,1.6,64.41,0.0,2.0,6
15.0,female,9,1.63,79.38,4.0,1.0,<5
15.0,female,9,1.52,39.92,3.0,1.0,7
15.0,female,9,1.55,57.15,5.0,4.0,9
14.0,female,9,1.65,61.24,7.0,7.0,6
15.0,female,9,1.55,62.14,1.0,0.0,5
14.0,female,9,1.57,47.63,0.0,0.0,8
15.0,female,9,1.63,49.9,0.0,2.0,9
15.0,female,9,1.63,54.43,2.0,2.0,6
15.0,female,9,1.45,49.44,1.0,2.0,7
15.0,female,9,1.68,97.52,4.0,0.0,6
14.0,female,9,1.63,73.03,1.0,1.0,5
15.0,female,9,1.63,54.43,7.0,3.0,6
15.0,female,9,1.63,64.41,4.0,4.0,8
15.0,female,9,,,4.0,4.0,5
16.0,male,9,1.85,73.48,7.0,6.0,9
16.0,male,9,1.57,66.23,1.0,1.0,<5
15.0,male,9,,,0.0,0.0,8
16.0,male,9,,,7.0,4.0,10+
16.0,male,9,1.73,54.89,4.0,7.0,5
15.0,male,9,1.73,77.11,3.0,3.0,8
15.0,male,9,1.7,77.57,6.0,0.0,8
15.0,male,9,1.6,49.9,5.0,3.0,9
15.0,male,9,1.63,68.04,0.0,0.0,5
14.0,male,9,1.75,112.04,7.0,7.0,9
15.0,male,9,1.75,53.52,7.0,0.0,6
15.0,male,9,1.85,86.64,7.0,2.0,7
15.0,male,9,1.73,72.58,7.0,6.0,7
15.0,male,9,1.63,108.86,3.0,3.0,9
15.0,male,9,,,7.0,5.0,5
15.0,male,9,1.75,95.26,0.0,3.0,8
14.0,female,9,1.7,56.7,4.0,0.0,5
15.0,female,9,1.27,36.29,0.0,1.0,7
14.0,female,9,1.65,62.6,5.0,6.0,6
15.0,female,9,1.63,51.71,0.0,0.0,7
15.0,female,9,1.63,58.97,4.0,4.0,7
14.0,female,9,1.55,51.26,1.0,0.0,<5
15.0,female,9,1.68,95.26,0.0,0.0,5
14.0,female,9,,,1.0,0.0,<5
14.0,female,9,1.57,66.23,6.0,6.0,8
15.0,female,9,1.47,53.98,3.0,3.0,7
15.0,female,9,1.52,58.97,2.0,3.0,7
14.0,female,9,1.57,68.49,3.0,1.0,8
15.0,female,9,,,,,5
15.0,female,9,1.57,62.14,0.0,0.0,7
15.0,female,9,1.57,59.88,2.0,0.0,7
14.0,female,9,1.63,58.97,3.0,3.0,8
15.0,female,9,1.75,95.26,4.0,2.0,5
15.0,female,9,1.55,58.06,3.0,0.0,7
15.0,female,9,1.65,78.02,4.0,3.0,
14.0,female,9,1.6,45.36,2.0,4.0,7
15.0,female,9,1.52,45.81,5.0,2.0,8
16.0,male,9,1.7,66.68,6.0,6.0,5
15.0,male,9,,,3.0,3.0,6
15.0,male,9,,,6.0,3.0,8
14.0,male,9,1.7,74.39,0.0,0.0,6
14.0,male,9,1.75,77.57,2.0,2.0,8
14.0,male,9,1.7,60.78,7.0,0.0,6
14.0,male,9,1.78,74.84,7.0,5.0,7
15.0,male,9,1.57,49.9,1.0,1.0,8
14.0,male,9,1.63,81.65,3.0,2.0,8
15.0,male,9,1.73,54.43,7.0,7.0,8
15.0,male,9,1.78,83.92,7.0,4.0,8
15.0,female,9,1.6,58.97,6.0,1.0,9
15.0,female,9,,,7.0,4.0,6
16.0,female,9,1.45,45.81,3.0,0.0,8
16.0,female,9,,,2.0,5.0,5
15.0,female,9,1.6,55.79,0.0,3.0,8
15.0,female,9,1.68,73.48,7.0,7.0,8
15.0,female,9,1.63,68.04,4.0,6.0,7
15.0,female,9,,,1.0,0.0,<5
15.0,female,9,1.57,44.0,5.0,2.0,8
14.0,female,9,1.63,50.8,0.0,0.0,7
14.0,female,9,1.83,65.77,5.0,3.0,6
15.0,female,9,1.57,78.93,7.0,4.0,5
14.0,female,9,1.65,60.78,7.0,7.0,10+
16.0,female,9,,,1.0,0.0,<5
16.0,female,9,1.57,54.43,1.0,0.0,5
16.0,female,9,1.68,73.03,7.0,7.0,10+
16.0,female,9,1.65,88.45,7.0,3.0,10+
15.0,female,9,1.57,72.58,3.0,0.0,<5
15.0,female,9,1.45,68.04,3.0,0.0,<5
16.0,male,9,,,0.0,0.0,7
15.0,male,9,1.83,77.11,3.0,3.0,6
15.0,male,9,,,0.0,3.0,9
16.0,male,9,1.63,61.24,3.0,3.0,<5
14.0,male,9,,,7.0,7.0,6
15.0,male,9,,,0.0,0.0,<5
14.0,male,9,1.78,68.04,7.0,7.0,8
16.0,male,9,1.75,67.59,7.0,7.0,5
15.0,male,9,1.6,56.7,6.0,6.0,6
16.0,male,9,1.78,84.82,7.0,6.0,7
17.0,male,9,1.75,110.22,1.0,0.0,<5
15.0,male,9,1.65,99.34,7.0,7.0,9
15.0,male,9,1.78,64.41,4.0,7.0,8
15.0,male,9,1.73,59.88,5.0,4.0,7
16.0,male,9,1.68,52.16,,,
15.0,male,9,1.78,81.65,0.0,0.0,7
16.0,male,9,1.52,45.81,0.0,4.0,<5
15.0,male,9,1.75,85.28,3.0,1.0,6
14.0,male,9,1.85,68.04,7.0,4.0,8
16.0,male,9,1.75,62.14,7.0,7.0,7
16.0,male,9,,,6.0,4.0,8
16.0,male,9,,,7.0,7.0,
15.0,male,9,1.68,90.72,4.0,1.0,5
17.0,female,9,,,3.0,2.0,
14.0,female,9,1.78,116.12,3.0,1.0,7
15.0,female,9,1.75,62.6,6.0,5.0,5
15.0,female,9,1.57,65.77,2.0,0.0,5
16.0,female,9,1.7,67.13,7.0,4.0,9
17.0,female,9,1.7,52.16,5.0,1.0,7
16.0,female,9,1.5,40.82,5.0,1.0,6
16.0,female,9,1.6,88.45,7.0,7.0,9
15.0,female,9,1.52,47.63,0.0,0.0,7
15.0,female,9,1.68,72.58,0.0,0.0,6
16.0,female,9,1.6,58.97,5.0,5.0,<5
15.0,female,9,1.6,43.09,0.0,4.0,6
15.0,female,9,1.63,52.16,0.0,0.0,6
16.0,female,9,1.57,43.55,0.0,7.0,5
16.0,female,9,1.55,94.35,3.0,3.0,8
15.0,female,9,1.57,56.7,4.0,0.0,10+
14.0,female,9,1.68,73.94,4.0,0.0,<5
16.0,female,9,1.8,80.29,4.0,4.0,6
15.0,female,9,1.5,72.58,5.0,3.0,8
14.0,male,9,1.57,95.26,3.0,0.0,<5
16.0,male,9,1.68,57.15,,,
17.0,male,9,1.78,79.38,,,
15.0,male,9,1.57,52.16,0.0,0.0,<5
17.0,male,9,,,2.0,2.0,10+
15.0,male,9,,,7.0,7.0,8
15.0,male,9,1.73,65.77,3.0,4.0,7
16.0,male,9,1.75,65.32,0.0,3.0,10+
15.0,male,9,1.85,113.4,7.0,7.0,<5
14.0,male,9,1.73,76.2,2.0,4.0,7
15.0,male,9,1.73,61.24,2.0,4.0,6
16.0,male,9,1.7,72.58,3.0,0.0,10+
14.0,male,9,1.8,82.1,7.0,7.0,6
16.0,male,9,1.83,79.38,0.0,0.0,6
15.0,male,9,1.63,52.16,,,
15.0,male,9,1.75,64.41,7.0,6.0,6
16.0,male,9,1.78,62.6,7.0,0.0,8
15.0,male,9,1.75,76.2,5.0,1.0,7
16.0,male,9,1.8,68.95,7.0,7.0,10+
15.0,male,9,1.65,60.78,7.0,7.0,5
14.0,male,9,1.6,68.95,3.0,2.0,7
16.0,male,9,1.7,63.5,,,
14.0,male,9,1.75,65.32,7.0,7.0,8
15.0,male,9,1.75,63.5,4.0,0.0,7
15.0,male,9,1.68,64.86,7.0,7.0,7
15.0,male,9,1.7,106.6,2.0,3.0,6
14.0,male,9,1.7,58.97,7.0,7.0,8
16.0,male,9,1.73,65.32,0.0,0.0,6
15.0,male,9,1.63,52.16,7.0,5.0,7
16.0,female,9,1.68,58.06,2.0,0.0,6
15.0,female,9,1.68,54.43,7.0,7.0,8
14.0,female,9,1.47,41.73,3.0,2.0,7
15.0,female,9,1.52,45.36,7.0,5.0,8
15.0,female,9,1.55,45.36,4.0,3.0,8
15.0,female,9,1.52,49.9,0.0,5.0,8
15.0,female,9,1.6,73.03,1.0,1.0,7
15.0,male,10,1.83,74.84,7.0,7.0,5
16.0,male,10,1.85,113.4,5.0,0.0,7
15.0,male,10,1.75,78.02,7.0,0.0,8
16.0,male,11,1.75,138.35,1.0,0.0,5
15.0,male,10,1.78,90.72,7.0,7.0,7
16.0,male,10,1.68,90.72,7.0,3.0,10+
16.0,male,10,1.75,65.77,1.0,0.0,6
16.0,male,10,1.75,66.68,7.0,5.0,7
,male,,,,2.0,2.0,5
,female,,,,1.0,1.0,8
15.0,female,10,1.63,79.38,2.0,0.0,6
16.0,female,10,1.63,70.31,0.0,0.0,7
16.0,female,10,1.57,79.83,0.0,0.0,7
15.0,female,10,1.57,51.26,0.0,0.0,7
18.0,female,12,1.65,61.24,7.0,0.0,5
17.0,male,10,,,5.0,7.0,5
17.0,male,11,1.73,81.65,4.0,6.0,8
15.0,male,9,1.7,59.42,7.0,7.0,9
15.0,male,9,1.8,97.52,0.0,4.0,7
,male,10,,,,,
15.0,male,9,1.73,56.7,1.0,1.0,7
18.0,male,12,1.75,74.84,7.0,3.0,<5
17.0,male,11,1.75,132.9,0.0,0.0,<5
16.0,male,10,1.85,83.46,5.0,0.0,6
16.0,male,10,1.68,58.97,3.0,3.0,7
14.0,female,9,,,1.0,0.0,7
16.0,female,9,1.65,56.7,5.0,5.0,10+
15.0,female,9,,,0.0,3.0,6
14.0,female,9,1.4,43.09,0.0,0.0,9
14.0,female,9,1.7,56.7,2.0,2.0,10+
15.0,female,9,1.78,81.65,1.0,0.0,<5
16.0,female,10,1.65,56.25,7.0,7.0,6
15.0,female,9,,,2.0,2.0,<5
14.0,female,9,1.52,56.7,0.0,1.0,7
17.0,female,11,1.57,65.77,5.0,5.0,6
16.0,female,10,1.68,72.58,3.0,3.0,8
15.0,female,9,1.55,54.43,4.0,0.0,9
18.0,female,12,1.52,59.88,0.0,0.0,8
17.0,female,11,,,,2.0,6
,male,,,,2.0,4.0,8
17.0,male,11,1.88,58.97,3.0,0.0,5
16.0,male,11,1.65,54.43,1.0,1.0,9
16.0,male,11,1.83,90.72,7.0,7.0,8
17.0,male,11,1.78,74.84,3.0,3.0,6
17.0,male,12,1.75,76.2,4.0,4.0,8
16.0,female,11,,,2.0,4.0,6
17.0,female,11,1.57,50.8,0.0,0.0,5
16.0,female,12,1.55,58.97,2.0,0.0,8
17.0,female,11,1.55,68.04,0.0,0.0,6
16.0,female,11,1.55,48.99,3.0,1.0,6
16.0,female,11,1.68,78.02,3.0,3.0,<5
16.0,female,11,1.55,52.16,0.0,0.0,<5
17.0,female,11,1.63,54.89,0.0,0.0,7
15.0,male,9,1.65,48.54,5.0,3.0,6
15.0,female,9,1.68,64.86,1.0,2.0,5
14.0,female,9,1.65,57.61,1.0,5.0,5
14.0,female,9,1.65,45.81,0.0,0.0,9
15.0,female,9,1.55,58.97,1.0,0.0,5
15.0,female,9,1.63,57.15,4.0,4.0,7
14.0,female,9,1.6,44.45,0.0,2.0,8
14.0,female,9,1.73,54.43,0.0,0.0,7
17.0,female,9,1.63,61.69,7.0,3.0,10+
15.0,male,9,1.8,70.76,7.0,7.0,7
16.0,male,9,1.78,99.79,4.0,3.0,7
15.0,male,9,1.65,56.25,7.0,4.0,7
15.0,male,9,1.88,88.91,0.0,0.0,<5
16.0,male,9,1.63,68.04,7.0,7.0,8
15.0,male,9,1.75,121.11,5.0,0.0,7
16.0,male,9,1.68,86.18,1.0,5.0,9
15.0,male,9,1.78,99.79,7.0,5.0,8
15.0,male,9,1.75,73.94,7.0,7.0,8
15.0,male,9,1.7,75.75,4.0,5.0,5
14.0,male,9,1.68,62.6,5.0,5.0,8
15.0,male,9,1.78,77.11,7.0,7.0,<5
15.0,male,9,1.93,112.04,7.0,5.0,10+
15.0,male,9,1.83,78.02,7.0,5.0,6
16.0,male,9,,,0.0,0.0,<5
15.0,male,9,,,1.0,3.0,10+
16.0,male,9,1.78,63.5,3.0,5.0,<5
14.0,female,9,,,2.0,1.0,10+
15.0,female,9,1.63,79.38,7.0,7.0,5
16.0,female,9,1.6,59.88,1.0,0.0,9
14.0,female,9,1.63,61.69,0.0,7.0,<5
15.0,female,9,1.65,61.69,3.0,3.0,9
14.0,female,9,1.65,58.97,3.0,3.0,7
15.0,male,9,1.93,77.57,5.0,6.0,7
14.0,male,9,1.63,67.59,,7.0,
15.0,male,9,1.88,84.82,7.0,7.0,6
15.0,male,9,1.68,104.33,1.0,3.0,6
14.0,male,9,1.45,31.75,0.0,0.0,8
15.0,male,9,1.8,69.4,7.0,1.0,10+
16.0,male,9,1.83,82.1,6.0,2.0,8
15.0,male,9,1.8,59.88,0.0,0.0,9
14.0,female,9,1.52,45.36,1.0,0.0,<5
17.0,male,11,,,7.0,,
18.0,female,12,1.47,40.37,7.0,,
17.0,male,12,1.8,57.61,7.0,,
18.0,male,12,1.7,70.31,2.0,,
18.0,female,12,1.47,72.58,0.0,,
18.0,male,12,1.7,68.04,1.0,,
18.0,female,12,1.57,78.47,3.0,,
16.0,male,11,1.8,86.18,7.0,,
16.0,male,11,1.63,54.43,0.0,,
18.0,female,12,1.63,47.63,5.0,,
16.0,male,11,1.83,70.31,7.0,,
18.0,male,12,1.85,104.33,4.0,,
17.0,male,11,1.8,79.38,7.0,,
17.0,female,11,1.57,58.97,2.0,,
18.0,male,12,1.88,118.84,6.0,,
18.0,female,12,1.65,68.04,6.0,,
16.0,male,11,1.68,62.14,7.0,,
17.0,male,12,1.7,57.61,4.0,,
18.0,male,12,1.68,70.31,7.0,,
16.0,male,11,1.83,113.4,7.0,,
17.0,female,11,1.57,53.52,7.0,,
17.0,male,11,1.8,79.38,0.0,,
17.0,male,11,1.7,68.04,6.0,,
18.0,female,12,1.65,54.89,3.0,,
18.0,female,12,1.52,49.44,3.0,,
17.0,female,11,1.6,55.79,6.0,,
18.0,female,12,1.65,111.13,5.0,,
17.0,female,11,1.65,51.26,7.0,,
17.0,female,11,1.65,61.69,2.0,,
16.0,male,11,1.78,78.02,1.0,,
16.0,male,11,1.9,66.23,5.0,,
16.0,male,11,1.93,65.77,7.0,,
18.0,female,12,1.73,53.52,2.0,,
16.0,male,11,1.75,74.84,6.0,,
14.0,male,9,1.75,54.89,4.0,,
17.0,male,11,1.8,61.24,5.0,,
16.0,female,11,1.57,54.43,7.0,,
17.0,female,12,1.75,64.41,7.0,,
17.0,male,11,1.83,81.19,6.0,,
17.0,female,11,1.65,70.31,2.0,,
16.0,male,11,1.7,60.78,7.0,,
18.0,female,12,1.57,61.24,5.0,,
17.0,female,11,1.55,49.9,3.0,,
17.0,female,11,1.63,62.6,5.0,,
17.0,female,12,1.68,63.5,5.0,,
16.0,male,11,1.73,63.5,3.0,,
16.0,female,11,1.78,78.02,5.0,,
17.0,female,11,,,2.0,,
16.0,female,10,1.5,49.9,2.0,,
17.0,female,11,1.73,53.52,6.0,,
17.0,female,11,1.57,86.18,2.0,,
18.0,male,12,1.73,79.38,5.0,,
18.0,male,12,1.8,81.65,6.0,0.0,7
17.0,female,12,1.5,45.36,1.0,1.0,6
17.0,female,12,1.55,55.79,4.0,2.0,7
17.0,female,12,1.6,47.63,0.0,0.0,7
17.0,male,12,1.8,61.24,1.0,0.0,7
15.0,male,9,1.65,59.88,4.0,4.0,6
15.0,male,9,1.57,52.16,3.0,0.0,<5
15.0,male,9,1.73,65.77,3.0,3.0,<5
16.0,female,10,1.55,54.43,0.0,2.0,7
17.0,male,12,1.75,90.72,7.0,7.0,<5
15.0,male,10,1.78,67.59,0.0,0.0,6
15.0,male,10,1.73,50.8,5.0,0.0,8
17.0,male,11,1.63,81.65,0.0,0.0,8
17.0,male,12,1.8,104.33,7.0,5.0,6
17.0,male,11,1.83,83.92,5.0,2.0,5
18.0,female,12,1.65,54.43,1.0,1.0,7
15.0,male,10,1.65,58.06,2.0,1.0,7
18.0,male,9,1.75,68.95,,,6
17.0,male,11,1.73,65.77,7.0,7.0,8
17.0,male,11,1.7,67.13,2.0,5.0,7
17.0,male,11,1.8,113.4,3.0,1.0,8
16.0,female,10,1.6,54.89,3.0,2.0,8
18.0,female,11,1.68,49.9,1.0,0.0,7
16.0,female,10,1.55,53.98,7.0,3.0,6
17.0,male,11,,,0.0,0.0,<5
18.0,male,12,,,7.0,6.0,6
18.0,male,12,1.83,71.67,7.0,7.0,5
18.0,male,12,1.8,61.24,1.0,0.0,8
17.0,female,12,1.63,63.5,7.0,4.0,6
17.0,male,12,1.73,63.5,0.0,0.0,6
15.0,male,9,,,2.0,2.0,6
15.0,male,9,1.9,117.48,3.0,3.0,6
14.0,male,9,1.6,48.99,2.0,3.0,7
18.0,male,12,1.73,79.38,0.0,0.0,<5
15.0,male,9,1.6,60.33,2.0,0.0,7
14.0,male,9,1.7,58.51,4.0,3.0,6
16.0,male,10,1.68,65.77,6.0,6.0,<5
16.0,female,11,1.57,62.14,0.0,7.0,9
15.0,male,10,1.7,52.16,2.0,0.0,8
17.0,male,11,1.63,62.14,4.0,4.0,8
14.0,female,9,1.63,46.27,5.0,0.0,5
15.0,female,10,1.73,58.97,4.0,2.0,7
17.0,male,12,1.75,56.7,5.0,5.0,7
17.0,male,12,1.8,68.95,6.0,2.0,6
16.0,male,11,1.98,88.91,7.0,6.0,7
18.0,male,12,1.83,81.65,4.0,2.0,8
16.0,female,11,1.63,54.43,6.0,3.0,7
17.0,male,12,1.78,73.03,7.0,7.0,8
14.0,female,9,1.6,62.14,0.0,0.0,<5
17.0,female,12,1.68,61.24,6.0,6.0,7
17.0,male,12,1.88,73.03,0.0,4.0,6
18.0,female,12,1.75,65.77,4.0,5.0,6
17.0,female,12,1.63,56.7,0.0,0.0,7
16.0,female,10,1.65,50.35,6.0,0.0,8
15.0,female,10,1.55,40.82,0.0,0.0,8
15.0,male,9,1.63,48.99,5.0,3.0,7
15.0,male,10,1.68,58.97,5.0,5.0,7
14.0,male,9,1.63,61.24,0.0,0.0,5
16.0,male,11,1.75,58.06,1.0,0.0,8
14.0,male,9,1.75,58.97,7.0,4.0,6
15.0,female,9,1.32,54.43,0.0,0.0,9
15.0,male,9,1.75,78.02,6.0,3.0,8
15.0,female,9,1.6,45.36,1.0,0.0,8
15.0,female,9,1.57,47.63,4.0,0.0,9
15.0,male,9,1.8,70.31,4.0,0.0,<5
15.0,female,10,1.65,61.69,2.0,2.0,7
15.0,female,10,1.7,58.97,3.0,1.0,7
17.0,female,12,1.73,74.84,0.0,0.0,6
18.0,female,12,1.63,72.12,3.0,2.0,6
17.0,male,12,1.8,61.69,4.0,2.0,7
18.0,male,12,1.73,63.5,,,7
15.0,male,10,1.8,56.25,3.0,0.0,8
16.0,male,10,1.78,67.13,4.0,4.0,7
15.0,female,9,1.6,50.8,7.0,4.0,6
18.0,female,12,1.63,56.7,7.0,4.0,8
17.0,female,12,1.6,49.9,0.0,0.0,6
18.0,female,12,1.65,58.97,4.0,2.0,5
15.0,female,10,1.63,56.25,7.0,7.0,8
16.0,female,11,1.63,56.7,0.0,0.0,7
18.0,female,12,1.7,52.16,3.0,6.0,<5
17.0,female,12,1.63,52.16,0.0,0.0,7
17.0,female,12,1.57,57.61,0.0,3.0,6
14.0,female,9,1.73,117.94,3.0,,
15.0,female,9,1.8,63.5,6.0,,
15.0,female,9,1.7,58.51,3.0,,
14.0,female,9,1.73,58.97,6.0,,
15.0,female,9,1.63,53.52,6.0,,
14.0,female,9,1.5,47.17,4.0,,
15.0,female,9,1.68,45.81,5.0,,
15.0,female,9,1.6,52.16,2.0,,
15.0,female,9,1.68,62.6,3.0,,
15.0,female,9,1.7,68.04,5.0,,
14.0,female,9,1.65,58.97,7.0,,
15.0,male,9,1.9,113.4,7.0,,
14.0,male,9,1.8,70.31,7.0,,
15.0,male,9,1.78,76.2,7.0,,
14.0,male,9,1.7,69.4,6.0,,
15.0,male,9,1.63,52.16,7.0,,
15.0,male,9,1.78,90.72,1.0,,
15.0,male,9,1.75,68.04,2.0,,
14.0,male,9,1.8,102.06,5.0,,
16.0,male,9,1.63,64.41,1.0,,
14.0,male,9,1.7,63.5,5.0,,
14.0,male,9,1.6,45.36,4.0,,
16.0,female,10,1.78,72.58,1.0,,
15.0,female,10,1.63,63.5,6.0,,
16.0,female,10,1.55,56.7,7.0,,
15.0,female,10,1.7,72.58,5.0,,
16.0,female,10,1.63,61.24,3.0,,
16.0,female,10,1.6,65.77,5.0,,
15.0,female,10,1.57,52.16,7.0,,
15.0,female,10,1.63,53.52,4.0,,
15.0,female,10,1.7,66.68,5.0,,
16.0,female,10,1.6,52.62,6.0,,
15.0,female,10,1.55,44.91,2.0,,
16.0,female,10,1.6,45.36,0.0,,
16.0,female,10,1.57,49.44,2.0,,
15.0,female,10,1.63,50.8,6.0,,
16.0,male,10,1.78,81.65,2.0,,
16.0,male,10,1.73,58.51,0.0,,
15.0,male,10,1.75,72.58,6.0,,
16.0,male,10,1.83,113.4,4.0,,
16.0,male,10,1.8,60.78,5.0,,
18.0,male,12,,,0.0,,
15.0,male,10,1.88,64.41,4.0,,
16.0,male,10,1.9,104.78,6.0,,
15.0,male,10,1.65,48.99,1.0,,
16.0,male,10,1.83,72.58,7.0,,
17.0,male,11,1.83,63.5,7.0,,
17.0,male,11,1.52,47.17,4.0,,
17.0,male,11,1.83,88.0,5.0,,
16.0,male,11,1.73,59.42,7.0,,
17.0,male,11,1.8,63.5,4.0,,
17.0,male,11,1.8,73.94,,,
18.0,male,11,1.78,61.24,0.0,,
17.0,male,11,1.93,81.65,7.0,,
17.0,male,11,1.75,56.7,0.0,,
17.0,male,11,1.93,81.65,7.0,,
17.0,male,11,1.93,93.9,6.0,,
17.0,male,11,1.63,63.5,7.0,,
13.0,female,10,,,3.0,,
18.0,female,11,1.75,64.41,7.0,,
17.0,female,11,,,0.0,,
17.0,female,11,1.65,58.06,5.0,,
18.0,female,11,1.68,58.97,0.0,,
17.0,female,11,1.6,55.79,0.0,,
17.0,female,11,1.7,61.24,4.0,,
18.0,male,12,2.11,120.66,0.0,,
18.0,male,12,1.83,65.77,7.0,,
18.0,female,12,1.73,58.97,6.0,,
18.0,female,12,1.55,54.43,6.0,,
17.0,female,12,1.68,86.18,7.0,,
18.0,female,12,1.63,65.77,5.0,,
18.0,female,12,1.65,58.97,6.0,,
17.0,female,12,1.6,56.7,7.0,,
18.0,female,12,1.63,65.32,4.0,,
14.0,female,9,1.52,54.43,4.0,,
15.0,female,9,1.65,65.77,5.0,,
14.0,female,9,1.6,61.24,2.0,,
15.0,female,9,1.6,54.43,,,
15.0,female,9,1.68,60.78,0.0,,
14.0,female,9,1.65,55.79,5.0,,
15.0,female,9,1.68,61.24,1.0,,
15.0,female,9,1.7,53.98,5.0,,
15.0,female,9,1.7,56.7,2.0,,
15.0,female,9,1.65,53.07,0.0,,
15.0,female,9,1.63,56.7,6.0,,
15.0,female,9,1.63,58.97,7.0,,
15.0,female,9,1.63,54.43,5.0,,
15.0,female,9,1.68,58.97,7.0,,
14.0,female,9,1.57,48.54,7.0,,
15.0,female,9,1.7,68.04,6.0,,
16.0,male,9,1.78,74.84,2.0,,
16.0,male,9,1.63,67.13,7.0,,
15.0,male,9,1.8,83.46,7.0,,
15.0,male,9,1.78,72.58,5.0,,
15.0,male,9,1.83,83.92,4.0,,
15.0,male,9,,,7.0,,
16.0,male,9,1.78,56.7,7.0,,
15.0,male,9,2.06,66.68,5.0,,
15.0,male,9,1.7,74.84,7.0,,
15.0,male,9,1.73,81.65,5.0,,
15.0,male,9,1.6,58.97,7.0,,
16.0,female,10,1.57,52.16,6.0,,
15.0,female,10,1.75,70.31,4.0,,
15.0,female,10,1.75,52.16,5.0,,
16.0,female,10,1.57,49.9,0.0,,
15.0,female,10,1.68,48.99,7.0,,
16.0,female,10,1.75,74.84,1.0,,
16.0,female,10,1.7,63.5,1.0,,
16.0,female,10,1.57,54.43,3.0,,
16.0,female,10,1.65,65.77,3.0,,
16.0,female,10,1.57,57.15,7.0,,
16.0,male,10,1.88,63.5,0.0,,
16.0,male,10,1.68,63.5,0.0,,
15.0,male,10,1.83,77.11,5.0,,
16.0,male,10,1.73,73.48,1.0,,
16.0,male,10,1.78,63.5,3.0,,
16.0,male,10,1.83,79.38,6.0,,
16.0,male,10,1.8,49.44,4.0,,
16.0,male,10,1.88,63.5,,,
15.0,male,10,1.8,99.79,7.0,,
16.0,male,10,1.83,72.58,7.0,,
16.0,male,10,1.8,60.78,0.0,,
16.0,male,10,1.9,97.52,5.0,,
17.0,female,11,1.7,77.11,1.0,,
17.0,female,11,1.6,61.24,7.0,,
17.0,female,11,1.75,87.09,4.0,,
17.0,female,11,1.68,63.5,0.0,,
17.0,female,11,1.55,56.7,3.0,,
16.0,female,11,1.7,45.36,1.0,,
16.0,female,11,,,5.0,,
17.0,female,11,1.63,58.97,7.0,,
17.0,female,11,1.52,58.97,1.0,,
18.0,female,11,1.63,52.16,1.0,,
17.0,female,11,1.63,58.97,3.0,,
17.0,female,11,1.6,58.97,0.0,,
17.0,female,11,1.6,69.4,5.0,,
17.0,female,11,1.7,58.97,0.0,,
17.0,male,11,1.75,98.88,1.0,,
16.0,male,11,1.73,58.97,7.0,,
16.0,male,11,1.75,56.7,5.0,,
17.0,male,11,1.75,56.7,0.0,,
17.0,male,11,1.83,108.86,7.0,,
17.0,male,11,1.96,93.9,3.0,,
17.0,male,11,1.8,68.04,7.0,,
17.0,male,11,1.83,83.01,7.0,,
18.0,male,11,1.73,87.09,6.0,,
16.0,male,11,1.73,70.76,5.0,,
17.0,male,11,1.88,72.58,2.0,,
18.0,male,11,1.7,59.88,5.0,,
16.0,male,11,1.7,90.72,7.0,,
18.0,male,11,1.78,79.38,7.0,,
18.0,male,12,1.8,99.79,7.0,,
18.0,male,12,1.8,63.5,5.0,,
18.0,male,12,1.83,108.86,7.0,,
18.0,male,12,1.83,74.84,5.0,,
18.0,male,12,1.8,77.57,4.0,,
18.0,male,12,1.85,88.45,,,
17.0,male,12,1.8,79.38,6.0,,
17.0,male,12,1.83,71.22,4.0,,
18.0,male,12,1.8,65.77,7.0,,
18.0,female,12,1.7,68.04,0.0,,
18.0,female,12,1.7,58.97,5.0,,
18.0,female,12,1.55,65.77,0.0,,
17.0,female,12,1.6,78.47,1.0,,
18.0,female,12,1.65,53.07,3.0,,
17.0,female,12,1.73,59.42,3.0,,
17.0,female,12,1.55,65.77,2.0,,
18.0,female,12,1.6,68.04,5.0,,
18.0,female,12,1.63,63.5,1.0,,
18.0,female,12,1.68,58.97,2.0,,
15.0,male,9,1.88,99.79,3.0,,
15.0,male,9,1.73,88.45,3.0,,
15.0,male,9,1.65,74.84,7.0,,
15.0,male,9,1.75,79.38,5.0,,
15.0,male,9,1.78,72.58,7.0,,
16.0,male,9,1.57,78.47,7.0,,
14.0,male,9,1.73,65.77,5.0,,
15.0,male,9,1.65,78.02,0.0,,
15.0,male,9,1.7,56.7,7.0,,
15.0,female,9,1.6,54.43,0.0,,
16.0,female,9,1.68,68.95,2.0,,
16.0,female,9,1.55,58.97,7.0,,
15.0,female,9,1.55,49.9,7.0,,
16.0,female,9,1.75,82.1,6.0,,
16.0,female,9,1.57,52.62,7.0,,
15.0,female,9,1.42,42.64,5.0,,
15.0,female,9,1.65,56.7,2.0,,
16.0,female,10,1.68,67.13,7.0,,
15.0,female,9,1.68,76.66,7.0,,
14.0,female,9,1.57,87.54,7.0,,
15.0,female,9,1.57,72.12,3.0,,
15.0,female,9,,,7.0,,
16.0,female,10,1.7,74.84,7.0,,
15.0,female,10,1.65,49.9,6.0,,
16.0,female,10,1.63,58.97,3.0,,
17.0,female,10,1.57,65.77,5.0,,
16.0,female,10,1.57,72.58,3.0,,
17.0,female,10,1.6,131.54,0.0,,
16.0,female,10,1.6,66.23,3.0,,
15.0,male,10,1.7,65.77,3.0,,
17.0,male,10,1.75,63.5,1.0,,
17.0,male,10,2.11,90.72,7.0,,
16.0,male,10,1.75,72.58,4.0,,
16.0,male,10,1.75,56.7,7.0,,
16.0,male,10,1.75,99.79,5.0,,
15.0,male,10,1.83,83.92,7.0,,
16.0,male,10,1.75,81.65,7.0,,
16.0,male,10,1.68,58.97,5.0,,
16.0,male,10,1.9,49.44,1.0,,
16.0,male,10,1.85,74.84,1.0,,
15.0,male,10,1.73,63.5,7.0,,
16.0,male,10,1.68,53.52,7.0,,
18.0,male,10,1.96,144.24,7.0,,
17.0,female,11,1.7,63.5,0.0,,
17.0,female,11,1.75,58.97,6.0,,
18.0,female,11,1.78,65.77,7.0,,
17.0,female,11,1.63,65.77,4.0,,
17.0,female,11,1.65,58.06,0.0,,
17.0,female,11,1.68,75.75,4.0,,
16.0,male,11,1.83,86.18,7.0,,
17.0,male,11,1.83,102.06,7.0,,
17.0,male,11,1.65,56.7,5.0,,
18.0,male,12,,,7.0,,
17.0,male,11,1.78,78.93,6.0,,
17.0,male,11,1.6,77.11,5.0,,
17.0,male,11,1.88,116.58,3.0,,
16.0,male,11,1.8,101.61,6.0,,
17.0,male,12,1.8,69.85,7.0,,
18.0,male,11,1.8,120.66,7.0,,
18.0,male,12,1.83,61.24,4.0,,
18.0,male,12,1.7,65.77,4.0,,
18.0,male,12,1.83,63.5,7.0,,
18.0,male,12,1.7,77.11,6.0,,
18.0,male,12,1.65,68.04,7.0,,
18.0,male,12,1.88,72.58,7.0,,
18.0,male,12,1.93,105.24,7.0,,
18.0,male,12,1.85,97.52,4.0,,
17.0,male,12,1.88,73.48,7.0,,
18.0,female,12,1.68,58.97,2.0,,
18.0,female,12,1.68,63.05,7.0,,
18.0,female,12,1.68,86.18,7.0,,
18.0,female,12,1.65,54.43,6.0,,
18.0,female,12,1.52,48.99,2.0,,
18.0,female,12,1.7,68.04,5.0,,
17.0,female,12,1.6,56.7,3.0,,
18.0,female,12,1.63,54.43,7.0,,
18.0,female,12,1.57,64.41,0.0,,
18.0,female,12,1.73,73.48,5.0,,
14.0,male,9,1.7,69.85,0.0,,
16.0,female,10,1.68,61.24,3.0,,
18.0,female,11,1.7,58.97,3.0,,
15.0,female,10,1.65,70.31,2.0,,
16.0,male,10,1.7,59.88,1.0,,
16.0,male,10,1.78,68.49,7.0,,
15.0,male,9,1.75,65.32,1.0,,
17.0,female,11,1.7,68.04,7.0,,
15.0,female,9,1.63,58.97,2.0,,
16.0,male,10,1.78,71.22,7.0,,
14.0,female,9,1.7,57.61,3.0,,
15.0,female,10,1.7,70.31,0.0,,
15.0,female,10,1.65,47.63,4.0,,
17.0,male,11,1.8,117.48,5.0,,
18.0,female,12,1.55,61.24,3.0,,
17.0,female,11,,,3.0,,
18.0,female,12,1.57,47.63,0.0,,
18.0,female,12,1.68,89.81,2.0,,
16.0,female,11,1.68,68.04,2.0,,
17.0,male,11,1.75,70.31,0.0,,
18.0,female,12,1.55,86.18,6.0,,
17.0,female,12,1.65,63.5,0.0,,
17.0,male,12,,,,,
17.0,female,11,1.68,75.3,1.0,,
18.0,male,12,,,4.0,,
17.0,female,11,1.57,51.71,0.0,,
16.0,male,9,1.85,68.04,5.0,,
18.0,male,12,1.78,60.33,7.0,,
16.0,female,10,1.7,57.15,2.0,,
18.0,female,12,1.65,61.24,3.0,,
17.0,male,11,1.68,67.13,7.0,,
18.0,female,12,1.68,64.86,7.0,,
16.0,male,10,1.73,68.04,4.0,,
16.0,female,10,1.65,44.91,7.0,,
16.0,male,10,1.75,70.76,7.0,,
16.0,female,10,1.63,63.5,1.0,,
16.0,female,10,1.63,40.82,2.0,,
15.0,female,10,1.55,52.16,2.0,,
16.0,female,10,1.57,58.97,2.0,,
17.0,male,10,1.8,61.24,7.0,,
15.0,male,10,2.06,124.74,7.0,,
16.0,male,10,1.7,59.88,3.0,,
16.0,male,,1.93,77.11,7.0,,
16.0,male,10,1.73,79.83,6.0,,
17.0,female,10,1.73,82.1,6.0,,
16.0,male,10,1.78,81.65,7.0,,
16.0,female,10,1.65,75.75,4.0,,
15.0,female,10,1.65,73.94,0.0,,
16.0,male,10,1.78,59.88,0.0,,
14.0,male,9,1.63,49.44,0.0,,
15.0,female,9,,,4.0,,
14.0,female,9,1.68,94.35,1.0,,
15.0,female,9,1.73,72.58,3.0,,
16.0,male,9,1.8,58.97,7.0,,
15.0,female,9,1.63,52.16,0.0,,
14.0,male,9,1.73,48.54,2.0,,
14.0,female,9,1.6,49.9,0.0,,
15.0,male,9,1.75,58.97,3.0,,
16.0,female,9,1.65,48.54,0.0,,
15.0,female,9,,,1.0,,
16.0,female,9,1.6,63.96,0.0,,
14.0,female,9,1.68,66.23,,,
14.0,female,9,1.57,54.43,7.0,,
15.0,female,9,,,,,
14.0,female,9,1.57,56.7,7.0,,
14.0,female,9,1.65,63.5,4.0,,
14.0,male,9,1.73,73.94,7.0,,
15.0,male,9,1.7,64.41,7.0,,
15.0,male,9,,,3.0,,
15.0,male,9,,,7.0,,
16.0,female,9,,,0.0,,
15.0,male,9,1.88,87.09,7.0,,
15.0,female,9,1.65,70.76,2.0,,
15.0,female,9,1.68,83.01,2.0,,
15.0,male,9,1.68,55.79,7.0,,
14.0,male,9,,,0.0,,
14.0,female,9,1.75,59.88,1.0,,
15.0,male,9,1.8,61.69,5.0,,
15.0,male,9,1.75,60.33,4.0,,
14.0,male,9,1.85,54.43,7.0,,
14.0,male,9,1.75,95.26,7.0,,
14.0,male,9,1.75,60.78,6.0,,
16.0,male,9,1.78,104.33,7.0,,
14.0,male,9,1.75,71.22,5.0,,
16.0,male,9,1.65,61.24,3.0,,
15.0,male,9,,,0.0,,
18.0,male,9,1.75,71.22,0.0,,
16.0,male,11,1.75,63.5,4.0,,
16.0,male,11,1.8,70.31,6.0,,
17.0,male,11,1.7,82.56,0.0,,
18.0,female,11,1.65,72.58,3.0,,
17.0,male,11,1.96,75.3,7.0,,
18.0,female,11,1.65,74.84,2.0,,
17.0,male,11,1.9,83.01,5.0,,
17.0,male,11,1.85,68.04,0.0,,
17.0,female,12,1.73,58.06,4.0,,
16.0,male,11,1.75,74.84,3.0,,
17.0,female,11,1.6,47.63,4.0,,
17.0,female,11,1.68,46.72,3.0,,
16.0,female,10,1.73,46.27,2.0,,
14.0,female,9,1.65,48.54,6.0,,
16.0,female,11,1.7,86.18,5.0,,
16.0,female,11,1.55,58.97,7.0,,
16.0,male,10,,,4.0,,
17.0,male,10,1.73,79.38,3.0,,
17.0,female,12,1.65,54.43,0.0,,
17.0,male,10,1.75,90.72,0.0,,
15.0,female,10,,,7.0,,
17.0,female,10,,,7.0,,
18.0,male,12,1.85,69.4,6.0,,
16.0,male,10,1.75,91.17,0.0,,
16.0,male,10,1.7,61.24,7.0,,
16.0,male,10,1.78,95.71,,,
18.0,female,12,1.65,56.7,1.0,,
12.0,male,12,,,7.0,,
17.0,male,12,1.75,65.77,6.0,,
17.0,female,11,1.65,45.36,2.0,,
15.0,female,10,1.6,43.09,7.0,,
16.0,female,10,1.7,86.18,1.0,,
16.0,female,10,1.63,77.11,4.0,,
17.0,male,10,1.75,58.51,3.0,,
15.0,male,10,1.73,56.7,3.0,,
16.0,male,9,1.73,52.16,6.0,,
15.0,male,9,1.85,71.22,5.0,,
14.0,female,9,1.73,92.53,0.0,,
15.0,male,9,1.7,87.09,2.0,,
15.0,male,9,1.7,72.12,4.0,,
14.0,female,9,1.55,44.45,7.0,,
14.0,female,9,1.63,48.54,7.0,,
15.0,female,9,1.57,55.34,0.0,,
15.0,male,9,1.68,68.04,7.0,,
15.0,female,9,1.75,78.47,7.0,,
14.0,male,9,,,5.0,,
16.0,male,9,1.73,58.97,7.0,,
16.0,female,9,1.55,52.62,2.0,,
14.0,male,9,1.65,52.16,7.0,,
14.0,female,9,1.55,57.61,0.0,,
15.0,male,9,1.57,62.14,3.0,,
15.0,female,9,1.63,52.16,2.0,,
15.0,female,9,1.55,58.97,0.0,,
15.0,male,9,1.7,61.24,5.0,,
16.0,female,9,,,0.0,,
14.0,male,9,1.85,86.18,5.0,,
15.0,male,9,1.73,79.38,3.0,,
16.0,male,9,1.7,61.24,6.0,,
17.0,male,9,1.68,66.68,6.0,,
14.0,male,9,1.68,55.79,7.0,,
14.0,female,9,1.68,55.34,0.0,,
14.0,male,9,,,7.0,,
14.0,female,9,1.65,56.7,5.0,,
15.0,female,9,,,5.0,,
16.0,male,9,1.88,77.11,7.0,,
15.0,female,9,,,1.0,,
14.0,female,9,1.63,83.92,1.0,,
15.0,female,9,1.45,40.82,0.0,,
15.0,female,9,1.7,51.71,7.0,,
17.0,male,9,1.75,54.43,5.0,,
15.0,male,9,1.57,53.52,7.0,,
15.0,male,9,1.78,64.86,7.0,,
15.0,male,9,1.75,70.31,6.0,,
16.0,male,9,1.63,54.43,0.0,,
15.0,female,9,1.6,44.45,2.0,,
17.0,female,9,1.55,88.45,7.0,,
15.0,female,9,,,1.0,,
14.0,female,9,1.57,63.5,5.0,,
16.0,male,9,1.78,81.65,7.0,,
16.0,male,9,1.85,63.5,4.0,,
16.0,male,9,,,7.0,,
16.0,male,9,,,0.0,,
16.0,male,10,1.8,80.74,3.0,,
16.0,male,10,1.78,95.26,6.0,,
16.0,male,10,1.78,71.67,,,
15.0,male,10,1.65,39.46,7.0,,
16.0,male,10,1.93,83.01,7.0,,
15.0,male,10,,,7.0,,
16.0,male,12,1.85,85.73,3.0,,
15.0,female,10,1.75,61.69,1.0,,
17.0,female,10,,,0.0,,
15.0,female,10,1.55,52.16,5.0,,
16.0,male,10,1.9,75.3,7.0,,
15.0,male,10,1.78,77.11,7.0,,
16.0,male,10,1.78,75.75,,,
17.0,female,,1.65,58.97,7.0,,
17.0,female,12,,,0.0,,
17.0,female,12,1.6,56.7,2.0,,
17.0,female,12,1.73,83.01,0.0,,
18.0,male,12,1.78,72.58,,,
17.0,female,12,1.63,141.52,2.0,,
18.0,female,12,1.57,47.63,7.0,,
17.0,female,12,1.55,61.24,0.0,,
17.0,female,12,1.68,77.57,0.0,,
18.0,male,12,1.63,104.33,0.0,,
17.0,female,12,1.75,76.66,7.0,,
17.0,female,12,1.65,77.11,5.0,,
18.0,female,12,,,,,
18.0,male,12,1.65,58.97,6.0,,
17.0,female,12,1.55,49.9,4.0,,
17.0,female,12,1.6,61.24,7.0,,
17.0,female,12,1.68,63.5,1.0,,
17.0,male,12,,,5.0,,
18.0,female,12,1.7,52.16,7.0,,
18.0,female,12,1.6,61.24,6.0,,
18.0,male,12,1.68,68.95,1.0,,
18.0,male,12,1.73,53.52,0.0,,
17.0,male,12,1.75,61.24,7.0,,
15.0,male,9,1.73,53.52,7.0,,
15.0,male,9,1.73,49.9,7.0,,
14.0,female,9,1.7,59.88,3.0,,
15.0,female,9,,,1.0,,
14.0,male,9,1.68,65.77,5.0,,
16.0,male,10,1.8,78.93,0.0,,
18.0,male,12,,,7.0,,
17.0,female,12,1.55,49.44,2.0,,
15.0,female,9,,,0.0,,
15.0,female,9,1.73,45.36,0.0,,
16.0,male,10,1.7,63.05,3.0,,
18.0,female,12,1.6,81.65,2.0,,
18.0,male,12,,,7.0,,
16.0,male,10,1.73,63.05,7.0,,
14.0,female,9,1.57,49.9,2.0,,
15.0,female,9,,,3.0,,
18.0,male,11,1.75,54.43,4.0,,
16.0,male,10,1.96,74.39,1.0,,
15.0,male,9,1.75,63.5,0.0,,
15.0,female,9,1.55,57.15,5.0,,
18.0,male,12,1.9,88.45,1.0,,
15.0,male,9,,,7.0,,
16.0,male,10,1.85,66.68,4.0,,
17.0,male,12,1.8,115.21,4.0,,
18.0,male,12,1.7,61.69,5.0,,
18.0,male,12,,,0.0,,
18.0,male,12,1.75,68.04,5.0,,
18.0,male,12,1.93,90.72,4.0,,
18.0,male,12,1.37,70.31,3.0,,
18.0,male,12,1.75,63.5,0.0,,
17.0,male,12,1.85,81.65,7.0,,
17.0,male,12,1.73,61.24,1.0,,
17.0,male,12,1.85,128.37,3.0,,
18.0,male,12,1.68,92.08,4.0,,
17.0,female,12,1.7,54.43,0.0,,
16.0,female,9,1.63,44.45,0.0,,
16.0,male,9,1.73,56.7,2.0,,
15.0,male,9,1.78,92.99,0.0,,
17.0,female,9,1.57,61.24,0.0,,
14.0,male,9,1.73,57.15,0.0,,
16.0,male,9,1.75,63.5,,,
15.0,female,9,1.68,70.31,7.0,,
16.0,female,9,1.7,52.16,0.0,,
15.0,male,9,1.9,74.84,7.0,,
14.0,female,9,,,5.0,,
16.0,male,9,1.8,90.72,3.0,,
15.0,female,9,1.75,74.84,7.0,,
14.0,male,9,1.78,63.5,7.0,,
14.0,female,9,1.6,57.61,2.0,,
14.0,male,9,1.73,64.86,7.0,,
16.0,male,9,,,,,
15.0,female,9,1.65,108.86,5.0,,
14.0,male,9,1.78,81.65,7.0,,
15.0,male,9,,,5.0,,
14.0,female,9,,,5.0,,
16.0,female,9,1.7,80.74,2.0,,
14.0,male,9,1.63,68.04,7.0,,
16.0,female,9,1.6,51.71,6.0,,
15.0,female,9,1.63,54.43,0.0,,
16.0,male,9,1.8,73.03,7.0,,
17.0,male,9,1.8,70.31,3.0,,
16.0,male,9,1.78,71.22,7.0,,
15.0,male,9,1.8,81.65,3.0,,
15.0,male,9,1.55,45.36,7.0,,
15.0,male,9,1.7,90.72,0.0,,
15.0,female,9,1.73,104.33,1.0,,
14.0,female,9,1.57,69.85,2.0,,
15.0,female,9,1.65,62.14,2.0,,
14.0,female,9,1.47,72.58,7.0,,
14.0,female,9,1.42,39.46,0.0,,
15.0,female,9,1.65,95.26,,,
16.0,female,9,1.55,44.45,,,
15.0,female,9,1.57,57.15,2.0,,
14.0,female,9,1.65,45.36,7.0,,
14.0,female,9,1.63,60.33,0.0,,
15.0,female,9,1.63,63.05,1.0,,
15.0,male,9,1.8,67.13,3.0,,
15.0,female,9,1.65,79.38,0.0,,
14.0,male,9,1.7,50.8,7.0,,
14.0,female,9,1.57,61.24,0.0,,
15.0,male,9,,,7.0,,
15.0,female,9,1.7,64.41,0.0,,
15.0,female,9,,,,,
16.0,female,10,1.73,56.7,0.0,,
15.0,male,10,1.75,61.24,1.0,,
16.0,male,10,1.9,77.11,4.0,,
16.0,male,10,1.75,81.65,3.0,,
16.0,female,10,1.73,58.97,7.0,,
16.0,male,10,1.78,63.5,7.0,,
17.0,male,10,1.7,61.24,5.0,,
17.0,female,10,1.47,45.36,0.0,,
16.0,male,10,1.8,77.57,3.0,,
17.0,female,12,1.8,74.84,1.0,,
17.0,female,12,1.73,63.5,7.0,,
17.0,female,12,1.57,82.56,5.0,,
18.0,female,12,1.65,73.48,5.0,,
18.0,female,12,1.63,78.47,0.0,,
18.0,male,12,1.68,64.41,5.0,,
17.0,,11,,,7.0,,
17.0,male,11,,,0.0,,
17.0,female,11,1.73,72.12,0.0,,
17.0,female,11,1.6,49.9,3.0,,
18.0,female,12,,,3.0,,
18.0,female,12,1.7,58.06,3.0,,
16.0,female,12,1.65,56.25,7.0,,
18.0,female,12,1.73,71.67,1.0,,
17.0,male,12,1.73,61.24,7.0,,
18.0,female,12,1.57,59.42,2.0,,
17.0,female,12,1.7,61.24,5.0,,
17.0,female,12,1.68,72.58,7.0,,
18.0,male,12,,,0.0,,
18.0,male,12,1.93,116.12,2.0,,
18.0,male,12,,,0.0,,
18.0,male,12,1.7,58.97,5.0,,
18.0,female,12,1.65,72.58,0.0,,
18.0,female,12,,,0.0,,
18.0,male,12,,,7.0,,
18.0,male,12,1.78,68.04,1.0,,
18.0,male,12,1.78,77.11,7.0,,
18.0,male,12,1.9,111.13,5.0,,
17.0,female,12,1.7,66.23,7.0,,
18.0,female,12,1.85,69.4,0.0,,
17.0,male,12,1.8,77.11,3.0,,
18.0,female,12,1.65,63.5,0.0,,
18.0,male,12,,,0.0,,
17.0,male,12,1.8,49.9,0.0,,
18.0,female,12,1.73,60.78,2.0,,
18.0,female,12,1.65,61.24,6.0,,
17.0,male,12,1.88,77.11,3.0,,
14.0,male,9,1.68,61.24,2.0,,
14.0,female,9,1.57,47.63,0.0,,
15.0,male,9,1.85,74.39,3.0,,
14.0,female,9,1.6,53.98,0.0,,
14.0,female,9,1.65,60.78,7.0,,
18.0,male,12,1.73,67.13,7.0,,
18.0,male,12,,,7.0,,
18.0,male,12,1.78,90.27,4.0,,
14.0,female,9,1.73,64.41,3.0,,
14.0,female,9,1.65,56.7,5.0,,
15.0,female,9,1.73,56.7,7.0,,
14.0,female,9,,,0.0,,
15.0,female,9,1.65,59.88,0.0,,
15.0,female,9,1.73,52.16,3.0,,
14.0,female,9,,,0.0,,
15.0,female,9,1.73,48.08,3.0,,
14.0,male,9,1.78,84.82,7.0,,
18.0,female,10,,,0.0,,
16.0,male,11,1.88,56.7,3.0,,
16.0,male,10,1.75,62.6,,,
16.0,male,10,,,0.0,,
17.0,female,10,1.73,70.31,0.0,,
16.0,female,10,1.65,61.24,2.0,,
17.0,female,10,1.47,58.97,2.0,,
16.0,female,10,1.65,63.5,1.0,,
16.0,male,10,1.88,70.31,,,
16.0,female,10,1.57,45.36,0.0,,
14.0,male,9,,,7.0,,
17.0,female,10,1.57,65.77,1.0,,
15.0,female,9,1.55,55.79,0.0,,
16.0,male,10,,,0.0,,
16.0,male,10,1.68,50.35,,,
17.0,male,11,1.57,102.06,,,
17.0,male,11,1.96,90.72,,,
17.0,male,11,,,6.0,,
17.0,female,11,1.6,65.77,5.0,,
17.0,male,11,,,7.0,,
18.0,male,12,1.75,65.77,2.0,,
17.0,male,11,1.85,74.84,5.0,,
17.0,male,12,1.78,72.58,4.0,,
16.0,male,11,1.73,76.66,5.0,,
18.0,male,11,,,2.0,,
17.0,male,11,1.78,90.72,,,
17.0,male,11,1.75,95.26,,,
18.0,male,11,1.9,86.64,3.0,,
17.0,female,11,1.7,61.24,2.0,,
18.0,male,11,1.9,81.65,7.0,,
17.0,male,11,1.75,61.24,7.0,,
17.0,male,11,1.78,97.52,5.0,,
17.0,male,11,1.65,83.46,,,
17.0,male,11,1.78,70.31,5.0,,
17.0,female,11,1.7,69.85,2.0,,
17.0,female,11,1.65,50.35,5.0,,
16.0,female,10,,,7.0,,
15.0,male,10,,,0.0,,
16.0,male,10,1.78,60.78,5.0,,
17.0,male,10,1.88,131.54,,,
16.0,male,10,1.73,64.41,7.0,,
17.0,male,10,1.7,75.3,0.0,,
15.0,female,10,1.6,54.43,7.0,,
15.0,male,10,1.68,63.05,7.0,,
17.0,male,10,1.7,65.77,7.0,,
16.0,male,10,1.7,79.38,0.0,,
16.0,female,10,1.68,53.52,3.0,,
16.0,female,10,,,5.0,,
12.0,male,11,,,7.0,,6
16.0,male,10,1.7,74.39,6.0,,8
15.0,female,10,1.65,61.24,0.0,,<5
18.0,female,other,1.37,89.36,0.0,,<5
17.0,female,10,1.57,74.84,7.0,,8
16.0,female,10,1.6,57.61,3.0,,7
15.0,male,10,1.65,59.88,6.0,,6
16.0,female,10,1.63,47.17,4.0,,7
16.0,female,10,1.65,57.15,5.0,,5
15.0,female,9,1.57,53.52,5.0,,8
15.0,male,9,1.75,58.97,7.0,,6
15.0,female,9,1.55,56.7,6.0,,5
15.0,female,9,1.52,53.07,7.0,,6
14.0,female,9,1.57,48.54,1.0,,7
15.0,female,9,1.57,46.72,1.0,,7
15.0,male,9,1.78,76.66,7.0,,6
15.0,female,9,1.6,56.7,2.0,,7
14.0,female,9,1.6,48.54,3.0,,5
15.0,female,9,1.57,46.27,4.0,,5
15.0,female,9,1.5,55.34,0.0,,6
15.0,male,9,1.73,79.38,5.0,,7
15.0,female,9,1.6,83.92,5.0,,7
15.0,male,9,1.8,84.37,7.0,,5
14.0,female,9,1.55,49.44,7.0,,8
18.0,male,12,1.9,90.72,3.0,,6
17.0,male,12,1.8,91.63,7.0,,7
17.0,male,12,1.8,86.18,2.0,,6
17.0,female,12,1.57,85.73,3.0,,7
18.0,female,12,1.6,58.97,5.0,,8
18.0,male,12,1.88,102.06,3.0,,7
18.0,female,12,1.7,56.7,1.0,,5
18.0,female,12,1.68,68.95,0.0,,6
18.0,male,12,1.83,70.31,7.0,,7
17.0,female,12,1.6,62.6,,,6
18.0,male,12,1.8,79.38,4.0,,7
16.0,male,11,1.73,67.13,7.0,,6
17.0,female,10,1.63,54.43,1.0,,6
16.0,female,10,1.57,54.43,1.0,,8
16.0,male,9,1.73,78.02,,,8
18.0,female,11,1.6,58.97,6.0,,6
17.0,female,12,1.57,52.16,1.0,,6
17.0,male,12,1.78,88.91,6.0,,5
17.0,female,12,1.57,63.5,2.0,,5
17.0,male,12,1.75,60.33,7.0,,8
18.0,female,12,,,7.0,,5
17.0,female,12,1.55,61.69,0.0,,8
12.0,male,12,1.68,61.69,7.0,,6
17.0,female,12,1.5,48.99,1.0,,6
17.0,male,12,1.83,82.56,6.0,,7
18.0,female,12,1.57,63.5,1.0,,6
17.0,female,12,1.65,65.77,1.0,,6
17.0,male,12,1.68,91.63,5.0,,7
18.0,male,12,2.01,83.46,2.0,,7
18.0,male,12,1.85,93.44,2.0,,8
18.0,female,12,1.6,56.7,1.0,,5
17.0,female,12,1.57,59.88,0.0,,<5
17.0,female,12,1.63,51.26,7.0,,7
16.0,female,11,1.63,69.4,4.0,,8
16.0,male,10,,,3.0,,
16.0,male,10,,,7.0,,
16.0,female,10,1.65,89.36,7.0,,
15.0,male,10,,,,,
16.0,male,10,1.73,66.23,7.0,,
16.0,male,10,1.73,87.09,5.0,,
16.0,female,10,1.63,50.35,5.0,,
15.0,male,10,1.8,68.04,3.0,,
16.0,male,10,1.9,95.26,6.0,,
16.0,female,10,1.6,63.96,2.0,,
15.0,male,10,,,4.0,,
15.0,male,10,1.78,83.46,5.0,,
16.0,female,10,1.68,54.43,2.0,,
16.0,female,10,1.65,78.02,0.0,,
16.0,female,10,1.57,54.43,3.0,,
17.0,male,11,1.96,113.4,5.0,,
15.0,female,11,1.7,52.16,0.0,,
16.0,female,10,1.57,55.79,7.0,,
15.0,female,10,1.68,63.5,4.0,,
16.0,female,10,,,5.0,,
15.0,male,10,1.73,64.86,7.0,,
15.0,male,10,1.8,63.5,2.0,,
16.0,male,10,1.7,54.43,3.0,,
16.0,female,10,1.68,54.43,1.0,,
15.0,male,10,,,2.0,,
15.0,female,10,1.7,56.7,7.0,,
16.0,male,10,1.65,79.38,7.0,,
16.0,male,10,,,7.0,,
16.0,male,10,1.73,69.4,5.0,,
15.0,male,10,1.75,78.02,5.0,,
15.0,male,10,,,0.0,,
16.0,male,11,1.78,114.76,5.0,,
16.0,male,10,1.65,58.97,6.0,,
17.0,male,11,1.88,81.65,4.0,,
17.0,male,10,1.75,77.11,7.0,,
15.0,female,10,1.55,51.71,,,
16.0,male,10,1.7,61.69,7.0,,
15.0,female,10,1.55,49.9,7.0,,
15.0,female,10,1.65,63.5,0.0,,
16.0,female,10,1.65,54.43,7.0,,
12.0,male,11,,,,,
18.0,male,10,1.8,55.34,4.0,,
18.0,female,12,1.65,52.16,6.0,,
16.0,female,11,,,3.0,,
17.0,female,12,1.65,58.06,0.0,,
16.0,female,11,1.75,52.62,1.0,,
18.0,male,11,1.85,70.31,0.0,,
16.0,male,11,1.75,61.24,3.0,,
18.0,male,12,1.73,75.3,3.0,,
17.0,female,11,1.63,63.5,6.0,,
17.0,female,11,1.73,97.52,0.0,,
16.0,female,11,1.63,48.54,0.0,,
17.0,female,11,1.57,54.43,7.0,,
14.0,male,9,1.68,71.22,5.0,,
15.0,male,9,1.68,68.95,5.0,,
14.0,female,9,1.63,61.24,6.0,,
15.0,female,9,1.5,49.9,7.0,,
15.0,male,9,,,,,
15.0,female,9,1.6,54.89,7.0,,
13.0,male,9,1.7,53.52,7.0,,
15.0,female,9,1.55,54.43,5.0,,
14.0,female,9,1.47,58.97,0.0,,
15.0,female,10,1.55,40.82,5.0,,
15.0,male,9,1.65,83.92,5.0,,
14.0,female,9,1.63,58.97,0.0,,
17.0,female,11,1.68,65.32,5.0,,
14.0,male,9,1.57,95.26,5.0,,
14.0,male,9,1.65,77.11,5.0,,
14.0,female,9,1.52,45.36,1.0,,
14.0,male,9,1.68,108.86,5.0,,
14.0,female,9,1.52,47.63,0.0,,
15.0,female,9,1.55,49.9,1.0,,
15.0,female,9,1.55,68.04,5.0,,
15.0,male,9,1.6,63.5,1.0,,
14.0,female,9,1.65,70.31,7.0,,
14.0,male,9,1.83,93.9,6.0,,
15.0,male,9,1.68,95.26,5.0,,
14.0,male,9,1.27,68.04,0.0,,
15.0,male,,,,6.0,,
15.0,male,9,1.65,58.97,7.0,,
14.0,female,9,1.7,50.8,0.0,,
16.0,male,11,1.73,90.72,5.0,,
18.0,female,12,1.65,56.7,0.0,,
16.0,female,11,1.47,43.09,2.0,,
16.0,male,11,1.85,90.72,7.0,,
17.0,female,11,1.55,48.54,7.0,,
17.0,female,12,1.52,59.88,0.0,,
16.0,male,11,1.83,72.12,7.0,,
17.0,male,11,1.78,65.77,7.0,,
17.0,female,11,1.75,88.91,2.0,,
16.0,female,11,1.68,92.99,0.0,,
17.0,male,11,1.55,54.43,7.0,,
17.0,male,11,1.93,90.72,1.0,,
16.0,female,11,1.55,57.15,2.0,,
17.0,female,11,1.7,99.79,4.0,,
16.0,male,11,1.68,81.65,3.0,,
16.0,male,11,1.78,73.94,4.0,,
16.0,male,11,1.63,56.7,7.0,,
18.0,female,12,1.55,61.24,5.0,,
18.0,male,12,1.68,68.95,7.0,,
18.0,female,12,1.85,79.38,7.0,,
16.0,female,11,1.55,52.16,0.0,,
16.0,female,11,1.68,90.27,5.0,,
16.0,female,11,1.6,47.63,5.0,,
17.0,female,11,1.52,59.42,5.0,,
17.0,male,11,1.78,95.26,7.0,,
15.0,male,10,1.78,67.13,7.0,,
15.0,male,10,1.73,49.9,7.0,,
15.0,female,10,1.5,43.09,4.0,,
16.0,female,10,1.65,64.86,7.0,,
15.0,male,10,1.75,85.28,5.0,,
17.0,male,10,1.73,56.7,0.0,,
15.0,female,10,1.63,56.7,1.0,,
14.0,male,9,1.68,61.24,3.0,,
15.0,male,10,1.65,68.49,3.0,,
16.0,male,10,1.75,68.04,0.0,,
14.0,male,9,1.63,101.61,1.0,,
16.0,male,10,1.75,79.38,7.0,,
15.0,male,10,1.63,55.34,7.0,,
15.0,male,10,1.68,58.97,7.0,,
15.0,male,10,1.75,88.45,7.0,,
15.0,male,10,1.73,70.76,5.0,,
16.0,female,10,1.57,61.24,5.0,,
15.0,male,10,1.83,70.76,7.0,,
15.0,female,10,1.63,68.04,3.0,,
15.0,male,10,1.65,66.68,7.0,,
14.0,male,9,1.75,56.7,5.0,,
14.0,male,9,1.73,95.26,7.0,,
16.0,male,11,1.63,59.88,3.0,,
16.0,female,11,1.5,48.08,7.0,,
16.0,female,10,1.63,52.16,0.0,,
15.0,female,10,,,4.0,,
15.0,female,10,1.52,41.73,7.0,,
15.0,male,10,1.75,78.93,7.0,,
16.0,male,10,1.63,61.24,4.0,,
16.0,female,11,1.6,48.54,0.0,,
15.0,male,10,1.73,57.15,0.0,,
18.0,male,12,1.7,68.04,7.0,,
17.0,female,12,1.7,81.65,2.0,,
17.0,female,12,1.68,72.58,0.0,,
17.0,female,12,1.55,54.43,5.0,,
18.0,female,12,1.65,92.99,1.0,,
18.0,male,12,1.68,59.88,0.0,,
18.0,female,12,1.6,48.99,4.0,,
18.0,female,12,1.68,52.62,7.0,,
18.0,male,12,1.63,56.7,4.0,,
18.0,male,12,1.68,64.86,7.0,,
17.0,male,12,1.68,74.84,4.0,,
18.0,male,12,1.7,69.85,7.0,,
18.0,male,12,1.65,92.99,1.0,,
17.0,male,12,1.7,68.04,7.0,,
17.0,male,12,1.8,83.92,6.0,,
18.0,male,12,1.68,64.86,7.0,,
18.0,male,12,1.83,68.04,7.0,,
17.0,male,12,1.73,69.4,5.0,,
18.0,male,12,1.65,76.66,7.0,,
17.0,female,12,1.45,45.81,0.0,,
18.0,female,12,1.63,88.0,2.0,,
17.0,male,12,1.68,57.61,6.0,,
18.0,male,12,1.7,54.43,0.0,,
17.0,female,12,1.57,63.5,3.0,,
17.0,male,12,1.7,54.43,5.0,,
17.0,female,12,1.6,72.58,4.0,,
18.0,female,12,1.63,68.04,1.0,,
17.0,male,12,1.73,68.95,7.0,,
17.0,female,12,1.63,72.58,4.0,,
17.0,female,12,1.6,77.11,5.0,,
17.0,female,12,1.57,52.16,5.0,,
