age,gender,grade,hispanic,race,helmet_12m,text_while_driving_30d,hours_tv_per_school_day
14.0,female,9,not,Black or African American,never,0,5+
14.0,female,9,not,Black or African American,never,,5+
15.0,female,9,hispanic,Native Hawaiian or Other Pacific Islander,never,30,5+
15.0,female,9,not,Black or African American,never,0,2
15.0,female,9,not,Black or African American,did not ride,did not drive,3
15.0,female,9,not,Black or African American,did not ride,did not drive,5+
15.0,female,9,not,Black or African American,did not ride,,5+
14.0,male,9,not,Black or African American,never,,5+
15.0,male,9,not,Black or African American,never,,5+
15.0,male,10,not,Black or African American,did not ride,,do not watch
15.0,female,9,not,Black or African American,did not ride,0,do not watch
15.0,female,9,not,Black or African American,did not ride,did not drive,<1
15.0,female,9,not,Black or African American,did not ride,,5+
16.0,male,9,not,Black or African American,never,0,4
16.0,male,9,not,Black or African American,did not ride,did not drive,5+
15.0,male,9,not,Black or African American,did not ride,0,5+
14.0,male,9,not,Black or African American,never,did not drive,5+
15.0,male,9,not,Black or African American,never,0,5+
14.0,male,9,not,Black or African American,,0,1
16.0,male,9,not,Black or African American,never,did not drive,<1
16.0,female,10,not,Black or African American,did not ride,0,2
15.0,female,10,not,Black or African American,never,0,1
15.0,female,10,not,Black or African American,did not ride,did not drive,3
15.0,female,10,not,Black or African American,never,did not drive,3
16.0,female,10,not,Black or African American,did not ride,did not drive,5+
,female,10,,,,did not drive,
16.0,female,10,not,Black or African American,did not ride,did not drive,5+
16.0,female,10,,Black or African American,never,,3
15.0,female,10,not,Black or African American,sometimes,1-2,4
16.0,male,10,not,Black or African American,did not ride,1-2,
16.0,male,10,not,Black or African American,never,3-5,<1
16.0,male,10,not,Black or African American,did not ride,0,5+
15.0,male,10,not,Black or African American,did not ride,0,4
16.0,male,10,not,Black or African American,never,0,
16.0,male,10,not,Black or African American,did not ride,0,5+
15.0,male,10,not,Black or African American,never,0,3
,male,10,,,,did not drive,<1
,male,10,,,,,<1
18.0,female,12,not,Black or African American,did not ride,0,4
18.0,female,12,not,Black or African American,did not ride,0,2
18.0,female,12,not,Black or African American,did not ride,did not drive,2
17.0,female,12,not,Black or African American,did not ride,did not drive,do not watch
17.0,female,12,not,Black or African American,did not ride,0,5+
18.0,male,12,not,American Indian or Alaska Native,did not ride,1-2,
18.0,male,12,not,Black or African American,did not ride,30,3
18.0,male,12,not,Black or African American,always,0,5+
18.0,male,12,not,Black or African American,never,3-5,2
18.0,male,12,not,Black or African American,never,1-2,<1
18.0,female,11,not,Black or African American,rarely,0,5+
12.0,female,9,hispanic,Black or African American,did not ride,3-5,do not watch
18.0,female,11,not,Black or African American,did not ride,0,1
17.0,female,11,not,Black or African American,never,0,2
16.0,female,11,not,Black or African American,,,5+
17.0,male,11,not,Black or African American,did not ride,1-2,5+
17.0,male,11,not,Black or African American,did not ride,0,do not watch
18.0,male,11,not,White,rarely,,do not watch
17.0,male,11,not,Black or African American,did not ride,0,do not watch
17.0,male,11,not,Native Hawaiian or Other Pacific Islander,never,0,5+
18.0,male,11,not,Black or African American,always,0,<1
17.0,male,11,not,Black or African American,never,0,2
18.0,male,11,not,Black or African American,never,1-2,2
17.0,male,11,not,Black or African American,did not ride,,5+
17.0,male,11,not,Black or African American,never,1-2,4
17.0,male,11,not,Black or African American,never,0,2
17.0,male,11,not,Black or African American,did not ride,did not drive,5+
18.0,male,11,not,Black or African American,did not ride,0,3
17.0,male,11,not,Black or African American,did not ride,0,5+
16.0,male,11,not,Black or African American,never,30,3
17.0,male,11,not,Black or African American,never,0,1
17.0,male,11,not,White,never,,1
17.0,male,11,not,Black or African American,never,0,do not watch
16.0,male,11,not,Black or African American,never,1-2,1
16.0,male,11,,Black or African American,did not ride,,5+
18.0,male,11,not,Black or African American,never,did not drive,<1
16.0,male,11,not,Black or African American,never,20-29,2
17.0,male,11,not,Black or African American,never,3-5,5+
17.0,male,11,not,Black or African American,never,did not drive,3
17.0,male,11,not,Black or African American,did not ride,1-2,2
17.0,female,11,not,Black or African American,did not ride,did not drive,2
17.0,female,11,not,Black or African American,never,,3
16.0,female,11,not,Black or African American,did not ride,did not drive,5+
17.0,female,11,not,Black or African American,never,0,1
17.0,female,11,not,Black or African American,never,,4
17.0,female,11,not,Black or African American,never,,4
17.0,female,11,hispanic,,did not ride,1-2,5+
17.0,female,11,not,Black or African American,did not ride,,5+
17.0,female,10,not,Black or African American,never,0,5+
16.0,female,11,not,Asian,did not ride,0,do not watch
17.0,female,11,not,Black or African American,did not ride,0,5+
18.0,male,12,not,Black or African American,did not ride,1-2,<1
12.0,male,12,hispanic,White,never,30,do not watch
18.0,male,12,not,Black or African American,never,0,do not watch
17.0,male,12,not,Black or African American,did not ride,0,2
18.0,male,12,not,Black or African American,did not ride,30,do not watch
18.0,male,12,not,Black or African American,did not ride,0,5+
18.0,male,12,not,Black or African American,did not ride,3-5,3
18.0,male,12,not,Black or African American,,1-2,3
17.0,male,12,not,Black or African American,never,3-5,1
18.0,male,12,not,White,always,20-29,1
17.0,male,12,not,White,did not ride,,do not watch
18.0,male,12,hispanic,,never,3-5,3
17.0,male,12,not,Black or African American,did not ride,3-5,do not watch
18.0,female,12,not,Black or African American,did not ride,did not drive,
17.0,female,12,not,,did not ride,did not drive,4
18.0,female,12,not,Black or African American,did not ride,did not drive,3
18.0,female,12,not,Black or African American,never,30,5+
18.0,female,12,not,Black or African American,did not ride,30,5+
17.0,female,12,not,,did not ride,10-19,<1
18.0,female,12,not,Black or African American,did not ride,30,5+
18.0,female,12,not,Black or African American,never,3-5,2
17.0,female,12,not,Black or African American,did not ride,0,1
17.0,male,12,not,Black or African American,did not ride,0,4
17.0,male,12,not,White,did not ride,10-19,3
18.0,male,12,not,White,never,0,5+
18.0,male,12,not,White,never,10-19,5+
18.0,male,12,not,American Indian or Alaska Native,did not ride,30,5+
17.0,male,12,not,Black or African American,never,6-9,2
18.0,male,12,not,Black or African American,never,0,do not watch
17.0,male,12,not,White,did not ride,0,2
18.0,male,12,not,White,never,30,2
17.0,male,12,not,Black or African American,did not ride,,3
18.0,female,12,not,White,did not ride,0,<1
17.0,female,12,not,Black or African American,did not ride,did not drive,<1
17.0,female,12,not,Black or African American,did not ride,did not drive,5+
18.0,female,12,not,White,never,20-29,3
18.0,female,12,not,Black or African American,did not ride,did not drive,2
18.0,female,12,not,Asian,never,,do not watch
18.0,female,12,not,Black or African American,did not ride,did not drive,<1
18.0,female,12,not,Black or African American,never,1-2,3
18.0,female,12,not,White,did not ride,,do not watch
18.0,female,12,not,White,never,6-9,<1
17.0,female,12,not,White,never,0,3
18.0,female,12,not,Black or African American,never,3-5,<1
17.0,female,12,not,White,never,1-2,1
18.0,female,12,not,White,never,10-19,<1
18.0,female,12,not,,did not ride,0,1
17.0,female,11,not,Black or African American,never,did not drive,1
16.0,female,11,not,,never,did not drive,4
17.0,female,11,not,White,never,20-29,do not watch
16.0,female,11,not,Asian,did not ride,0,<1
17.0,female,11,not,Black or African American,did not ride,6-9,5+
16.0,female,11,not,White,did not ride,10-19,<1
16.0,female,11,not,Black or African American,always,0,5+
16.0,female,11,not,Black or African American,did not ride,1-2,do not watch
17.0,female,11,not,Black or African American,did not ride,3-5,5+
16.0,female,11,not,Black or African American,did not ride,did not drive,5+
17.0,female,11,not,Black or African American,never,0,<1
17.0,male,11,not,White,never,did not drive,4
17.0,male,11,not,Black or African American,did not ride,did not drive,2
17.0,male,11,not,Black or African American,never,30,3
17.0,male,11,not,White,did not ride,20-29,1
18.0,male,11,not,White,never,30,3
17.0,male,11,not,Black or African American,did not ride,0,5+
18.0,male,11,not,Asian,did not ride,0,3
16.0,male,11,not,White,never,0,1
17.0,male,11,not,Black or African American,never,30,5+
16.0,male,11,not,Black or African American,never,0,1
17.0,male,11,not,Black or African American,never,6-9,5+
17.0,male,11,not,Black or African American,never,6-9,2
12.0,male,11,not,Asian,rarely,3-5,do not watch
16.0,female,10,not,Black or African American,did not ride,0,5+
16.0,female,10,not,Black or African American,did not ride,did not drive,4
15.0,female,10,not,Black or African American,did not ride,0,5+
16.0,female,10,not,Black or African American,did not ride,,5+
15.0,female,10,not,Black or African American,never,did not drive,5+
16.0,female,10,not,Black or African American,never,1-2,3
16.0,female,10,not,Black or African American,never,1-2,<1
15.0,male,10,not,White,never,0,3
15.0,male,10,hispanic,Black or African American,never,30,5+
16.0,male,10,not,White,did not ride,0,<1
17.0,male,11,hispanic,Black or African American,did not ride,did not drive,
17.0,male,10,not,Black or African American,never,0,<1
16.0,male,10,not,Black or African American,did not ride,0,do not watch
17.0,male,10,not,Black or African American,did not ride,0,5+
15.0,male,10,not,Black or African American,never,0,4
14.0,female,9,not,Black or African American,did not ride,,2
16.0,female,9,not,Black or African American,never,0,<1
15.0,female,9,not,Black or African American,did not ride,,3
14.0,female,9,not,Black or African American,never,0,
15.0,female,9,not,Black or African American,did not ride,did not drive,5+
15.0,female,9,not,Black or African American,never,did not drive,3
16.0,female,9,not,Black or African American,did not ride,0,1
15.0,female,9,not,Black or African American,never,0,do not watch
15.0,female,9,not,White,did not ride,0,2
14.0,female,9,not,White,never,1-2,<1
16.0,female,10,not,Black or African American,never,0,2
15.0,female,9,not,Black or African American,did not ride,1-2,5+
14.0,female,9,not,Black or African American,did not ride,did not drive,<1
15.0,female,9,not,White,never,0,3
15.0,female,9,not,Black or African American,never,0,5+
15.0,male,9,not,Black or African American,never,,3
15.0,male,9,not,Black or African American,never,0,3
14.0,male,9,not,Black or African American,never,did not drive,5+
15.0,male,9,not,Black or African American,never,0,4
16.0,male,9,not,,rarely,did not drive,1
15.0,male,9,not,Black or African American,never,,3
14.0,male,9,not,White,did not ride,0,5+
15.0,male,9,not,Black or African American,never,did not drive,
15.0,female,9,not,American Indian or Alaska Native,did not ride,did not drive,5+
15.0,female,9,not,Black or African American,did not ride,0,5+
15.0,female,9,not,Black or African American,never,0,4
15.0,female,9,not,Black or African American,never,1-2,4
15.0,female,9,not,Black or African American,never,did not drive,2
14.0,female,9,not,Black or African American,sometimes,0,<1
15.0,female,9,not,Black or African American,did not ride,0,5+
15.0,female,10,not,Black or African American,never,30,5+
14.0,female,9,not,Black or African American,did not ride,did not drive,do not watch
14.0,female,9,not,Black or African American,did not ride,did not drive,<1
15.0,female,9,not,Black or African American,never,0,4
15.0,female,9,not,Black or African American,never,did not drive,5+
15.0,female,9,not,Black or African American,never,did not drive,5+
15.0,female,9,not,Black or African American,rarely,0,3
15.0,female,9,not,Black or African American,did not ride,did not drive,2
15.0,male,9,not,Black or African American,never,0,5+
14.0,male,9,not,White,never,did not drive,1
15.0,male,9,not,Black or African American,never,0,2
15.0,male,9,not,Black or African American,never,did not drive,3
17.0,male,10,not,Black or African American,never,0,4
15.0,male,9,not,Black or African American,never,0,2
16.0,male,9,not,Black or African American,never,,do not watch
15.0,male,9,not,Black or African American,never,0,5+
16.0,male,9,not,Black or African American,did not ride,1-2,3
15.0,male,10,not,Black or African American,did not ride,0,2
16.0,male,10,not,Black or African American,did not ride,did not drive,5+
15.0,male,10,not,White,never,did not drive,2
16.0,male,10,not,Black or African American,never,0,3
16.0,male,10,not,,never,did not drive,3
16.0,male,10,not,White,rarely,0,do not watch
15.0,male,10,not,Black or African American,never,0,5+
15.0,male,10,not,Black or African American,never,did not drive,2
15.0,male,10,not,White,did not ride,did not drive,1
16.0,male,10,not,,never,0,<1
16.0,male,10,not,White,did not ride,30,2
15.0,female,10,not,White,never,0,2
15.0,female,10,not,White,did not ride,0,<1
16.0,female,10,not,Black or African American,did not ride,,5+
16.0,female,10,not,White,did not ride,did not drive,1
16.0,female,10,not,,did not ride,did not drive,5+
15.0,female,10,not,White,did not ride,did not drive,<1
15.0,female,10,not,Black or African American,did not ride,did not drive,1
16.0,female,10,not,Black or African American,never,did not drive,4
15.0,female,10,not,White,never,0,2
15.0,female,10,not,Black or African American,never,0,5+
16.0,female,10,not,Black or African American,did not ride,0,2
16.0,female,10,not,Black or African American,did not ride,did not drive,2
16.0,female,10,not,White,never,1-2,5+
16.0,female,10,not,Black or African American,did not ride,3-5,do not watch
16.0,female,10,hispanic,Black or African American,rarely,0,do not watch
16.0,female,10,not,Black or African American,did not ride,0,3
16.0,female,10,not,Black or African American,did not ride,0,2
15.0,female,10,not,Black or African American,never,0,3
16.0,male,9,not,White,never,did not drive,3
15.0,female,10,not,Black or African American,did not ride,0,2
17.0,female,11,not,White,never,1-2,2
16.0,female,11,hispanic,Black or African American,rarely,1-2,3
16.0,female,11,hispanic,,never,0,4
16.0,female,11,hispanic,,never,did not drive,<1
17.0,female,11,not,Black or African American,did not ride,0,3
17.0,female,11,hispanic,,never,did not drive,4
16.0,female,11,not,Black or African American,did not ride,0,3
17.0,female,11,not,,did not ride,30,4
18.0,female,12,not,White,did not ride,1-2,<1
16.0,female,11,not,White,never,0,<1
17.0,female,11,hispanic,,did not ride,did not drive,2
17.0,female,11,not,White,never,did not drive,1
18.0,male,12,hispanic,White,never,10-19,5+
16.0,male,12,not,Asian,rarely,30,3
17.0,male,11,not,White,rarely,0,do not watch
17.0,male,11,not,White,did not ride,did not drive,do not watch
17.0,male,11,not,,did not ride,did not drive,do not watch
16.0,male,11,not,,most of time,20-29,<1
17.0,male,11,not,White,never,1-2,1
16.0,male,11,not,White,never,30,2
17.0,male,11,hispanic,,rarely,3-5,1
16.0,male,10,not,White,never,,do not watch
16.0,male,10,not,White,never,0,<1
16.0,male,10,,,did not ride,did not drive,3
16.0,male,10,not,Asian,did not ride,0,do not watch
16.0,male,10,not,White,never,did not drive,2
16.0,female,10,not,White,never,did not drive,do not watch
16.0,female,10,not,Black or African American,did not ride,,1
16.0,female,10,not,,never,20-29,2
15.0,female,10,hispanic,White,never,did not drive,<1
16.0,female,10,not,White,did not ride,,do not watch
16.0,female,10,not,Black or African American,did not ride,1-2,<1
16.0,female,10,not,White,never,0,2
16.0,female,10,not,,never,did not drive,2
16.0,female,10,not,White,never,did not drive,4
15.0,female,10,not,White,never,,3
16.0,female,10,not,White,never,0,2
15.0,female,10,hispanic,,never,0,2
15.0,female,10,not,White,sometimes,did not drive,<1
18.0,female,12,not,White,always,30,4
17.0,female,12,not,White,did not ride,0,2
,female,,,,never,3-5,do not watch
18.0,female,12,not,White,never,3-5,do not watch
17.0,female,12,not,White,did not ride,3-5,do not watch
18.0,female,12,not,White,did not ride,0,do not watch
18.0,female,12,not,White,did not ride,,<1
18.0,female,12,not,White,rarely,0,2
17.0,female,12,not,,did not ride,1-2,3
18.0,female,12,not,White,always,0,<1
18.0,male,12,not,,most of time,6-9,3
18.0,male,12,not,White,did not ride,6-9,<1
18.0,male,12,not,White,always,0,<1
18.0,male,12,not,White,sometimes,30,do not watch
18.0,male,12,not,White,did not ride,30,do not watch
18.0,male,12,not,White,did not ride,30,1
18.0,male,12,not,White,did not ride,30,3
17.0,male,12,not,White,rarely,0,5+
18.0,male,12,not,White,never,3-5,2
18.0,male,12,not,White,did not ride,0,4
17.0,male,12,,,did not ride,0,3
18.0,male,12,not,White,did not ride,did not drive,<1
18.0,male,12,not,White,never,1-2,<1
17.0,male,12,not,,did not ride,did not drive,do not watch
15.0,male,9,not,Black or African American,did not ride,0,2
15.0,male,9,not,White,did not ride,did not drive,1
15.0,male,9,not,White,did not ride,did not drive,<1
15.0,male,9,not,,did not ride,did not drive,2
15.0,male,9,not,Black or African American,never,0,2
16.0,male,9,hispanic,,never,1-2,2
15.0,male,9,not,White,always,did not drive,<1
16.0,male,9,not,White,did not ride,did not drive,<1
15.0,female,9,not,Black or African American,never,,2
15.0,female,9,not,White,never,0,2
16.0,female,9,not,White,never,0,2
15.0,female,9,hispanic,American Indian or Alaska Native,never,0,<1
14.0,female,9,not,White,never,did not drive,1
16.0,female,9,not,Black or African American,never,0,3
16.0,female,9,not,Black or African American,never,0,2
15.0,female,9,not,Black or African American,never,did not drive,5+
15.0,female,9,not,White,never,0,5+
15.0,female,9,not,Black or African American,,did not drive,3
14.0,female,9,not,Asian,never,did not drive,<1
14.0,female,9,not,White,never,30,5+
16.0,male,9,not,White,never,0,do not watch
14.0,male,9,not,White,most of time,did not drive,<1
,female,,,,,0,5+
15.0,female,9,not,White,never,did not drive,3
17.0,female,11,hispanic,,did not ride,did not drive,<1
15.0,female,9,hispanic,,rarely,,2
14.0,female,9,not,White,never,0,<1
15.0,male,9,not,White,always,did not drive,<1
14.0,male,9,not,White,never,0,2
15.0,male,9,not,White,never,0,2
15.0,male,9,not,White,always,did not drive,2
14.0,male,9,not,Asian,never,did not drive,do not watch
14.0,male,9,not,White,never,did not drive,4
15.0,male,9,not,White,always,0,<1
15.0,male,9,not,White,did not ride,0,do not watch
15.0,male,9,not,,never,0,5+
16.0,male,10,not,White,never,0,3
16.0,female,10,hispanic,White,did not ride,did not drive,5+
15.0,female,10,not,White,did not ride,did not drive,<1
16.0,female,10,not,White,never,20-29,1
16.0,female,10,not,White,did not ride,did not drive,1
16.0,female,10,not,American Indian or Alaska Native,did not ride,0,do not watch
16.0,female,10,not,White,never,0,5+
17.0,female,10,not,,did not ride,did not drive,4
15.0,female,10,hispanic,,never,1-2,2
16.0,female,10,not,White,never,20-29,5+
16.0,female,10,hispanic,,sometimes,0,2
15.0,female,10,not,Asian,did not ride,,5+
16.0,female,10,not,White,never,0,4
16.0,female,10,not,White,did not ride,did not drive,1
,male,,,,,0,do not watch
16.0,male,10,not,,never,3-5,3
16.0,male,10,not,White,did not ride,30,4
16.0,male,10,hispanic,,did not ride,0,2
15.0,male,10,not,White,never,1-2,1
16.0,male,10,not,White,never,3-5,3
15.0,male,10,not,White,never,0,2
15.0,male,10,not,White,never,3-5,1
16.0,male,10,not,White,did not ride,10-19,do not watch
16.0,male,11,hispanic,,never,did not drive,do not watch
15.0,male,10,not,,never,1-2,3
16.0,male,10,hispanic,,never,30,1
16.0,male,10,not,White,always,0,3
16.0,male,10,not,,never,did not drive,do not watch
16.0,male,10,not,Asian,did not ride,,do not watch
16.0,male,10,not,White,did not ride,0,5+
16.0,male,10,not,White,never,did not drive,3
15.0,male,10,not,White,never,did not drive,<1
16.0,male,10,not,White,never,0,do not watch
17.0,male,10,not,,never,0,4
15.0,male,10,not,,never,1-2,1
15.0,male,10,not,White,never,did not drive,do not watch
16.0,male,10,hispanic,White,never,0,4
16.0,male,10,not,White,never,did not drive,4
18.0,female,12,not,White,did not ride,3-5,1
17.0,female,12,not,White,did not ride,1-2,1
17.0,female,12,hispanic,,never,0,3
18.0,female,12,not,American Indian or Alaska Native,did not ride,0,3
17.0,female,12,not,White,never,10-19,2
18.0,female,12,not,White,never,30,3
18.0,female,12,not,White,did not ride,0,3
17.0,female,12,not,White,did not ride,0,<1
18.0,female,12,not,White,never,30,4
17.0,female,12,not,White,did not ride,did not drive,5+
18.0,male,12,not,White,did not ride,0,do not watch
18.0,male,12,not,White,never,did not drive,<1
17.0,male,12,not,White,never,1-2,<1
18.0,male,12,not,White,never,0,2
18.0,male,12,hispanic,,never,1-2,3
17.0,male,12,not,White,never,0,3
17.0,male,12,not,White,did not ride,0,do not watch
17.0,male,12,hispanic,White,never,20-29,
17.0,female,11,not,White,did not ride,0,1
16.0,female,11,not,White,did not ride,0,5+
17.0,female,11,not,White,never,0,5+
17.0,female,11,hispanic,White,did not ride,0,do not watch
17.0,female,11,not,American Indian or Alaska Native,did not ride,0,2
16.0,female,11,not,White,did not ride,0,3
17.0,female,11,not,White,did not ride,did not drive,1
17.0,female,11,not,White,,10-19,
17.0,female,11,not,White,did not ride,0,<1
17.0,female,11,hispanic,White,did not ride,did not drive,<1
17.0,female,11,not,White,did not ride,0,3
17.0,female,11,not,White,never,0,2
17.0,female,11,not,Asian,did not ride,6-9,<1
17.0,female,11,not,White,never,did not drive,do not watch
17.0,female,11,not,White,never,0,4
18.0,female,11,not,White,did not ride,did not drive,3
16.0,female,11,not,White,never,did not drive,3
18.0,male,11,not,White,never,1-2,2
17.0,male,11,not,White,did not ride,20-29,3
17.0,male,11,not,White,never,0,3
16.0,male,11,hispanic,White,did not ride,1-2,1
17.0,male,11,hispanic,,never,,2
16.0,male,11,hispanic,Black or African American,never,0,3
17.0,male,11,hispanic,American Indian or Alaska Native,never,0,4
17.0,male,11,not,White,never,30,5+
16.0,male,11,not,White,never,0,4
17.0,male,11,not,White,never,0,do not watch
17.0,male,11,not,White,never,0,3
16.0,male,11,not,White,never,did not drive,3
16.0,male,11,not,White,never,20-29,3
17.0,male,11,not,White,never,0,2
17.0,male,11,not,White,did not ride,did not drive,1
16.0,male,11,not,White,did not ride,did not drive,1
17.0,male,11,hispanic,Asian,did not ride,,3
17.0,male,11,not,White,never,1-2,3
17.0,male,11,not,White,never,0,2
17.0,male,11,not,White,never,6-9,<1
17.0,male,11,not,White,never,0,4
17.0,male,11,not,White,did not ride,1-2,<1
16.0,male,11,not,White,never,did not drive,5+
17.0,male,11,not,,did not ride,did not drive,4
17.0,male,11,not,White,did not ride,10-19,do not watch
16.0,male,11,hispanic,,did not ride,0,<1
17.0,male,11,not,White,never,1-2,3
17.0,female,11,not,Asian,sometimes,did not drive,3
17.0,female,11,hispanic,,never,1-2,4
17.0,female,12,not,Native Hawaiian or Other Pacific Islander,never,did not drive,do not watch
17.0,female,11,not,Asian,did not ride,did not drive,3
16.0,female,11,not,White,did not ride,did not drive,1
17.0,female,11,not,Asian,rarely,did not drive,2
17.0,female,12,hispanic,,did not ride,did not drive,1
17.0,female,12,hispanic,American Indian or Alaska Native,always,did not drive,do not watch
17.0,female,12,hispanic,White,did not ride,0,3
18.0,female,12,not,Asian,did not ride,0,2
17.0,male,11,not,Asian,did not ride,0,1
16.0,male,11,not,Asian,did not ride,did not drive,do not watch
16.0,male,11,not,Asian,did not ride,0,2
17.0,male,11,not,Asian,rarely,did not drive,3
18.0,male,11,not,,most of time,0,<1
17.0,male,11,hispanic,White,most of time,0,1
16.0,male,11,not,White,sometimes,did not drive,1
18.0,male,12,hispanic,,always,0,2
17.0,male,11,hispanic,,never,1-2,1
16.0,male,11,not,Native Hawaiian or Other Pacific Islander,never,0,2
17.0,male,12,hispanic,,sometimes,0,<1
15.0,female,9,hispanic,,never,0,do not watch
14.0,female,9,not,Asian,did not ride,0,<1
14.0,female,9,not,Black or African American,did not ride,,<1
14.0,female,9,not,Asian,did not ride,did not drive,do not watch
17.0,female,11,not,American Indian or Alaska Native,did not ride,did not drive,1
14.0,female,9,hispanic,,did not ride,did not drive,<1
14.0,female,9,hispanic,White,sometimes,did not drive,3
14.0,female,9,not,White,sometimes,did not drive,do not watch
15.0,female,9,not,Asian,did not ride,did not drive,5+
14.0,female,9,not,Native Hawaiian or Other Pacific Islander,never,did not drive,2
15.0,female,9,hispanic,,never,did not drive,4
14.0,female,9,not,Asian,sometimes,did not drive,<1
14.0,female,9,hispanic,,never,,2
14.0,female,9,not,Asian,did not ride,did not drive,do not watch
15.0,male,9,not,,never,did not drive,4
14.0,male,9,hispanic,,did not ride,did not drive,3
15.0,male,9,not,Asian,did not ride,did not drive,do not watch
15.0,male,9,hispanic,,never,0,3
14.0,male,9,not,Asian,sometimes,did not drive,2
14.0,male,9,hispanic,White,did not ride,did not drive,2
15.0,male,9,not,Asian,never,did not drive,do not watch
14.0,male,9,hispanic,,rarely,did not drive,1
14.0,male,9,hispanic,White,never,did not drive,3
15.0,male,9,not,Asian,did not ride,did not drive,do not watch
14.0,male,9,not,,did not ride,did not drive,2
14.0,male,9,hispanic,White,sometimes,did not drive,2
15.0,male,9,not,,rarely,did not drive,<1
15.0,male,9,hispanic,,never,,3
14.0,male,9,hispanic,,never,,<1
14.0,male,9,hispanic,,sometimes,did not drive,2
14.0,male,9,not,White,never,did not drive,3
14.0,male,9,not,Asian,never,did not drive,5+
14.0,male,9,not,Asian,never,did not drive,4
15.0,male,9,hispanic,,never,0,3
15.0,male,9,not,Asian,sometimes,did not drive,5+
16.0,female,10,hispanic,American Indian or Alaska Native,did not ride,0,3
15.0,female,10,hispanic,American Indian or Alaska Native,never,0,2
15.0,female,10,not,Asian,did not ride,did not drive,5+
15.0,female,10,hispanic,,did not ride,did not drive,do not watch
17.0,female,12,not,Asian,never,3-5,2
16.0,female,10,hispanic,White,never,0,5+
16.0,female,10,not,Asian,rarely,did not drive,do not watch
17.0,female,11,not,Asian,did not ride,0,2
16.0,female,10,not,Asian,sometimes,3-5,3
16.0,female,11,hispanic,,never,0,3
16.0,female,10,hispanic,,never,did not drive,2
18.0,female,12,hispanic,,did not ride,0,1
16.0,female,10,not,Asian,did not ride,did not drive,do not watch
17.0,male,11,not,Asian,never,3-5,3
17.0,male,11,hispanic,,never,did not drive,do not watch
18.0,male,12,not,Asian,did not ride,20-29,do not watch
15.0,male,10,not,Asian,sometimes,did not drive,3
15.0,male,10,not,Asian,never,did not drive,do not watch
15.0,male,10,not,Asian,sometimes,did not drive,5+
16.0,male,10,hispanic,,never,did not drive,do not watch
15.0,male,10,hispanic,,never,did not drive,1
16.0,male,10,hispanic,,never,,3
17.0,male,11,not,White,never,0,<1
18.0,male,12,not,White,did not ride,did not drive,4
18.0,male,12,hispanic,,did not ride,did not drive,3
16.0,male,10,hispanic,,did not ride,did not drive,2
15.0,male,10,,,sometimes,0,do not watch
15.0,male,10,hispanic,Black or African American,never,did not drive,3
16.0,male,10,hispanic,,did not ride,0,do not watch
15.0,male,10,hispanic,American Indian or Alaska Native,did not ride,,1
16.0,male,10,hispanic,,never,0,2
15.0,male,10,not,Asian,rarely,did not drive,2
16.0,male,10,not,Asian,never,did not drive,do not watch
16.0,male,11,not,White,rarely,0,<1
18.0,male,12,not,Native Hawaiian or Other Pacific Islander,never,30,5+
17.0,female,12,not,Asian,never,1-2,2
18.0,female,12,hispanic,Asian,never,1-2,3
18.0,female,12,not,Asian,never,0,do not watch
17.0,female,12,hispanic,American Indian or Alaska Native,never,6-9,do not watch
18.0,female,12,not,Black or African American,never,20-29,1
18.0,female,12,not,White,always,did not drive,do not watch
17.0,female,12,not,Black or African American,did not ride,did not drive,2
18.0,female,12,not,White,did not ride,0,<1
18.0,female,12,hispanic,,never,0,do not watch
17.0,female,12,hispanic,,did not ride,0,4
17.0,female,12,not,White,never,0,2
17.0,female,12,not,Asian,most of time,did not drive,<1
17.0,female,12,hispanic,,did not ride,1-2,2
17.0,female,12,not,Black or African American,most of time,0,4
17.0,female,12,hispanic,,always,did not drive,2
17.0,female,12,not,Asian,did not ride,0,1
18.0,female,12,hispanic,,did not ride,0,do not watch
17.0,female,12,not,,did not ride,0,2
17.0,female,12,hispanic,,never,did not drive,do not watch
17.0,female,12,hispanic,White,did not ride,did not drive,do not watch
17.0,female,12,not,Asian,did not ride,did not drive,do not watch
18.0,female,12,hispanic,,always,0,<1
17.0,female,12,not,Native Hawaiian or Other Pacific Islander,did not ride,10-19,4
18.0,male,12,not,Asian,sometimes,did not drive,2
18.0,male,12,hispanic,,never,20-29,4
17.0,male,12,not,Native Hawaiian or Other Pacific Islander,never,1-2,3
17.0,male,12,not,Asian,always,did not drive,do not watch
17.0,male,12,not,,never,0,1
18.0,male,12,not,White,never,0,3
18.0,male,12,not,Asian,did not ride,0,<1
18.0,male,12,hispanic,,never,20-29,2
16.0,female,11,hispanic,,never,did not drive,do not watch
17.0,female,11,not,White,did not ride,1-2,1
16.0,female,11,hispanic,,sometimes,0,do not watch
17.0,female,11,not,Asian,never,did not drive,1
16.0,female,11,hispanic,,never,did not drive,do not watch
16.0,female,11,not,Asian,rarely,did not drive,do not watch
18.0,female,12,hispanic,White,never,0,2
16.0,female,11,hispanic,,never,did not drive,do not watch
18.0,female,12,not,Native Hawaiian or Other Pacific Islander,never,3-5,2
17.0,female,11,not,Asian,did not ride,0,<1
18.0,female,12,not,Asian,did not ride,did not drive,2
17.0,female,12,not,Asian,rarely,0,1
17.0,female,11,hispanic,,never,did not drive,3
18.0,female,12,not,Asian,never,1-2,do not watch
17.0,female,12,not,,rarely,0,3
17.0,female,11,not,Asian,did not ride,0,2
16.0,female,11,not,Asian,rarely,did not drive,do not watch
17.0,male,11,hispanic,Asian,most of time,0,<1
18.0,male,12,not,Asian,did not ride,0,<1
17.0,male,11,not,Asian,never,did not drive,do not watch
17.0,female,11,not,Asian,never,30,2
17.0,female,12,hispanic,,did not ride,did not drive,4
17.0,female,11,not,Asian,never,did not drive,do not watch
15.0,female,9,hispanic,Native Hawaiian or Other Pacific Islander,never,6-9,<1
16.0,female,11,not,Asian,did not ride,0,2
17.0,male,11,not,,never,did not drive,do not watch
18.0,male,12,not,Asian,never,10-19,3
15.0,male,9,hispanic,Black or African American,never,,do not watch
17.0,male,12,hispanic,,did not ride,30,1
17.0,female,12,hispanic,,never,0,3
17.0,female,12,hispanic,,did not ride,0,2
17.0,female,12,hispanic,,never,did not drive,2
17.0,female,12,hispanic,Asian,did not ride,,2
17.0,female,12,hispanic,,did not ride,1-2,2
18.0,female,12,hispanic,,did not ride,0,3
18.0,female,12,not,Black or African American,did not ride,3-5,5+
17.0,female,12,hispanic,,rarely,0,5+
17.0,male,12,hispanic,,never,30,do not watch
18.0,male,12,hispanic,,never,did not drive,3
18.0,male,12,hispanic,,never,0,3
17.0,male,12,hispanic,,never,0,<1
18.0,male,12,hispanic,American Indian or Alaska Native,,3-5,<1
18.0,female,12,hispanic,White,never,did not drive,do not watch
17.0,female,12,,White,never,,3
18.0,female,12,hispanic,White,never,0,5+
18.0,female,12,hispanic,,always,,3
17.0,female,12,not,Black or African American,did not ride,0,5+
17.0,female,12,not,,never,1-2,2
18.0,female,12,hispanic,,rarely,0,4
17.0,female,12,hispanic,,never,1-2,2
17.0,female,12,hispanic,,never,6-9,1
17.0,female,12,hispanic,,did not ride,did not drive,1
18.0,female,12,hispanic,American Indian or Alaska Native,did not ride,1-2,<1
18.0,female,12,hispanic,White,did not ride,0,2
17.0,female,12,hispanic,,did not ride,did not drive,do not watch
17.0,male,12,hispanic,White,never,0,5+
17.0,male,12,hispanic,,never,,
17.0,male,12,hispanic,,never,0,3
17.0,male,12,hispanic,,never,0,1
18.0,male,12,hispanic,,never,3-5,<1
18.0,male,12,hispanic,,never,0,3
17.0,male,12,hispanic,,never,20-29,<1
17.0,male,12,hispanic,,never,0,5+
17.0,male,12,hispanic,,rarely,did not drive,do not watch
17.0,male,12,hispanic,White,did not ride,1-2,3
17.0,male,12,hispanic,White,never,1-2,5+
17.0,male,12,hispanic,,never,0,2
14.0,male,9,hispanic,,sometimes,did not drive,2
15.0,male,,hispanic,,never,did not drive,3
14.0,male,9,hispanic,American Indian or Alaska Native,,0,3
15.0,female,9,hispanic,,never,did not drive,<1
15.0,female,9,hispanic,,never,did not drive,<1
14.0,male,9,not,Black or African American,never,did not drive,4
15.0,male,9,hispanic,,never,0,4
15.0,male,9,hispanic,,never,did not drive,<1
15.0,male,9,hispanic,,never,0,3
14.0,male,9,hispanic,,never,did not drive,3
15.0,female,10,hispanic,American Indian or Alaska Native,never,0,2
15.0,female,10,hispanic,,did not ride,did not drive,
16.0,female,10,hispanic,American Indian or Alaska Native,never,0,<1
16.0,female,11,not,White,never,did not drive,do not watch
15.0,female,10,hispanic,,did not ride,did not drive,1
15.0,female,10,hispanic,,did not ride,0,<1
16.0,female,9,not,Asian,sometimes,30,5+
16.0,female,10,hispanic,,never,0,3
15.0,female,10,hispanic,,never,0,2
16.0,female,10,hispanic,,did not ride,did not drive,4
16.0,male,10,hispanic,,never,0,4
15.0,male,10,not,White,never,did not drive,<1
15.0,male,9,hispanic,Native Hawaiian or Other Pacific Islander,always,did not drive,1
15.0,female,10,hispanic,,never,did not drive,3
16.0,female,10,hispanic,,did not ride,0,do not watch
15.0,female,10,hispanic,,never,did not drive,2
16.0,male,10,hispanic,American Indian or Alaska Native,never,1-2,do not watch
16.0,male,10,hispanic,,never,0,2
15.0,male,10,hispanic,,never,0,<1
15.0,male,10,hispanic,American Indian or Alaska Native,never,0,<1
16.0,male,9,hispanic,Native Hawaiian or Other Pacific Islander,never,did not drive,5+
16.0,male,10,hispanic,,never,did not drive,3
15.0,male,10,not,Native Hawaiian or Other Pacific Islander,sometimes,did not drive,<1
16.0,male,10,hispanic,American Indian or Alaska Native,never,did not drive,do not watch
16.0,male,10,hispanic,American Indian or Alaska Native,never,0,4
16.0,male,10,not,Black or African American,never,0,<1
15.0,male,10,hispanic,,did not ride,did not drive,5+
15.0,male,10,not,American Indian or Alaska Native,rarely,did not drive,3
16.0,male,10,hispanic,,never,0,5+
16.0,male,10,hispanic,,never,1-2,1
15.0,male,10,hispanic,Native Hawaiian or Other Pacific Islander,sometimes,3-5,do not watch
15.0,male,10,hispanic,,never,3-5,<1
15.0,male,10,hispanic,,did not ride,30,1
15.0,male,10,not,Black or African American,never,0,2
15.0,male,10,hispanic,White,never,0,2
16.0,male,10,hispanic,,,,
17.0,female,11,not,Black or African American,never,did not drive,<1
16.0,female,11,hispanic,,never,did not drive,2
17.0,female,12,hispanic,,never,0,<1
18.0,female,12,hispanic,,did not ride,did not drive,3
17.0,female,11,hispanic,,never,0,2
16.0,male,11,,Black or African American,did not ride,did not drive,3
16.0,male,11,hispanic,American Indian or Alaska Native,never,0,4
16.0,male,11,not,Black or African American,never,did not drive,3
16.0,male,11,hispanic,White,never,did not drive,2
16.0,male,11,,,,0,3
15.0,female,10,hispanic,White,never,did not drive,2
16.0,female,10,hispanic,,never,0,<1
16.0,female,10,hispanic,,never,1-2,3
16.0,female,10,hispanic,,did not ride,did not drive,do not watch
15.0,female,10,hispanic,,did not ride,,1
16.0,female,10,hispanic,Asian,did not ride,0,3
15.0,female,10,hispanic,,never,0,<1
15.0,female,10,not,,never,0,4
15.0,female,10,not,,never,did not drive,<1
15.0,female,10,hispanic,,never,did not drive,1
15.0,female,10,hispanic,American Indian or Alaska Native,did not ride,did not drive,5+
15.0,female,10,,,did not ride,did not drive,1
16.0,female,10,not,White,never,did not drive,5+
15.0,female,10,not,Black or African American,never,,1
16.0,female,10,hispanic,,did not ride,0,do not watch
15.0,female,10,hispanic,,never,did not drive,<1
15.0,female,10,hispanic,,never,did not drive,2
15.0,female,10,hispanic,Black or African American,never,0,5+
15.0,female,10,hispanic,,sometimes,0,do not watch
15.0,female,10,not,White,never,0,3
15.0,female,10,hispanic,American Indian or Alaska Native,rarely,did not drive,2
16.0,female,10,hispanic,White,rarely,did not drive,2
15.0,male,10,hispanic,Black or African American,never,0,3
15.0,male,10,hispanic,,never,0,3
16.0,male,10,hispanic,,never,0,2
15.0,male,10,hispanic,,did not ride,did not drive,4
15.0,female,10,hispanic,Asian,did not ride,did not drive,<1
15.0,female,10,hispanic,,never,0,2
15.0,female,10,hispanic,,never,0,<1
16.0,male,10,hispanic,,never,1-2,1
16.0,male,10,hispanic,,never,did not drive,<1
15.0,male,10,hispanic,,never,0,5+
15.0,male,10,hispanic,,never,did not drive,do not watch
15.0,male,10,not,Native Hawaiian or Other Pacific Islander,never,0,2
16.0,male,10,hispanic,,never,0,2
15.0,male,10,hispanic,,did not ride,,3
16.0,male,10,hispanic,,never,0,do not watch
15.0,male,10,hispanic,,never,did not drive,4
15.0,male,10,hispanic,,never,0,
16.0,male,10,hispanic,,did not ride,0,do not watch
16.0,male,10,not,White,sometimes,,2
16.0,male,10,hispanic,,never,0,4
16.0,male,10,hispanic,,never,,<1
15.0,male,10,hispanic,,never,0,
15.0,male,10,hispanic,,never,did not drive,4
16.0,male,10,not,White,never,,5+
17.0,female,12,hispanic,,never,20-29,1
17.0,male,12,hispanic,,never,30,4
18.0,male,12,hispanic,,did not ride,did not drive,5+
18.0,male,12,not,White,never,did not drive,do not watch
18.0,female,12,hispanic,,did not ride,0,<1
17.0,female,12,hispanic,,did not ride,0,<1
17.0,male,12,hispanic,White,did not ride,1-2,<1
18.0,male,12,hispanic,,never,did not drive,2
17.0,male,12,hispanic,,did not ride,0,2
18.0,male,12,not,White,never,0,<1
17.0,male,12,hispanic,White,did not ride,0,<1
18.0,male,12,hispanic,American Indian or Alaska Native,did not ride,0,<1
18.0,male,12,hispanic,White,never,0,do not watch
18.0,male,12,hispanic,,never,0,do not watch
18.0,male,12,hispanic,,never,0,1
17.0,male,12,hispanic,,never,0,<1
17.0,male,12,hispanic,,most of time,0,do not watch
18.0,male,12,hispanic,American Indian or Alaska Native,never,did not drive,5+
17.0,male,12,hispanic,,did not ride,did not drive,1
17.0,male,12,hispanic,,never,did not drive,3
17.0,male,12,hispanic,,did not ride,did not drive,3
17.0,male,12,hispanic,,never,,3
17.0,male,12,hispanic,,never,,<1
17.0,male,12,hispanic,White,never,1-2,do not watch
17.0,male,12,hispanic,White,never,3-5,3
17.0,female,12,hispanic,,never,did not drive,<1
17.0,female,12,hispanic,,did not ride,did not drive,3
17.0,female,12,hispanic,,never,1-2,do not watch
17.0,female,12,not,White,did not ride,did not drive,<1
17.0,female,12,hispanic,,never,3-5,2
17.0,female,12,not,Black or African American,never,0,do not watch
17.0,female,12,not,White,did not ride,6-9,4
17.0,female,12,not,Asian,did not ride,did not drive,<1
18.0,female,12,hispanic,,never,0,3
18.0,female,12,hispanic,,never,did not drive,do not watch
18.0,female,12,hispanic,,did not ride,0,1
18.0,female,12,not,Black or African American,did not ride,did not drive,4
17.0,female,12,hispanic,,did not ride,,1
17.0,female,12,hispanic,,did not ride,,1
17.0,male,11,hispanic,American Indian or Alaska Native,never,did not drive,4
15.0,male,9,hispanic,American Indian or Alaska Native,never,0,5+
14.0,female,9,hispanic,,never,0,2
15.0,female,9,hispanic,,did not ride,0,2
15.0,female,9,hispanic,American Indian or Alaska Native,,0,do not watch
14.0,female,9,hispanic,,never,0,do not watch
15.0,female,9,hispanic,,never,did not drive,4
15.0,female,9,hispanic,,never,0,1
15.0,female,9,hispanic,,never,did not drive,4
14.0,female,9,hispanic,,never,did not drive,3
14.0,female,9,hispanic,White,most of time,0,do not watch
15.0,female,9,not,,did not ride,did not drive,1
14.0,female,9,hispanic,,never,0,1
15.0,female,9,hispanic,,did not ride,did not drive,5+
14.0,female,9,not,American Indian or Alaska Native,did not ride,did not drive,5+
15.0,male,9,hispanic,Black or African American,sometimes,,2
14.0,male,9,hispanic,,rarely,0,1
15.0,male,9,hispanic,,never,did not drive,4
14.0,male,9,not,,never,,3
15.0,male,9,hispanic,,did not ride,0,2
15.0,male,9,not,,sometimes,0,2
14.0,male,,hispanic,American Indian or Alaska Native,never,did not drive,do not watch
14.0,male,9,hispanic,Native Hawaiian or Other Pacific Islander,never,1-2,5+
14.0,male,9,hispanic,,never,did not drive,2
15.0,male,9,hispanic,,never,did not drive,<1
17.0,male,11,hispanic,,never,0,1
15.0,male,9,hispanic,White,never,did not drive,<1
15.0,male,9,not,Native Hawaiian or Other Pacific Islander,did not ride,did not drive,2
15.0,male,9,hispanic,,never,1-2,2
15.0,male,9,hispanic,,never,did not drive,5+
15.0,female,9,not,,never,0,<1
15.0,female,9,hispanic,,never,did not drive,3
14.0,female,9,hispanic,,,did not drive,3
18.0,female,12,hispanic,,did not ride,did not drive,1
14.0,female,9,hispanic,,never,0,<1
14.0,female,9,hispanic,,did not ride,did not drive,3
14.0,female,9,hispanic,,never,,1
14.0,female,9,hispanic,American Indian or Alaska Native,never,30,2
14.0,female,9,hispanic,American Indian or Alaska Native,did not ride,did not drive,4
14.0,female,9,hispanic,,never,0,5+
15.0,female,9,hispanic,,never,did not drive,3
15.0,female,9,hispanic,,did not ride,did not drive,5+
14.0,female,9,hispanic,,never,did not drive,4
14.0,female,9,hispanic,,did not ride,,1
17.0,female,11,not,White,never,0,do not watch
15.0,female,9,hispanic,,never,did not drive,do not watch
14.0,female,9,hispanic,White,never,did not drive,<1
16.0,female,9,not,Black or African American,most of time,0,5+
14.0,female,9,hispanic,Black or African American,never,did not drive,<1
15.0,male,9,hispanic,,never,0,<1
15.0,male,9,hispanic,,did not ride,did not drive,3
14.0,male,9,hispanic,,never,did not drive,3
14.0,male,9,hispanic,,never,did not drive,3
14.0,male,9,hispanic,,did not ride,did not drive,3
14.0,male,9,hispanic,,,0,1
17.0,female,11,not,Native Hawaiian or Other Pacific Islander,did not ride,0,2
15.0,female,10,not,,never,did not drive,do not watch
15.0,female,10,hispanic,White,never,did not drive,4
16.0,female,10,not,White,most of time,did not drive,<1
15.0,female,10,hispanic,Native Hawaiian or Other Pacific Islander,most of time,did not drive,3
15.0,female,10,hispanic,White,never,did not drive,<1
15.0,female,9,hispanic,,never,0,2
15.0,female,10,hispanic,White,never,did not drive,1
16.0,female,10,hispanic,,did not ride,did not drive,1
17.0,female,12,hispanic,,never,30,3
15.0,female,10,hispanic,,never,did not drive,<1
15.0,female,10,hispanic,,never,0,2
16.0,female,10,not,White,never,0,<1
15.0,male,10,hispanic,Native Hawaiian or Other Pacific Islander,never,0,2
16.0,male,10,not,White,always,0,<1
17.0,male,11,hispanic,,rarely,,5+
15.0,male,10,hispanic,Asian,did not ride,did not drive,3
16.0,male,11,not,White,never,0,do not watch
15.0,male,10,not,White,sometimes,0,1
16.0,male,10,hispanic,,sometimes,,
18.0,male,12,hispanic,White,never,6-9,5+
16.0,male,10,hispanic,,did not ride,did not drive,3
15.0,male,9,hispanic,,always,0,1
15.0,male,10,hispanic,White,did not ride,0,5+
16.0,male,10,not,,never,0,<1
16.0,male,10,hispanic,,always,did not drive,<1
16.0,male,10,hispanic,,did not ride,0,3
17.0,male,11,hispanic,,never,30,3
16.0,male,10,hispanic,,sometimes,did not drive,1
15.0,male,10,hispanic,,never,0,2
14.0,female,9,not,White,rarely,30,
14.0,female,9,hispanic,American Indian or Alaska Native,never,did not drive,do not watch
15.0,female,9,hispanic,,never,0,4
14.0,female,9,not,White,sometimes,,5+
14.0,female,9,not,White,most of time,did not drive,<1
14.0,female,9,not,White,most of time,did not drive,<1
15.0,female,9,not,White,always,0,do not watch
15.0,female,9,hispanic,,did not ride,0,do not watch
15.0,female,9,not,White,rarely,did not drive,1
14.0,female,9,not,Asian,most of time,did not drive,2
15.0,female,9,hispanic,,did not ride,0,do not watch
14.0,female,9,not,White,never,did not drive,3
15.0,female,9,hispanic,,did not ride,did not drive,2
15.0,female,9,not,Black or African American,did not ride,,5+
14.0,female,9,hispanic,American Indian or Alaska Native,did not ride,,5+
15.0,female,9,hispanic,White,did not ride,did not drive,3
14.0,male,9,hispanic,,most of time,did not drive,2
14.0,male,9,,White,never,did not drive,5+
15.0,male,9,hispanic,White,rarely,did not drive,5+
15.0,male,9,not,,sometimes,0,3
14.0,male,9,not,White,never,0,5+
14.0,male,9,hispanic,,never,0,do not watch
14.0,male,9,not,White,never,did not drive,<1
14.0,male,9,hispanic,White,never,,5+
15.0,male,9,hispanic,Asian,never,,4
15.0,male,9,hispanic,,never,0,2
14.0,male,9,hispanic,White,sometimes,did not drive,2
14.0,male,9,hispanic,,never,30,3
15.0,male,9,not,,rarely,did not drive,3
15.0,male,9,hispanic,Asian,always,did not drive,3
14.0,male,9,hispanic,White,never,,5+
15.0,male,9,not,White,did not ride,did not drive,do not watch
14.0,male,9,not,White,most of time,did not drive,5+
14.0,male,9,hispanic,White,always,0,2
15.0,male,9,not,,never,0,1
15.0,male,9,not,Native Hawaiian or Other Pacific Islander,never,did not drive,<1
14.0,male,9,hispanic,Asian,never,did not drive,1
14.0,male,9,hispanic,White,never,,2
15.0,male,9,hispanic,,never,,3
14.0,male,9,hispanic,White,never,0,5+
17.0,male,11,hispanic,White,rarely,did not drive,4
17.0,male,11,not,White,did not ride,30,2
17.0,male,11,hispanic,White,never,0,do not watch
17.0,male,11,hispanic,White,never,did not drive,<1
17.0,male,11,hispanic,,never,0,2
17.0,male,11,not,Asian,never,0,do not watch
17.0,male,11,hispanic,,never,0,2
17.0,male,11,not,White,always,did not drive,2
17.0,male,11,hispanic,,did not ride,did not drive,3
16.0,female,11,hispanic,,never,0,<1
17.0,female,11,hispanic,,did not ride,,2
17.0,female,11,not,Black or African American,never,did not drive,5+
17.0,female,11,hispanic,White,never,did not drive,3
16.0,female,11,hispanic,,never,0,2
17.0,female,11,hispanic,,never,did not drive,3
16.0,female,11,hispanic,,never,0,3
16.0,female,11,hispanic,,never,0,<1
17.0,female,11,hispanic,,did not ride,did not drive,4
17.0,female,11,not,Asian,did not ride,did not drive,<1
16.0,female,11,hispanic,Native Hawaiian or Other Pacific Islander,never,30,4
16.0,female,11,hispanic,,,did not drive,2
16.0,female,11,not,,never,did not drive,<1
17.0,female,11,hispanic,,never,0,1
17.0,female,11,not,White,never,1-2,<1
16.0,female,11,,Asian,always,0,<1
16.0,female,11,hispanic,White,did not ride,did not drive,do not watch
15.0,female,9,hispanic,White,never,0,5+
14.0,female,9,not,Asian,never,,<1
16.0,female,9,not,White,did not ride,0,2
15.0,female,9,not,White,always,did not drive,<1
14.0,female,9,not,Asian,never,did not drive,2
15.0,female,9,hispanic,White,did not ride,did not drive,1
14.0,female,9,hispanic,,sometimes,0,1
14.0,female,9,hispanic,,never,,3
14.0,female,9,hispanic,White,did not ride,did not drive,5+
15.0,female,9,hispanic,White,never,0,4
14.0,female,9,hispanic,American Indian or Alaska Native,never,30,5+
15.0,female,9,hispanic,,did not ride,did not drive,
15.0,female,9,hispanic,White,never,did not drive,1
14.0,female,9,hispanic,American Indian or Alaska Native,rarely,0,
15.0,female,9,hispanic,,never,0,2
14.0,female,9,,White,did not ride,did not drive,<1
14.0,female,9,not,White,sometimes,did not drive,1
15.0,female,9,hispanic,,never,0,
14.0,female,9,hispanic,Asian,did not ride,1-2,
14.0,female,9,not,Asian,never,,3
15.0,female,9,hispanic,,did not ride,did not drive,
14.0,female,9,hispanic,,never,did not drive,5+
15.0,male,9,hispanic,Black or African American,never,did not drive,3
14.0,male,9,hispanic,,never,did not drive,2
15.0,male,9,not,White,never,0,4
15.0,male,9,hispanic,White,rarely,1-2,3
14.0,male,9,not,,never,6-9,
15.0,male,9,hispanic,White,never,did not drive,2
14.0,male,9,hispanic,,never,did not drive,3
14.0,male,9,not,,never,0,4
14.0,male,9,hispanic,,never,did not drive,3
15.0,male,9,hispanic,,never,did not drive,<1
14.0,male,9,hispanic,American Indian or Alaska Native,never,did not drive,3
15.0,male,9,hispanic,American Indian or Alaska Native,never,30,do not watch
14.0,male,9,hispanic,,did not ride,did not drive,<1
14.0,male,9,hispanic,,most of time,did not drive,5+
14.0,male,9,hispanic,,did not ride,did not drive,2
15.0,male,9,hispanic,,never,did not drive,2
15.0,male,10,hispanic,American Indian or Alaska Native,did not ride,did not drive,do not watch
15.0,male,9,not,White,never,did not drive,1
14.0,male,9,hispanic,American Indian or Alaska Native,sometimes,did not drive,
15.0,male,9,hispanic,Black or African American,did not ride,0,5+
15.0,male,9,hispanic,Black or African American,never,0,2
15.0,male,9,not,Native Hawaiian or Other Pacific Islander,never,did not drive,
15.0,male,9,not,,never,did not drive,3
14.0,male,9,not,White,never,did not drive,do not watch
15.0,male,9,hispanic,,did not ride,did not drive,
14.0,male,9,hispanic,,did not ride,did not drive,5+
14.0,male,9,hispanic,American Indian or Alaska Native,never,did not drive,do not watch
15.0,male,10,not,Black or African American,never,did not drive,3
15.0,male,10,hispanic,American Indian or Alaska Native,never,0,3
16.0,male,10,hispanic,,did not ride,0,1
16.0,male,10,hispanic,,rarely,0,3
15.0,male,10,hispanic,,never,3-5,5+
16.0,male,10,not,Black or African American,did not ride,did not drive,5+
15.0,male,10,hispanic,,did not ride,did not drive,do not watch
16.0,male,10,hispanic,White,never,did not drive,2
17.0,male,12,not,White,most of time,0,<1
17.0,male,11,hispanic,,never,0,1
15.0,male,10,not,,never,did not drive,2
16.0,male,10,not,White,never,0,2
16.0,male,10,hispanic,,never,0,<1
15.0,male,10,hispanic,White,never,did not drive,1
17.0,male,10,not,White,sometimes,3-5,<1
16.0,male,10,hispanic,,never,0,1
16.0,male,10,hispanic,,never,0,do not watch
16.0,female,10,hispanic,,never,did not drive,<1
16.0,female,10,not,White,never,1-2,<1
16.0,female,10,hispanic,,did not ride,0,<1
16.0,female,10,not,,never,did not drive,4
16.0,female,10,hispanic,,did not ride,0,2
15.0,female,10,hispanic,,never,,3
15.0,female,10,hispanic,Native Hawaiian or Other Pacific Islander,did not ride,did not drive,3
16.0,female,10,hispanic,,never,did not drive,2
16.0,female,10,hispanic,,never,did not drive,1
16.0,female,10,hispanic,,rarely,did not drive,<1
17.0,male,12,hispanic,Native Hawaiian or Other Pacific Islander,did not ride,1-2,<1
17.0,male,12,hispanic,White,never,0,2
17.0,male,12,not,White,never,3-5,<1
17.0,male,12,hispanic,,never,,do not watch
18.0,male,12,hispanic,,never,0,2
18.0,male,12,not,White,never,30,2
17.0,male,12,hispanic,,did not ride,did not drive,2
18.0,male,12,hispanic,,did not ride,20-29,<1
17.0,male,12,hispanic,,did not ride,0,3
18.0,male,12,hispanic,American Indian or Alaska Native,rarely,,5+
17.0,male,12,hispanic,American Indian or Alaska Native,never,0,do not watch
17.0,male,12,hispanic,,never,0,2
18.0,male,12,not,White,always,1-2,4
17.0,male,12,hispanic,,never,did not drive,do not watch
18.0,female,12,hispanic,White,never,0,<1
18.0,female,12,hispanic,,rarely,did not drive,<1
17.0,female,12,hispanic,White,did not ride,0,<1
18.0,female,12,not,White,sometimes,3-5,do not watch
17.0,female,12,hispanic,,always,did not drive,2
18.0,female,12,hispanic,White,did not ride,0,3
18.0,female,12,hispanic,White,did not ride,3-5,3
17.0,female,12,hispanic,,most of time,0,<1
18.0,female,12,hispanic,White,never,0,<1
18.0,female,12,hispanic,American Indian or Alaska Native,never,0,5+
17.0,male,12,hispanic,,never,1-2,3
17.0,male,12,hispanic,,never,3-5,2
18.0,male,12,hispanic,,never,0,3
17.0,male,12,not,White,always,did not drive,3
17.0,male,12,not,White,did not ride,0,3
18.0,male,12,hispanic,,did not ride,did not drive,do not watch
18.0,male,12,hispanic,White,never,0,2
18.0,male,12,not,White,always,0,3
18.0,male,12,hispanic,,never,20-29,<1
17.0,male,12,hispanic,White,never,3-5,2
18.0,male,12,not,White,never,did not drive,4
17.0,female,12,hispanic,,did not ride,did not drive,2
17.0,female,12,hispanic,Black or African American,did not ride,1-2,4
18.0,female,12,hispanic,,,did not drive,3
17.0,female,12,hispanic,White,never,30,<1
17.0,female,12,hispanic,White,did not ride,did not drive,1
17.0,female,12,hispanic,,most of time,did not drive,<1
17.0,female,12,hispanic,Native Hawaiian or Other Pacific Islander,did not ride,0,1
17.0,female,12,hispanic,American Indian or Alaska Native,never,0,3
18.0,female,12,hispanic,,did not ride,did not drive,2
17.0,female,12,not,White,never,20-29,do not watch
17.0,female,12,hispanic,,never,1-2,<1
17.0,female,11,hispanic,,never,did not drive,do not watch
16.0,female,11,hispanic,,never,0,2
17.0,female,11,not,White,never,10-19,5+
17.0,female,12,hispanic,,,,5+
16.0,female,11,not,White,rarely,did not drive,3
18.0,female,12,hispanic,,never,0,3
16.0,female,11,hispanic,White,did not ride,did not drive,2
17.0,female,11,not,White,did not ride,10-19,do not watch
17.0,female,11,,Black or African American,did not ride,0,
16.0,male,11,hispanic,,did not ride,0,1
17.0,male,11,hispanic,Black or African American,did not ride,did not drive,
17.0,male,11,hispanic,American Indian or Alaska Native,never,0,2
16.0,male,11,hispanic,,did not ride,did not drive,5+
17.0,male,11,hispanic,White,rarely,0,2
17.0,male,11,hispanic,Black or African American,never,did not drive,3
17.0,male,11,hispanic,Native Hawaiian or Other Pacific Islander,never,0,2
16.0,male,11,not,White,always,20-29,1
17.0,male,11,hispanic,White,never,0,do not watch
17.0,male,11,not,White,never,20-29,2
16.0,male,11,not,Asian,did not ride,did not drive,1
17.0,male,11,hispanic,,never,1-2,<1
16.0,male,11,not,White,never,did not drive,1
17.0,male,11,not,White,rarely,did not drive,4
17.0,female,11,not,,most of time,3-5,1
17.0,female,11,hispanic,White,most of time,0,<1
17.0,female,11,not,White,always,0,<1
16.0,female,11,not,White,never,0,do not watch
16.0,female,11,not,White,never,0,2
16.0,female,11,not,White,never,10-19,2
16.0,female,11,not,White,most of time,did not drive,3
16.0,female,11,not,White,did not ride,1-2,1
17.0,female,11,not,,did not ride,did not drive,2
17.0,female,11,not,White,did not ride,30,do not watch
16.0,female,11,hispanic,White,did not ride,3-5,do not watch
17.0,female,11,not,White,never,1-2,2
17.0,female,12,hispanic,White,sometimes,0,3
17.0,female,12,not,White,never,20-29,1
16.0,female,11,not,White,did not ride,0,1
17.0,male,12,not,White,never,0,<1
16.0,male,11,,White,never,0,<1
17.0,male,11,not,,never,did not drive,5+
17.0,male,11,not,White,did not ride,did not drive,2
17.0,male,11,not,White,never,3-5,<1
16.0,male,11,not,White,rarely,30,<1
16.0,male,11,not,White,never,1-2,do not watch
17.0,male,11,not,White,never,0,do not watch
16.0,male,11,not,White,never,did not drive,1
16.0,male,11,not,White,did not ride,did not drive,1
18.0,male,11,not,White,rarely,1-2,do not watch
16.0,male,11,not,,never,did not drive,do not watch
16.0,male,11,not,White,never,did not drive,do not watch
17.0,male,11,not,White,never,10-19,2
16.0,male,11,not,White,never,1-2,3
17.0,female,12,not,White,never,0,2
18.0,female,12,hispanic,White,sometimes,30,<1
17.0,female,12,not,,did not ride,did not drive,do not watch
18.0,female,12,not,White,did not ride,10-19,3
18.0,female,12,not,Asian,did not ride,6-9,3
18.0,female,12,hispanic,White,did not ride,0,<1
18.0,female,12,not,White,rarely,,1
17.0,female,12,not,Native Hawaiian or Other Pacific Islander,did not ride,0,2
18.0,female,12,not,White,did not ride,30,2
17.0,female,12,not,White,never,10-19,2
17.0,female,12,hispanic,Asian,did not ride,3-5,2
17.0,female,12,not,White,never,1-2,1
18.0,female,12,not,White,did not ride,did not drive,2
18.0,female,12,not,White,always,0,2
17.0,male,12,not,White,did not ride,0,3
18.0,male,12,not,White,did not ride,1-2,<1
18.0,male,12,not,,most of time,0,1
18.0,male,12,hispanic,White,sometimes,20-29,<1
17.0,male,12,hispanic,White,never,did not drive,3
17.0,male,12,not,White,sometimes,did not drive,3
18.0,male,12,not,White,never,6-9,5+
18.0,male,12,not,White,never,1-2,do not watch
16.0,female,11,not,White,most of time,did not drive,4
16.0,female,11,not,White,did not ride,did not drive,4
17.0,female,11,not,White,never,3-5,2
16.0,female,11,not,White,did not ride,1-2,2
15.0,female,10,not,White,sometimes,did not drive,do not watch
15.0,female,10,hispanic,White,did not ride,0,3
15.0,female,10,not,White,sometimes,did not drive,2
17.0,female,11,not,White,did not ride,20-29,<1
15.0,female,10,not,White,never,,2
15.0,male,10,not,White,never,did not drive,2
16.0,male,11,not,White,never,did not drive,do not watch
16.0,male,12,not,,did not ride,did not drive,do not watch
16.0,male,10,hispanic,White,never,did not drive,5+
17.0,male,11,not,White,rarely,0,2
16.0,male,11,not,White,never,did not drive,1
16.0,male,11,not,White,never,0,2
15.0,male,10,not,White,never,0,do not watch
15.0,male,10,not,White,never,did not drive,1
17.0,male,11,not,,never,0,2
16.0,male,11,not,White,never,did not drive,1
17.0,male,11,not,,did not ride,,<1
16.0,male,11,hispanic,White,never,3-5,<1
16.0,male,10,not,White,never,30,do not watch
16.0,male,10,not,White,most of time,0,2
15.0,male,10,not,White,always,0,do not watch
15.0,male,10,not,American Indian or Alaska Native,rarely,0,3
17.0,male,10,not,White,never,,3
15.0,female,9,not,White,did not ride,did not drive,2
15.0,female,9,not,White,never,1-2,1
15.0,female,9,not,White,did not ride,did not drive,3
18.0,female,12,not,White,did not ride,0,do not watch
16.0,female,11,not,White,never,10-19,do not watch
14.0,female,9,not,White,always,did not drive,1
15.0,female,9,not,White,never,0,do not watch
16.0,female,9,not,White,never,did not drive,2
14.0,female,9,not,White,sometimes,did not drive,<1
15.0,female,9,not,,rarely,did not drive,do not watch
14.0,female,9,not,White,did not ride,did not drive,<1
15.0,female,9,not,White,sometimes,did not drive,<1
14.0,female,9,not,White,rarely,did not drive,2
14.0,female,9,hispanic,White,always,did not drive,<1
14.0,female,9,not,White,never,did not drive,2
15.0,female,9,hispanic,,never,0,do not watch
15.0,female,9,not,White,never,did not drive,<1
14.0,female,9,not,White,did not ride,did not drive,2
14.0,female,9,not,White,never,did not drive,2
15.0,female,9,not,White,never,did not drive,<1
15.0,male,9,not,,never,0,<1
14.0,male,9,hispanic,White,never,did not drive,3
17.0,male,12,not,White,rarely,20-29,3
14.0,male,9,not,White,did not ride,did not drive,do not watch
15.0,male,9,not,,most of time,did not drive,2
14.0,male,9,not,White,rarely,0,<1
17.0,male,11,not,White,never,0,3
15.0,male,9,hispanic,White,always,did not drive,1
17.0,male,11,not,White,never,20-29,2
15.0,male,9,not,White,most of time,did not drive,1
14.0,male,9,not,,never,did not drive,2
16.0,male,9,not,White,never,0,4
14.0,male,9,not,,most of time,0,2
15.0,male,9,not,White,sometimes,0,do not watch
14.0,male,9,not,White,most of time,did not drive,do not watch
15.0,male,9,not,White,always,did not drive,2
17.0,female,12,hispanic,White,never,0,3
17.0,female,12,not,White,did not ride,did not drive,2
18.0,female,12,hispanic,White,never,0,2
17.0,female,12,hispanic,White,sometimes,0,2
18.0,female,12,hispanic,White,never,6-9,<1
17.0,female,12,hispanic,White,never,did not drive,2
17.0,female,12,not,White,never,did not drive,2
18.0,female,12,hispanic,White,always,0,3
17.0,female,12,hispanic,White,never,0,5+
18.0,female,12,hispanic,White,did not ride,did not drive,3
17.0,male,12,not,White,never,0,3
18.0,male,12,not,Black or African American,never,0,1
18.0,male,12,hispanic,,never,did not drive,do not watch
18.0,male,12,not,White,never,20-29,do not watch
18.0,male,12,hispanic,,never,did not drive,<1
17.0,male,12,hispanic,White,did not ride,0,3
17.0,male,12,hispanic,White,never,0,4
18.0,male,12,hispanic,White,never,10-19,3
18.0,male,12,hispanic,White,never,0,1
17.0,male,12,not,White,never,0,1
18.0,male,12,hispanic,White,did not ride,30,3
17.0,male,12,hispanic,White,rarely,did not drive,<1
18.0,male,12,not,Black or African American,never,0,1
18.0,male,12,not,White,never,0,4
17.0,male,12,hispanic,White,,,do not watch
16.0,female,10,not,American Indian or Alaska Native,rarely,0,4
16.0,female,10,not,White,did not ride,0,do not watch
15.0,female,9,not,White,rarely,0,3
17.0,female,11,hispanic,White,did not ride,did not drive,2
15.0,female,9,hispanic,White,did not ride,30,do not watch
17.0,female,10,hispanic,,rarely,,2
15.0,female,9,not,White,did not ride,0,2
15.0,female,9,not,Asian,did not ride,did not drive,<1
16.0,male,10,not,White,rarely,0,5+
15.0,male,9,hispanic,,never,0,2
15.0,male,9,not,White,never,did not drive,2
15.0,male,10,not,,did not ride,0,2
17.0,male,10,not,White,never,,2
14.0,male,9,hispanic,,never,did not drive,1
15.0,male,9,not,Black or African American,never,0,5+
15.0,male,9,not,White,never,0,5+
16.0,male,10,not,White,rarely,did not drive,1
16.0,male,10,not,White,never,did not drive,<1
,female,,,,sometimes,did not drive,<1
15.0,female,10,not,White,most of time,1-2,1
16.0,female,10,not,,did not ride,did not drive,<1
17.0,female,10,not,White,never,0,<1
16.0,female,10,not,,never,did not drive,<1
15.0,female,10,not,White,never,did not drive,2
16.0,female,10,not,White,never,0,1
15.0,female,10,hispanic,,always,0,2
16.0,female,10,not,White,did not ride,0,do not watch
15.0,female,10,not,White,never,0,3
16.0,female,10,not,White,never,0,do not watch
15.0,female,10,not,White,never,did not drive,3
15.0,male,10,not,White,never,3-5,<1
16.0,male,10,not,White,never,0,do not watch
16.0,male,10,hispanic,Asian,did not ride,did not drive,2
16.0,male,10,hispanic,,rarely,0,5+
16.0,male,10,hispanic,White,never,0,4
16.0,male,10,not,White,sometimes,0,3
17.0,male,10,not,White,most of time,did not drive,1
15.0,male,10,not,White,rarely,did not drive,do not watch
16.0,male,10,not,White,rarely,0,1
17.0,male,10,hispanic,,never,did not drive,<1
15.0,female,10,not,,did not ride,did not drive,2
17.0,female,12,not,White,did not ride,0,1
18.0,female,12,not,White,did not ride,0,3
17.0,female,12,not,White,never,0,5+
18.0,female,12,not,White,never,0,1
17.0,female,12,not,White,never,0,2
18.0,female,12,not,White,never,,3
17.0,female,12,not,White,never,1-2,1
17.0,male,12,not,White,did not ride,0,do not watch
17.0,male,12,not,White,never,0,3
17.0,male,12,not,American Indian or Alaska Native,never,did not drive,1
18.0,male,12,hispanic,White,rarely,0,5+
18.0,male,12,not,White,rarely,did not drive,4
17.0,male,12,not,White,rarely,0,5+
18.0,male,12,not,White,did not ride,did not drive,4
17.0,female,11,not,White,never,1-2,<1
17.0,female,11,not,White,most of time,did not drive,3
17.0,female,11,not,White,never,20-29,do not watch
16.0,female,11,not,White,did not ride,1-2,3
16.0,female,11,not,White,did not ride,did not drive,<1
17.0,female,11,not,White,never,0,3
17.0,female,11,not,White,never,0,2
17.0,male,11,not,,never,,<1
16.0,female,11,not,Asian,never,did not drive,do not watch
16.0,male,11,not,Asian,did not ride,0,do not watch
16.0,male,11,hispanic,White,rarely,0,2
17.0,male,11,not,White,rarely,1-2,1
16.0,male,11,not,White,never,10-19,<1
17.0,male,11,hispanic,White,did not ride,did not drive,<1
17.0,male,11,not,White,did not ride,0,1
17.0,male,11,not,White,never,10-19,do not watch
17.0,male,11,hispanic,American Indian or Alaska Native,rarely,30,do not watch
17.0,male,11,not,White,never,0,<1
16.0,male,11,not,White,never,did not drive,do not watch
16.0,male,11,not,White,never,0,do not watch
16.0,male,10,not,American Indian or Alaska Native,never,did not drive,3
16.0,male,10,not,Black or African American,rarely,0,5+
15.0,male,10,not,White,rarely,0,3
15.0,male,10,not,White,never,1-2,1
16.0,male,10,hispanic,,did not ride,did not drive,3
16.0,male,10,not,White,did not ride,0,<1
17.0,male,10,hispanic,,rarely,,3
16.0,male,10,hispanic,,did not ride,0,2
16.0,male,10,not,,never,1-2,<1
16.0,male,10,hispanic,White,did not ride,did not drive,2
15.0,male,10,hispanic,White,never,1-2,<1
15.0,male,10,not,White,never,did not drive,5+
16.0,female,10,not,White,never,0,3
15.0,female,10,hispanic,,never,0,<1
15.0,female,10,hispanic,,did not ride,did not drive,5+
15.0,female,10,not,White,never,0,<1
16.0,female,10,hispanic,,never,0,4
15.0,female,10,hispanic,,never,did not drive,3
15.0,female,10,hispanic,,sometimes,did not drive,2
15.0,female,10,hispanic,Native Hawaiian or Other Pacific Islander,did not ride,0,3
16.0,female,10,hispanic,White,did not ride,0,4
15.0,female,10,hispanic,,never,0,3
15.0,female,10,hispanic,,never,3-5,2
16.0,female,10,not,White,never,,do not watch
15.0,male,9,hispanic,,never,0,do not watch
15.0,male,9,hispanic,Black or African American,did not ride,did not drive,<1
16.0,male,9,hispanic,White,never,0,5+
15.0,male,9,hispanic,White,never,0,2
15.0,male,9,hispanic,,did not ride,did not drive,5+
15.0,male,9,not,,sometimes,did not drive,do not watch
15.0,male,9,not,White,most of time,did not drive,1
14.0,male,9,hispanic,,never,3-5,1
14.0,male,9,not,White,never,did not drive,2
15.0,male,9,not,White,did not ride,did not drive,4
15.0,male,9,not,White,most of time,did not drive,do not watch
14.0,male,9,hispanic,,sometimes,0,5+
14.0,female,9,hispanic,White,never,0,1
14.0,female,9,hispanic,,did not ride,0,2
15.0,female,9,not,White,never,0,do not watch
15.0,female,9,hispanic,,did not ride,did not drive,2
15.0,female,9,not,White,never,0,2
15.0,female,9,hispanic,American Indian or Alaska Native,did not ride,0,do not watch
16.0,female,9,hispanic,,did not ride,0,2
14.0,female,9,not,Native Hawaiian or Other Pacific Islander,never,did not drive,do not watch
16.0,female,9,hispanic,,did not ride,,do not watch
14.0,female,9,not,,never,1-2,2
15.0,female,9,not,White,never,did not drive,2
15.0,female,9,not,White,never,did not drive,<1
15.0,female,9,hispanic,,never,did not drive,3
17.0,male,11,not,White,never,did not drive,5+
17.0,male,11,not,,did not ride,3-5,do not watch
17.0,male,11,hispanic,,did not ride,0,3
17.0,male,11,not,White,most of time,10-19,<1
17.0,male,11,hispanic,,never,did not drive,3
17.0,male,11,not,White,rarely,0,1
16.0,male,11,hispanic,White,never,0,2
16.0,male,11,hispanic,,never,0,2
17.0,male,11,not,,never,1-2,2
17.0,female,11,hispanic,,never,0,2
17.0,female,11,hispanic,,did not ride,did not drive,3
16.0,female,11,not,White,never,0,2
17.0,female,11,not,White,never,0,<1
17.0,female,11,hispanic,,did not ride,0,3
16.0,female,11,hispanic,White,did not ride,did not drive,3
17.0,female,11,hispanic,,never,0,4
16.0,female,11,hispanic,,did not ride,0,5+
17.0,female,11,hispanic,,never,0,3
17.0,female,11,hispanic,,did not ride,did not drive,4
16.0,female,11,hispanic,White,never,0,<1
17.0,female,11,not,White,did not ride,did not drive,<1
16.0,female,11,hispanic,,never,0,<1
16.0,female,11,not,White,did not ride,0,3
16.0,female,11,not,White,never,10-19,2
16.0,female,11,not,White,never,did not drive,2
17.0,female,11,not,White,never,0,2
17.0,male,12,not,White,never,6-9,1
18.0,male,12,hispanic,,never,6-9,1
17.0,male,12,not,White,sometimes,0,2
17.0,male,12,not,Native Hawaiian or Other Pacific Islander,never,10-19,3
18.0,male,12,hispanic,,never,3-5,<1
18.0,male,12,not,White,did not ride,10-19,<1
18.0,male,12,not,White,did not ride,did not drive,3
17.0,male,12,hispanic,White,never,0,2
17.0,male,12,hispanic,,never,1-2,2
17.0,male,12,hispanic,,never,0,3
18.0,male,12,not,White,never,3-5,1
18.0,male,12,not,White,did not ride,30,2
17.0,male,12,hispanic,White,never,,1
18.0,male,12,hispanic,,never,0,3
18.0,female,12,hispanic,White,did not ride,1-2,2
18.0,female,12,hispanic,,sometimes,did not drive,4
17.0,female,12,hispanic,,never,0,<1
17.0,female,12,hispanic,,did not ride,6-9,3
17.0,female,12,hispanic,White,never,1-2,2
18.0,female,12,hispanic,,did not ride,did not drive,<1
18.0,female,12,hispanic,,never,0,1
17.0,female,12,not,White,never,10-19,<1
17.0,female,12,hispanic,,never,10-19,<1
18.0,female,12,hispanic,,never,0,<1
17.0,female,12,not,White,never,did not drive,do not watch
,male,,,,,10-19,<1
17.0,male,11,not,White,never,,3
17.0,male,11,hispanic,,did not ride,10-19,5+
17.0,male,11,not,White,never,30,5+
17.0,male,11,hispanic,White,did not ride,3-5,2
17.0,female,11,not,White,did not ride,30,2
17.0,female,11,not,White,never,0,5+
17.0,female,11,not,White,,10-19,2
17.0,female,11,not,White,did not ride,3-5,2
17.0,female,11,not,White,did not ride,10-19,3
17.0,female,11,hispanic,American Indian or Alaska Native,never,1-2,do not watch
17.0,female,11,hispanic,White,did not ride,30,2
17.0,female,11,not,White,did not ride,30,do not watch
17.0,female,11,hispanic,,never,1-2,1
16.0,female,10,not,White,always,0,<1
16.0,female,10,hispanic,,did not ride,1-2,2
16.0,female,10,not,White,did not ride,0,<1
17.0,female,10,not,White,always,did not drive,3
16.0,female,10,not,White,never,20-29,<1
17.0,female,11,not,White,never,10-19,3
16.0,female,10,not,White,did not ride,30,2
15.0,female,10,hispanic,White,never,did not drive,3
17.0,male,10,not,White,never,1-2,2
15.0,male,10,not,White,did not ride,0,1
16.0,male,10,not,White,did not ride,1-2,3
17.0,male,10,not,White,never,10-19,3
16.0,male,10,not,White,did not ride,0,<1
16.0,male,10,not,White,never,0,do not watch
15.0,male,10,not,White,did not ride,1-2,<1
15.0,male,10,not,White,never,0,3
17.0,male,10,not,White,did not ride,0,2
17.0,male,11,hispanic,White,never,,2
17.0,male,11,hispanic,,never,0,1
17.0,male,11,not,White,did not ride,0,2
17.0,male,11,not,White,never,30,do not watch
16.0,male,11,not,White,never,1-2,3
17.0,male,11,not,White,did not ride,,3
16.0,male,11,not,White,never,1-2,1
17.0,female,11,not,White,never,30,do not watch
17.0,female,11,hispanic,,did not ride,1-2,1
17.0,female,11,not,White,never,30,2
16.0,female,11,not,White,never,3-5,2
16.0,female,11,not,White,did not ride,30,5+
17.0,male,11,not,White,never,10-19,3
16.0,male,11,hispanic,White,did not ride,0,do not watch
17.0,male,11,not,White,never,30,1
18.0,male,12,hispanic,,did not ride,1-2,3
17.0,male,11,not,White,never,6-9,1
17.0,male,11,not,White,most of time,6-9,2
17.0,male,11,not,White,never,10-19,<1
17.0,male,11,hispanic,Native Hawaiian or Other Pacific Islander,never,30,do not watch
18.0,male,12,not,White,never,10-19,1
18.0,male,12,not,White,never,20-29,1
18.0,male,12,not,White,did not ride,1-2,<1
18.0,male,12,hispanic,White,never,30,<1
18.0,male,12,not,White,never,0,1
18.0,female,12,not,White,did not ride,6-9,<1
18.0,female,12,not,White,did not ride,0,<1
18.0,female,12,not,White,did not ride,0,<1
17.0,female,12,not,White,did not ride,6-9,<1
18.0,female,12,not,White,did not ride,1-2,2
18.0,female,12,not,White,did not ride,30,3
18.0,male,12,hispanic,,never,0,<1
17.0,female,12,hispanic,,did not ride,0,<1
18.0,female,12,hispanic,White,did not ride,20-29,3
18.0,male,12,,White,never,0,1
18.0,male,12,hispanic,White,never,3-5,3
15.0,male,9,hispanic,White,never,,3
16.0,male,9,not,White,did not ride,0,4
16.0,male,9,not,White,did not ride,did not drive,5+
17.0,male,10,not,White,did not ride,did not drive,2
15.0,male,9,not,White,never,0,1
15.0,male,9,not,White,never,0,3
15.0,male,9,not,White,never,0,2
15.0,male,9,not,White,did not ride,0,3
15.0,male,9,hispanic,White,never,0,2
15.0,male,9,not,White,never,0,<1
15.0,male,9,not,White,rarely,0,2
16.0,male,9,not,White,sometimes,3-5,do not watch
15.0,male,9,not,White,never,0,1
18.0,female,other,hispanic,Asian,rarely,0,do not watch
15.0,female,9,not,White,never,20-29,4
15.0,female,9,not,White,did not ride,0,2
15.0,female,9,not,White,never,0,3
16.0,female,10,not,White,did not ride,did not drive,5+
15.0,female,9,not,White,did not ride,0,2
16.0,female,9,not,White,never,,1
15.0,female,9,not,White,did not ride,0,2
15.0,female,9,not,White,did not ride,,3
17.0,female,11,not,,never,,do not watch
17.0,female,12,not,White,did not ride,30,1
17.0,female,11,not,,did not ride,30,3
17.0,female,11,not,White,did not ride,10-19,1
18.0,female,12,not,White,never,30,4
18.0,male,12,hispanic,,never,,3
16.0,male,10,hispanic,,did not ride,0,2
16.0,male,10,hispanic,White,never,30,5+
16.0,male,10,hispanic,,never,0,
18.0,male,12,hispanic,,never,1-2,5+
18.0,male,12,hispanic,White,did not ride,0,2
18.0,male,12,not,White,,0,<1
17.0,male,12,hispanic,White,never,30,4
18.0,male,12,not,White,did not ride,20-29,1
16.0,male,10,hispanic,,never,0,<1
16.0,male,10,not,White,never,1-2,2
17.0,male,11,not,White,did not ride,6-9,2
17.0,male,11,not,,,did not drive,1
17.0,male,11,hispanic,,always,,2
17.0,male,11,not,,did not ride,did not drive,2
17.0,male,11,hispanic,,rarely,30,2
17.0,male,10,hispanic,,never,30,do not watch
18.0,male,12,hispanic,White,did not ride,3-5,3
18.0,male,12,hispanic,White,did not ride,6-9,1
16.0,male,10,hispanic,,never,,3
17.0,male,10,hispanic,White,never,30,
16.0,female,10,hispanic,,never,0,1
15.0,female,9,not,White,rarely,0,<1
16.0,female,10,hispanic,White,did not ride,did not drive,5+
17.0,female,11,not,White,never,1-2,do not watch
17.0,female,11,not,White,did not ride,6-9,1
17.0,female,11,hispanic,,never,10-19,2
15.0,female,9,hispanic,,did not ride,0,2
15.0,female,9,not,White,did not ride,0,<1
18.0,male,12,not,White,most of time,0,do not watch
17.0,male,11,not,White,rarely,3-5,2
16.0,male,10,hispanic,White,rarely,0,2
15.0,male,9,not,White,never,did not drive,do not watch
16.0,male,10,hispanic,,did not ride,did not drive,4
16.0,male,9,not,White,never,did not drive,2
15.0,male,9,hispanic,White,did not ride,3-5,1
15.0,female,10,hispanic,,never,0,2
17.0,female,12,not,White,never,30,4
18.0,female,12,not,White,never,,1
18.0,female,12,hispanic,White,did not ride,30,<1
17.0,female,11,hispanic,White,never,10-19,do not watch
17.0,male,11,hispanic,,did not ride,3-5,2
16.0,male,10,not,White,never,30,4
16.0,male,10,hispanic,,never,1-2,<1
16.0,male,10,hispanic,American Indian or Alaska Native,sometimes,0,2
17.0,male,11,hispanic,American Indian or Alaska Native,did not ride,did not drive,2
16.0,male,10,hispanic,,did not ride,3-5,2
18.0,male,12,hispanic,American Indian or Alaska Native,never,0,3
18.0,male,12,hispanic,White,never,30,4
17.0,male,11,hispanic,American Indian or Alaska Native,never,3-5,4
18.0,male,12,not,White,never,20-29,2
18.0,male,12,hispanic,,,30,2
18.0,male,11,hispanic,,did not ride,30,<1
18.0,male,12,not,White,rarely,did not drive,1
18.0,male,12,hispanic,,did not ride,6-9,2
18.0,male,12,hispanic,White,never,1-2,5+
18.0,male,12,hispanic,White,never,6-9,2
17.0,male,11,not,White,never,10-19,2
17.0,female,11,hispanic,,most of time,10-19,1
17.0,female,10,hispanic,White,sometimes,,2
16.0,female,10,hispanic,White,never,did not drive,<1
18.0,female,12,hispanic,White,never,6-9,2
17.0,female,11,hispanic,,never,did not drive,3
18.0,female,11,hispanic,,never,0,3
16.0,female,10,not,White,rarely,0,
18.0,female,12,hispanic,White,never,3-5,3
18.0,female,12,not,White,did not ride,0,4
15.0,female,9,hispanic,,never,1-2,3
16.0,female,10,not,White,never,did not drive,5+
15.0,female,9,not,White,did not ride,0,1
16.0,female,10,hispanic,White,did not ride,3-5,3
15.0,female,9,not,White,did not ride,0,do not watch
15.0,female,9,hispanic,White,did not ride,did not drive,2
17.0,female,12,hispanic,White,never,1-2,2
17.0,female,11,hispanic,,did not ride,did not drive,do not watch
18.0,female,12,not,White,never,1-2,2
17.0,female,11,hispanic,White,did not ride,30,2
15.0,male,9,not,,never,0,1
16.0,male,10,hispanic,,never,0,4
16.0,male,9,hispanic,White,never,1-2,1
15.0,male,9,not,White,did not ride,0,3
15.0,male,9,hispanic,,did not ride,1-2,2
17.0,male,11,hispanic,White,never,30,2
15.0,male,9,not,White,never,0,5+
15.0,male,9,hispanic,White,never,0,1
15.0,male,9,not,Black or African American,did not ride,,do not watch
16.0,male,10,not,White,never,did not drive,2
16.0,male,9,not,Black or African American,did not ride,did not drive,do not watch
15.0,male,9,hispanic,,did not ride,0,5+
15.0,male,9,hispanic,Native Hawaiian or Other Pacific Islander,never,1-2,do not watch
15.0,male,9,hispanic,,never,0,3
15.0,male,9,hispanic,,did not ride,did not drive,3
15.0,male,9,hispanic,,never,0,5+
17.0,male,12,not,White,always,0,1
18.0,male,12,hispanic,,did not ride,,3
18.0,male,12,hispanic,,never,10-19,2
,male,12,not,Asian,did not ride,,do not watch
16.0,male,9,hispanic,,never,3-5,5+
15.0,male,9,not,White,never,0,2
14.0,male,9,hispanic,,never,1-2,do not watch
15.0,male,9,hispanic,,never,0,1
15.0,male,9,not,White,never,0,2
15.0,male,9,not,White,never,10-19,
14.0,male,9,hispanic,,rarely,did not drive,5+
16.0,male,9,not,Black or African American,never,did not drive,do not watch
18.0,male,11,not,Black or African American,never,0,5+
16.0,male,9,not,Black or African American,never,did not drive,do not watch
18.0,male,11,,Black or African American,did not ride,0,
16.0,male,9,hispanic,,never,,do not watch
17.0,female,10,not,Black or African American,always,0,1
16.0,female,9,hispanic,American Indian or Alaska Native,did not ride,,5+
16.0,female,9,hispanic,American Indian or Alaska Native,did not ride,did not drive,5+
17.0,female,11,not,Native Hawaiian or Other Pacific Islander,did not ride,did not drive,do not watch
18.0,female,12,not,White,rarely,did not drive,2
18.0,female,12,hispanic,,never,did not drive,<1
18.0,female,12,hispanic,White,rarely,6-9,4
16.0,female,10,hispanic,Native Hawaiian or Other Pacific Islander,never,1-2,do not watch
18.0,female,11,hispanic,Black or African American,did not ride,3-5,do not watch
18.0,female,12,not,White,did not ride,did not drive,5+
16.0,female,10,hispanic,White,never,0,4
17.0,female,12,not,White,never,20-29,<1
18.0,female,12,not,White,never,20-29,<1
18.0,male,10,hispanic,White,did not ride,did not drive,5+
18.0,male,11,not,Asian,did not ride,0,do not watch
16.0,male,11,not,White,never,0,1
12.0,male,9,not,American Indian or Alaska Native,,0,<1
18.0,male,11,,American Indian or Alaska Native,did not ride,0,5+
16.0,male,9,hispanic,White,did not ride,3-5,2
17.0,male,12,not,White,did not ride,,2
16.0,male,10,not,Black or African American,never,did not drive,3
15.0,male,9,hispanic,White,never,did not drive,3
17.0,female,11,not,White,did not ride,0,2
15.0,female,9,hispanic,White,did not ride,0,5+
18.0,female,12,hispanic,Native Hawaiian or Other Pacific Islander,did not ride,20-29,<1
17.0,female,11,hispanic,,never,,5+
18.0,female,12,hispanic,,did not ride,0,3
16.0,female,10,hispanic,White,did not ride,did not drive,do not watch
18.0,female,11,hispanic,,rarely,did not drive,3
17.0,female,12,hispanic,American Indian or Alaska Native,never,did not drive,5+
18.0,male,12,not,White,never,10-19,do not watch
16.0,male,10,not,White,never,10-19,3
17.0,male,11,hispanic,White,never,0,<1
16.0,male,10,hispanic,,never,1-2,2
18.0,female,12,hispanic,American Indian or Alaska Native,never,20-29,2
17.0,female,12,,White,always,,do not watch
18.0,female,12,hispanic,White,never,30,do not watch
15.0,male,9,not,White,most of time,did not drive,2
15.0,male,11,not,White,always,did not drive,3
18.0,male,12,not,,always,1-2,2
15.0,male,9,not,White,rarely,did not drive,3
16.0,male,10,not,,always,did not drive,1
15.0,male,10,,,rarely,did not drive,do not watch
16.0,male,10,,,never,did not drive,<1
18.0,male,12,not,White,rarely,6-9,do not watch
15.0,male,9,not,White,most of time,did not drive,3
17.0,male,11,not,White,never,30,1
16.0,male,10,hispanic,,never,0,2
15.0,male,9,hispanic,White,never,did not drive,1
16.0,male,10,hispanic,,never,did not drive,4
15.0,male,9,hispanic,White,never,0,1
15.0,male,9,not,White,never,0,2
18.0,male,12,hispanic,,never,0,5+
16.0,male,10,not,White,never,20-29,2
16.0,male,10,not,White,never,30,<1
15.0,male,9,hispanic,,did not ride,did not drive,3
17.0,male,12,hispanic,White,never,30,2
17.0,male,11,not,,did not ride,,3
18.0,male,12,hispanic,White,never,3-5,2
15.0,female,9,hispanic,White,never,0,do not watch
16.0,female,10,hispanic,,did not ride,0,3
16.0,female,10,not,Black or African American,sometimes,20-29,4
14.0,female,9,not,Asian,never,did not drive,2
16.0,male,10,hispanic,,rarely,did not drive,3
14.0,male,9,not,Black or African American,never,did not drive,3
14.0,male,9,hispanic,,never,0,5+
15.0,male,10,not,Black or African American,never,did not drive,4
14.0,male,9,not,White,never,did not drive,5+
14.0,male,9,not,Black or African American,never,0,2
16.0,male,10,hispanic,,never,did not drive,1
16.0,male,9,hispanic,Black or African American,never,did not drive,5+
14.0,male,9,not,Native Hawaiian or Other Pacific Islander,did not ride,6-9,do not watch
18.0,male,12,hispanic,Native Hawaiian or Other Pacific Islander,never,30,4
18.0,female,12,hispanic,,never,0,do not watch
18.0,female,12,not,Black or African American,did not ride,did not drive,
17.0,female,12,hispanic,,never,0,<1
17.0,female,12,hispanic,,never,0,2
17.0,female,12,hispanic,Native Hawaiian or Other Pacific Islander,did not ride,did not drive,do not watch
17.0,female,12,hispanic,White,never,30,3
18.0,female,12,not,Black or African American,did not ride,3-5,
17.0,female,12,not,Black or African American,never,,3
18.0,male,12,hispanic,White,rarely,10-19,5+
17.0,male,12,hispanic,,never,,do not watch
18.0,male,12,hispanic,Asian,never,10-19,5+
18.0,male,12,not,Asian,never,0,<1
17.0,male,12,not,Black or African American,never,6-9,5+
18.0,male,12,not,Black or African American,never,0,2
17.0,male,12,not,Black or African American,never,30,3
18.0,male,12,not,Black or African American,did not ride,0,<1
17.0,male,12,hispanic,,never,3-5,<1
18.0,male,12,not,White,did not ride,0,3
18.0,male,12,not,Black or African American,did not ride,0,1
18.0,male,12,not,Black or African American,never,1-2,1
18.0,male,12,not,Black or African American,never,did not drive,2
17.0,male,12,hispanic,Black or African American,never,0,2
17.0,,11,not,White,never,0,2
18.0,,12,,Asian,,3-5,
,,,,,did not ride,0,<1
18.0,female,11,not,Black or African American,rarely,did not drive,5+
17.0,female,11,not,Asian,did not ride,0,3
16.0,female,11,hispanic,,did not ride,0,2
16.0,female,10,hispanic,White,never,did not drive,3
18.0,female,12,hispanic,,never,did not drive,do not watch
18.0,female,11,hispanic,,never,did not drive,2
17.0,female,11,hispanic,White,did not ride,did not drive,2
18.0,female,12,not,Black or African American,did not ride,did not drive,do not watch
17.0,female,11,hispanic,Black or African American,did not ride,,1
17.0,female,11,hispanic,White,never,0,1
18.0,female,12,not,Black or African American,did not ride,did not drive,do not watch
16.0,female,11,not,Black or African American,never,0,5+
16.0,female,11,hispanic,,rarely,,2
18.0,female,12,not,Black or African American,never,did not drive,do not watch
17.0,female,11,not,Black or African American,did not ride,,3
17.0,male,12,hispanic,Black or African American,never,0,3
17.0,male,11,not,Black or African American,never,0,5+
16.0,male,11,hispanic,,did not ride,did not drive,2
18.0,female,12,not,,did not ride,1-2,5+
17.0,female,11,not,Native Hawaiian or Other Pacific Islander,never,did not drive,do not watch
17.0,female,10,not,American Indian or Alaska Native,did not ride,0,3
16.0,female,10,not,,did not ride,0,3
17.0,female,11,not,White,did not ride,0,3
15.0,female,10,not,Black or African American,never,did not drive,1
14.0,female,9,not,Asian,did not ride,did not drive,2
17.0,female,11,not,White,never,did not drive,1
17.0,female,11,not,White,did not ride,0,<1
18.0,female,12,not,Asian,never,did not drive,<1
17.0,female,12,not,Black or African American,did not ride,1-2,3
16.0,male,10,hispanic,White,never,0,<1
17.0,male,12,not,Black or African American,rarely,0,4
15.0,male,9,not,Black or African American,rarely,0,5+
14.0,male,9,hispanic,,never,did not drive,<1
16.0,male,9,hispanic,Black or African American,never,0,5+
15.0,female,10,not,White,never,did not drive,1
16.0,female,10,hispanic,Native Hawaiian or Other Pacific Islander,rarely,did not drive,3
17.0,female,10,hispanic,,never,did not drive,4
16.0,female,10,not,White,never,0,<1
15.0,female,10,not,White,never,0,do not watch
16.0,male,10,not,White,rarely,0,4
16.0,male,10,hispanic,White,never,0,5+
15.0,male,10,not,White,never,0,1
16.0,male,10,not,White,never,did not drive,1
16.0,male,10,not,,never,0,1
16.0,male,10,hispanic,White,never,0,<1
16.0,female,10,not,,never,0,4
17.0,male,10,not,White,never,3-5,2
16.0,male,10,not,White,did not ride,did not drive,do not watch
15.0,male,10,not,White,never,0,1
15.0,male,10,not,,did not ride,0,4
16.0,female,11,hispanic,Black or African American,never,0,4
17.0,female,11,not,Black or African American,never,0,5+
17.0,female,11,not,White,did not ride,0,3
16.0,female,11,not,White,never,3-5,4
17.0,male,11,not,White,never,0,1
17.0,male,11,not,White,always,1-2,4
16.0,male,11,not,White,never,0,3
17.0,male,11,not,White,never,0,1
17.0,male,11,not,White,did not ride,0,<1
17.0,male,11,hispanic,Black or African American,never,0,3
17.0,male,11,hispanic,Black or African American,did not ride,,
17.0,male,11,not,Black or African American,never,0,1
16.0,male,11,not,White,rarely,0,2
16.0,male,11,not,Asian,,20-29,1
16.0,male,11,hispanic,,never,did not drive,3
17.0,male,11,hispanic,Asian,did not ride,did not drive,5+
17.0,male,11,not,White,did not ride,did not drive,5+
17.0,male,,hispanic,,never,0,5+
16.0,male,11,not,,did not ride,did not drive,<1
15.0,male,9,hispanic,,never,did not drive,do not watch
16.0,male,9,not,Black or African American,did not ride,,<1
15.0,male,9,hispanic,Native Hawaiian or Other Pacific Islander,never,did not drive,4
14.0,male,9,hispanic,,did not ride,did not drive,1
15.0,male,9,hispanic,,never,did not drive,2
14.0,male,9,not,Black or African American,never,did not drive,5+
15.0,male,9,not,Native Hawaiian or Other Pacific Islander,never,0,do not watch
14.0,male,9,not,Black or African American,,did not drive,do not watch
14.0,male,9,not,Black or African American,never,,3
15.0,female,9,not,,sometimes,0,1
15.0,female,9,not,White,did not ride,did not drive,<1
16.0,female,9,not,Black or African American,did not ride,did not drive,3
15.0,female,9,hispanic,,never,did not drive,do not watch
14.0,female,9,hispanic,White,never,3-5,2
15.0,female,9,not,Black or African American,never,0,5+
15.0,female,9,not,White,did not ride,did not drive,2
14.0,female,9,not,White,never,did not drive,<1
15.0,female,9,not,White,did not ride,did not drive,2
12.0,female,9,hispanic,Asian,never,30,5+
14.0,female,9,not,White,rarely,did not drive,<1
15.0,female,9,not,,never,0,5+
15.0,female,9,hispanic,,did not ride,,5+
14.0,female,9,not,White,never,0,3
15.0,female,9,not,White,never,did not drive,4
18.0,female,12,hispanic,White,did not ride,1-2,5+
18.0,female,12,not,Black or African American,did not ride,0,5+
17.0,female,12,not,White,did not ride,0,<1
17.0,female,12,hispanic,,never,10-19,4
18.0,female,12,not,White,did not ride,0,2
17.0,female,12,hispanic,,did not ride,30,3
18.0,female,12,not,Black or African American,never,0,3
18.0,female,12,hispanic,,never,did not drive,3
17.0,female,12,not,White,never,0,1
18.0,female,12,not,Black or African American,never,6-9,5+
18.0,female,12,hispanic,Black or African American,never,did not drive,4
17.0,male,12,not,White,never,0,5+
18.0,male,12,not,Black or African American,never,0,3
18.0,male,12,not,Black or African American,never,30,do not watch
17.0,male,12,hispanic,Native Hawaiian or Other Pacific Islander,,1-2,4
18.0,male,12,not,White,did not ride,30,1
18.0,male,12,not,Black or African American,never,0,1
18.0,male,12,not,Black or African American,did not ride,0,5+
18.0,male,12,hispanic,,never,0,
18.0,male,12,hispanic,White,never,0,<1
18.0,male,12,not,Black or African American,never,did not drive,3
17.0,male,12,not,White,never,0,1
18.0,male,12,hispanic,American Indian or Alaska Native,never,0,<1
18.0,female,12,not,Black or African American,sometimes,did not drive,do not watch
,,,,,,30,do not watch
17.0,female,12,hispanic,,did not ride,1-2,do not watch
18.0,female,12,hispanic,White,never,30,<1
18.0,female,12,not,White,did not ride,0,2
18.0,male,12,not,Black or African American,never,20-29,4
17.0,male,12,not,White,did not ride,0,2
17.0,male,12,hispanic,American Indian or Alaska Native,rarely,20-29,5+
18.0,male,12,not,,never,10-19,2
18.0,male,12,hispanic,White,never,0,5+
18.0,male,12,hispanic,,did not ride,0,1
18.0,male,12,not,White,never,0,2
18.0,male,12,hispanic,White,did not ride,,<1
18.0,male,12,not,White,did not ride,did not drive,do not watch
18.0,male,12,not,Black or African American,never,1-2,5+
18.0,male,12,not,White,never,0,5+
18.0,male,12,not,Native Hawaiian or Other Pacific Islander,rarely,0,2
,,,,,did not ride,3-5,do not watch
17.0,female,11,hispanic,,did not ride,0,do not watch
17.0,female,11,not,White,most of time,0,3
17.0,female,11,hispanic,,rarely,0,2
16.0,female,11,not,Black or African American,did not ride,did not drive,4
16.0,female,11,not,White,never,0,4
17.0,female,11,hispanic,White,never,0,<1
17.0,female,11,hispanic,,always,0,1
17.0,female,11,hispanic,,never,0,4
16.0,female,11,hispanic,,did not ride,0,<1
16.0,female,11,hispanic,,did not ride,did not drive,3
17.0,female,11,hispanic,Native Hawaiian or Other Pacific Islander,did not ride,0,2
17.0,female,11,hispanic,American Indian or Alaska Native,never,did not drive,1
18.0,male,12,not,White,most of time,10-19,1
17.0,male,11,not,Asian,never,10-19,
18.0,male,11,not,White,never,3-5,
18.0,male,11,not,White,never,0,5+
18.0,male,12,not,White,never,did not drive,2
17.0,male,11,not,Native Hawaiian or Other Pacific Islander,never,6-9,2
17.0,male,11,not,Black or African American,never,0,
16.0,male,11,not,White,never,did not drive,2
17.0,male,11,hispanic,,did not ride,,
17.0,male,11,not,Black or African American,did not ride,did not drive,5+
14.0,male,9,not,White,never,did not drive,3
14.0,female,9,hispanic,White,never,did not drive,do not watch
14.0,female,9,not,,did not ride,did not drive,do not watch
14.0,female,9,not,White,did not ride,did not drive,2
14.0,female,9,not,Black or African American,never,did not drive,3
15.0,female,9,hispanic,,,0,4
15.0,female,9,not,Black or African American,did not ride,did not drive,5+
14.0,female,9,hispanic,,did not ride,did not drive,4
15.0,female,9,not,White,did not ride,did not drive,3
14.0,female,9,hispanic,White,did not ride,0,3
15.0,female,9,not,White,never,did not drive,2
14.0,female,9,not,White,never,0,1
14.0,female,9,not,Black or African American,rarely,did not drive,3
14.0,female,9,not,White,never,did not drive,2
15.0,female,9,not,White,most of time,did not drive,1
15.0,female,9,hispanic,,never,,5+
15.0,female,9,not,White,did not ride,did not drive,do not watch
15.0,female,9,hispanic,,never,0,3
15.0,female,9,not,White,sometimes,did not drive,do not watch
15.0,male,9,not,Black or African American,never,did not drive,4
15.0,male,9,not,Black or African American,did not ride,0,do not watch
15.0,male,9,not,White,never,0,2
15.0,male,9,hispanic,,never,0,2
15.0,male,9,not,Black or African American,never,did not drive,4
15.0,male,9,not,White,never,did not drive,2
15.0,male,9,not,White,always,did not drive,do not watch
14.0,male,9,not,Asian,never,0,1
15.0,male,9,not,Asian,rarely,0,<1
17.0,female,10,hispanic,White,most of time,did not drive,4
17.0,female,10,not,,rarely,did not drive,4
16.0,female,10,not,White,did not ride,did not drive,<1
15.0,female,10,not,White,did not ride,did not drive,<1
17.0,female,11,hispanic,,rarely,6-9,4
16.0,male,10,not,White,did not ride,0,do not watch
18.0,male,11,not,Black or African American,never,0,2
17.0,male,12,not,White,did not ride,0,1
16.0,male,10,not,Black or African American,never,did not drive,1
16.0,male,10,not,White,never,0,1
16.0,male,10,not,,never,0,2
17.0,male,10,hispanic,Native Hawaiian or Other Pacific Islander,never,0,1
16.0,male,10,not,Black or African American,never,1-2,do not watch
17.0,male,11,not,White,never,0,3
16.0,male,10,not,White,did not ride,30,do not watch
16.0,female,10,not,American Indian or Alaska Native,did not ride,3-5,2
16.0,female,10,not,,never,0,3
15.0,female,10,not,Black or African American,never,did not drive,5+
16.0,female,10,not,White,never,did not drive,3
16.0,female,10,not,Black or African American,never,did not drive,4
17.0,female,10,not,Black or African American,never,0,do not watch
16.0,female,10,not,White,never,did not drive,1
17.0,female,10,not,White,never,0,4
15.0,male,10,not,White,never,0,<1
17.0,male,10,not,White,never,0,do not watch
16.0,male,10,not,Black or African American,never,1-2,5+
15.0,male,10,not,White,did not ride,0,do not watch
15.0,male,10,not,White,did not ride,did not drive,2
16.0,male,10,not,White,never,10-19,2
15.0,male,10,not,Black or African American,did not ride,did not drive,3
17.0,male,10,not,White,never,0,2
16.0,male,10,hispanic,White,did not ride,30,3
16.0,male,10,hispanic,White,never,6-9,1
16.0,male,10,hispanic,White,most of time,0,1
15.0,female,9,not,Asian,did not ride,did not drive,<1
14.0,male,9,not,White,never,did not drive,<1
15.0,male,9,,White,never,1-2,
16.0,male,9,hispanic,White,did not ride,did not drive,do not watch
15.0,female,9,not,White,did not ride,0,3
14.0,female,9,not,White,never,did not drive,<1
16.0,male,9,not,,never,0,2
16.0,male,9,not,White,never,0,do not watch
14.0,male,9,not,White,never,0,3
14.0,male,9,not,White,did not ride,0,3
15.0,male,9,not,,rarely,did not drive,4
15.0,male,9,not,White,,0,do not watch
15.0,male,9,not,American Indian or Alaska Native,never,0,2
17.0,male,9,not,Black or African American,never,0,
16.0,female,9,not,White,never,,3
16.0,female,9,not,Black or African American,never,,
15.0,female,9,not,White,never,0,2
15.0,female,9,not,White,never,did not drive,1
16.0,female,9,not,Black or African American,did not ride,0,do not watch
16.0,female,9,not,White,never,did not drive,<1
14.0,female,9,not,,never,did not drive,3
18.0,male,11,not,American Indian or Alaska Native,never,,2
17.0,female,11,not,Black or African American,never,0,5+
18.0,male,12,,Black or African American,never,6-9,2
18.0,male,12,hispanic,,did not ride,0,<1
18.0,male,12,hispanic,,never,6-9,1
18.0,male,12,not,White,never,0,3
18.0,male,12,not,White,never,0,5+
18.0,male,11,not,White,never,20-29,2
18.0,male,12,not,White,never,0,5+
18.0,male,12,not,Black or African American,never,3-5,1
13.0,male,other,not,Black or African American,never,0,5+
17.0,male,12,not,White,never,3-5,1
18.0,female,12,hispanic,,did not ride,1-2,3
17.0,female,12,not,White,never,,<1
16.0,female,11,hispanic,,did not ride,did not drive,<1
17.0,female,12,not,White,rarely,did not drive,4
18.0,female,12,hispanic,White,did not ride,did not drive,5+
16.0,female,11,not,,never,did not drive,2
16.0,male,11,not,White,did not ride,0,2
17.0,male,11,not,White,rarely,20-29,1
17.0,male,11,not,White,never,10-19,4
17.0,male,11,hispanic,White,did not ride,did not drive,do not watch
17.0,male,11,not,,rarely,did not drive,1
16.0,male,11,not,White,never,1-2,1
16.0,male,11,not,Asian,never,30,do not watch
16.0,male,11,not,White,never,30,1
16.0,female,11,not,Asian,never,0,<1
16.0,female,11,not,Black or African American,did not ride,0,3
17.0,female,11,not,White,did not ride,1-2,2
16.0,female,11,not,Black or African American,did not ride,0,4
16.0,female,11,not,White,never,0,1
17.0,female,11,not,White,did not ride,30,1
16.0,female,11,not,Black or African American,never,did not drive,3
17.0,female,11,not,White,never,10-19,<1
16.0,female,11,not,White,did not ride,30,1
16.0,male,11,hispanic,White,never,1-2,3
16.0,female,10,not,White,never,0,5+
15.0,male,10,not,White,never,0,4
16.0,male,10,hispanic,White,never,0,<1
16.0,male,10,not,,did not ride,0,3
17.0,male,10,not,Black or African American,never,0,1
16.0,male,10,not,Asian,never,10-19,1
16.0,male,10,not,White,never,0,5+
15.0,female,10,hispanic,Native Hawaiian or Other Pacific Islander,never,did not drive,3
16.0,female,10,hispanic,White,did not ride,,2
17.0,female,10,not,White,did not ride,0,<1
15.0,female,10,hispanic,,rarely,0,2
18.0,male,12,not,Black or African American,never,,5+
17.0,male,12,hispanic,White,never,did not drive,<1
17.0,male,12,not,White,never,30,<1
18.0,male,12,not,White,never,10-19,2
17.0,male,12,not,White,did not ride,did not drive,5+
18.0,female,12,not,White,did not ride,10-19,2
18.0,female,12,hispanic,,did not ride,0,<1
18.0,female,12,hispanic,,did not ride,did not drive,<1
18.0,female,12,not,White,never,6-9,1
18.0,female,12,not,White,did not ride,30,5+
18.0,female,12,hispanic,,never,1-2,<1
18.0,female,12,hispanic,Black or African American,did not ride,1-2,3
17.0,female,12,not,White,never,1-2,do not watch
15.0,male,9,not,White,never,3-5,3
15.0,female,9,hispanic,,never,0,<1
15.0,male,9,not,White,never,1-2,<1
16.0,female,9,not,White,did not ride,did not drive,3
14.0,male,9,not,Black or African American,never,0,<1
14.0,male,9,hispanic,,never,did not drive,do not watch
15.0,female,9,not,White,did not ride,did not drive,5+
14.0,female,9,not,White,rarely,did not drive,1
15.0,female,9,hispanic,,never,,4
14.0,female,9,hispanic,,rarely,did not drive,<1
15.0,male,9,hispanic,White,never,0,3
17.0,male,11,hispanic,White,did not ride,0,1
18.0,male,11,not,White,never,0,5+
17.0,female,11,hispanic,,did not ride,10-19,5+
16.0,female,11,not,American Indian or Alaska Native,never,did not drive,3
16.0,female,11,not,White,did not ride,0,2
16.0,female,11,not,White,never,30,1
17.0,female,11,hispanic,White,always,0,4
17.0,female,11,not,White,never,did not drive,3
17.0,female,11,hispanic,,did not ride,did not drive,<1
17.0,male,11,not,White,never,3-5,do not watch
16.0,male,11,hispanic,,never,0,3
16.0,male,11,,White,never,20-29,do not watch
17.0,male,11,not,,never,0,1
16.0,male,11,not,White,never,6-9,5+
17.0,male,11,not,White,never,30,<1
16.0,male,11,hispanic,,never,0,2
17.0,male,11,not,White,never,0,2
18.0,male,11,hispanic,,did not ride,did not drive,5+
16.0,male,11,not,White,never,0,<1
16.0,male,10,hispanic,American Indian or Alaska Native,never,10-19,2
16.0,female,10,not,Black or African American,never,0,5+
16.0,female,10,not,White,never,0,
16.0,male,10,not,White,never,0,<1
16.0,male,10,,Black or African American,never,,
16.0,male,10,hispanic,American Indian or Alaska Native,never,30,
16.0,male,10,not,Black or African American,never,6-9,
15.0,male,10,not,White,did not ride,did not drive,1
16.0,male,10,,Black or African American,never,1-2,
15.0,female,10,not,Black or African American,never,,2
16.0,female,10,not,White,,1-2,
16.0,female,10,not,Native Hawaiian or Other Pacific Islander,never,0,5+
15.0,female,10,not,White,never,10-19,do not watch
15.0,female,10,hispanic,White,never,0,<1
15.0,female,10,not,,did not ride,did not drive,<1
18.0,male,12,not,Black or African American,did not ride,,5+
18.0,male,12,not,American Indian or Alaska Native,did not ride,did not drive,do not watch
17.0,male,12,not,White,never,did not drive,3
18.0,male,12,hispanic,,never,0,do not watch
17.0,male,12,not,White,never,did not drive,1
18.0,female,12,not,White,did not ride,did not drive,<1
18.0,female,12,not,White,never,30,1
18.0,female,12,not,Black or African American,never,3-5,2
17.0,female,12,hispanic,,never,did not drive,4
17.0,male,11,hispanic,American Indian or Alaska Native,did not ride,,4
16.0,male,11,not,White,rarely,30,<1
17.0,male,11,not,White,never,did not drive,3
16.0,male,11,not,White,never,did not drive,1
18.0,male,11,hispanic,,did not ride,0,2
17.0,male,11,not,White,sometimes,30,3
18.0,male,11,not,White,never,did not drive,<1
18.0,female,12,hispanic,Black or African American,never,0,
17.0,female,11,hispanic,,did not ride,0,<1
17.0,female,11,not,White,rarely,did not drive,1
17.0,female,11,not,White,never,30,<1
17.0,female,11,not,White,sometimes,0,<1
16.0,female,11,not,,did not ride,did not drive,<1
16.0,female,11,not,White,,10-19,
16.0,female,11,not,White,never,did not drive,2
16.0,female,11,hispanic,White,never,did not drive,do not watch
18.0,female,11,not,Black or African American,did not ride,0,3
16.0,female,10,not,White,never,0,1
14.0,male,9,not,White,never,0,1
14.0,male,9,not,White,never,did not drive,1
15.0,male,9,not,White,never,0,3
15.0,male,9,not,White,rarely,0,1
15.0,male,9,not,White,never,0,1
15.0,male,9,hispanic,White,never,0,2
14.0,male,9,not,Native Hawaiian or Other Pacific Islander,never,did not drive,3
15.0,male,10,not,White,never,did not drive,2
14.0,male,9,not,,never,,2
15.0,male,9,not,White,never,0,2
14.0,female,9,not,White,most of time,did not drive,1
15.0,female,9,not,,did not ride,,5+
15.0,female,10,not,White,did not ride,did not drive,<1
14.0,female,9,not,White,did not ride,did not drive,3
14.0,female,9,not,White,never,,<1
15.0,female,9,not,White,did not ride,0,2
14.0,female,9,not,White,did not ride,did not drive,2
14.0,female,9,not,Black or African American,never,did not drive,3
15.0,female,9,not,White,did not ride,did not drive,<1
15.0,female,9,not,Asian,sometimes,did not drive,4
12.0,female,12,hispanic,,did not ride,30,
15.0,female,9,not,White,did not ride,did not drive,2
15.0,female,9,not,,did not ride,did not drive,do not watch
15.0,female,9,not,White,did not ride,did not drive,3
15.0,female,9,not,White,never,0,<1
15.0,female,9,not,White,never,0,2
16.0,female,9,not,Black or African American,never,0,5+
15.0,female,9,hispanic,,did not ride,0,<1
14.0,female,9,hispanic,White,did not ride,did not drive,1
,male,,,,,did not drive,<1
16.0,male,11,hispanic,White,never,0,4
16.0,female,11,not,Black or African American,did not ride,did not drive,5+
17.0,female,11,not,White,never,did not drive,5+
16.0,female,11,not,White,never,3-5,<1
17.0,female,11,not,White,did not ride,3-5,2
,female,,,,,3-5,do not watch
16.0,female,11,not,Asian,did not ride,0,<1
16.0,female,11,not,Asian,never,0,3
16.0,female,11,not,White,did not ride,1-2,1
17.0,female,11,not,Black or African American,did not ride,did not drive,2
16.0,female,11,not,White,never,20-29,2
17.0,female,11,not,White,did not ride,0,2
17.0,male,11,hispanic,White,always,0,2
17.0,male,11,not,White,never,6-9,1
17.0,male,11,not,White,never,0,2
17.0,male,11,not,White,never,10-19,2
17.0,male,11,not,White,never,did not drive,1
17.0,male,12,not,White,never,,<1
17.0,male,11,not,White,did not ride,30,2
17.0,male,11,not,White,never,1-2,<1
16.0,male,11,not,White,did not ride,1-2,<1
16.0,male,11,hispanic,Native Hawaiian or Other Pacific Islander,rarely,0,<1
16.0,male,11,not,White,never,3-5,2
17.0,male,11,not,White,never,30,1
17.0,male,11,not,White,always,0,2
17.0,male,11,not,White,did not ride,0,do not watch
18.0,male,11,not,White,rarely,20-29,1
17.0,male,12,not,White,never,did not drive,2
18.0,female,12,not,White,did not ride,1-2,<1
18.0,female,12,not,White,did not ride,10-19,2
18.0,female,12,not,White,never,1-2,<1
18.0,male,12,hispanic,,never,20-29,4
18.0,male,12,not,White,did not ride,1-2,1
18.0,male,12,not,White,did not ride,30,do not watch
18.0,male,12,not,White,did not ride,did not drive,do not watch
18.0,male,12,not,White,did not ride,3-5,3
18.0,male,12,not,Black or African American,never,,<1
18.0,male,12,not,Black or African American,did not ride,0,do not watch
17.0,male,12,hispanic,,never,6-9,2
18.0,male,12,not,Black or African American,did not ride,30,5+
18.0,male,12,not,White,did not ride,did not drive,3
18.0,male,12,not,Black or African American,never,0,5+
18.0,female,12,not,Black or African American,rarely,3-5,5+
18.0,female,12,not,,rarely,30,<1
18.0,female,12,not,Asian,rarely,1-2,<1
18.0,female,12,not,Black or African American,never,0,<1
18.0,female,12,not,White,did not ride,3-5,<1
18.0,female,12,not,White,never,30,1
17.0,female,12,not,White,never,did not drive,2
18.0,female,12,not,Black or African American,most of time,1-2,2
17.0,female,12,not,Black or African American,rarely,did not drive,do not watch
15.0,female,9,not,White,never,0,do not watch
15.0,female,9,not,Black or African American,did not ride,0,3
15.0,female,9,not,White,never,did not drive,5+
15.0,female,9,not,Black or African American,did not ride,0,5+
15.0,female,9,not,Black or African American,did not ride,3-5,2
15.0,female,9,not,Black or African American,sometimes,3-5,4
14.0,female,9,not,White,never,0,do not watch
16.0,male,9,not,Black or African American,did not ride,,do not watch
17.0,male,11,hispanic,Native Hawaiian or Other Pacific Islander,never,30,3
15.0,female,9,not,Black or African American,never,0,2
15.0,male,9,not,,did not ride,did not drive,4
14.0,male,9,not,Black or African American,never,10-19,3
14.0,male,9,not,Black or African American,never,0,
14.0,male,9,not,,never,3-5,1
15.0,male,9,not,White,never,0,2
17.0,female,12,not,Black or African American,never,did not drive,do not watch
18.0,female,12,not,Black or African American,did not ride,0,4
17.0,female,12,not,Black or African American,never,0,<1
18.0,female,12,not,Black or African American,did not ride,0,2
18.0,female,12,not,White,did not ride,,2
18.0,female,12,not,Asian,did not ride,,3
17.0,male,12,not,White,never,0,2
18.0,male,12,not,White,never,0,5+
18.0,male,12,hispanic,,never,10-19,1
18.0,male,12,not,,did not ride,30,2
18.0,male,12,not,Black or African American,never,10-19,3
18.0,male,12,not,Black or African American,did not ride,1-2,2
18.0,male,12,not,White,never,0,1
18.0,female,12,not,White,did not ride,0,3
17.0,female,12,not,White,did not ride,20-29,1
18.0,female,12,not,White,did not ride,0,<1
18.0,female,12,not,Black or African American,did not ride,did not drive,<1
17.0,female,12,not,Black or African American,never,0,2
17.0,female,12,not,,never,20-29,<1
18.0,female,12,not,,did not ride,0,do not watch
17.0,male,12,not,Black or African American,never,30,3
17.0,male,12,not,Black or African American,did not ride,1-2,do not watch
17.0,male,12,not,Black or African American,did not ride,30,5+
17.0,male,12,not,Black or African American,never,did not drive,5+
18.0,male,12,not,White,did not ride,10-19,2
18.0,male,12,not,Black or African American,did not ride,did not drive,3
17.0,male,12,not,Black or African American,never,0,3
17.0,male,12,hispanic,White,did not ride,0,do not watch
15.0,female,9,not,Black or African American,never,0,2
15.0,female,9,not,Black or African American,did not ride,1-2,2
14.0,female,9,not,Black or African American,never,did not drive,1
15.0,female,9,hispanic,Black or African American,did not ride,did not drive,3
15.0,female,9,not,Black or African American,did not ride,0,5+
14.0,female,9,not,White,never,did not drive,2
14.0,male,9,not,Black or African American,never,0,do not watch
16.0,male,9,not,Black or African American,never,0,2
15.0,male,9,not,Black or African American,rarely,did not drive,2
14.0,male,9,not,Black or African American,never,did not drive,3
15.0,female,10,not,White,did not ride,0,4
16.0,female,10,not,White,never,0,4
16.0,female,10,not,White,did not ride,1-2,3
16.0,female,10,not,White,did not ride,3-5,1
15.0,female,10,not,Black or African American,did not ride,did not drive,2
15.0,female,10,not,White,never,0,5+
17.0,female,11,,White,did not ride,3-5,<1
16.0,female,10,,,did not ride,1-2,3
17.0,female,11,not,White,never,0,<1
16.0,male,10,not,White,always,0,2
18.0,male,11,not,American Indian or Alaska Native,did not ride,did not drive,do not watch
15.0,male,10,not,White,never,did not drive,do not watch
15.0,male,10,not,White,never,0,1
15.0,male,10,not,White,never,0,2
16.0,male,10,not,White,rarely,0,do not watch
17.0,male,12,not,White,did not ride,0,3
17.0,male,10,not,American Indian or Alaska Native,did not ride,0,
15.0,male,10,not,White,rarely,did not drive,2
16.0,male,10,not,White,sometimes,did not drive,1
16.0,male,10,not,White,did not ride,30,<1
15.0,male,10,hispanic,,did not ride,0,1
16.0,male,10,not,,did not ride,did not drive,do not watch
17.0,male,11,,,did not ride,did not drive,4
16.0,male,10,not,White,rarely,0,2
15.0,male,10,not,Black or African American,never,did not drive,1
18.0,male,11,not,Black or African American,did not ride,30,3
15.0,female,9,not,White,never,0,1
14.0,female,9,not,White,never,0,do not watch
15.0,female,9,not,White,always,0,1
15.0,female,10,not,White,never,did not drive,4
14.0,female,9,not,White,did not ride,did not drive,4
14.0,female,9,not,White,did not ride,,do not watch
14.0,female,9,not,White,never,did not drive,<1
14.0,male,9,not,White,never,did not drive,<1
15.0,male,9,not,Black or African American,rarely,did not drive,do not watch
15.0,male,9,not,White,never,10-19,1
15.0,male,9,not,White,never,0,3
15.0,male,9,not,White,never,did not drive,1
14.0,male,9,not,White,never,did not drive,1
15.0,male,9,not,White,did not ride,1-2,<1
14.0,male,9,not,White,never,did not drive,2
15.0,male,9,not,White,never,0,4
16.0,male,9,not,Black or African American,never,,3
15.0,male,9,not,White,sometimes,0,3
16.0,male,9,not,White,always,0,1
15.0,male,9,not,White,did not ride,did not drive,3
15.0,male,9,not,White,did not ride,0,2
15.0,male,9,not,,did not ride,did not drive,4
16.0,male,9,not,White,did not ride,1-2,1
15.0,male,9,not,Black or African American,never,3-5,
14.0,male,9,hispanic,White,never,0,2
16.0,male,10,not,White,did not ride,did not drive,4
15.0,male,9,not,White,always,0,do not watch
15.0,male,9,not,White,never,0,1
17.0,female,12,not,,never,20-29,4
18.0,female,12,not,White,never,0,2
18.0,female,12,not,White,did not ride,0,3
17.0,female,12,not,White,did not ride,,3
17.0,female,12,not,White,did not ride,3-5,<1
17.0,female,12,hispanic,White,never,1-2,3
17.0,female,12,not,White,did not ride,1-2,1
17.0,female,12,not,White,did not ride,0,2
18.0,female,12,not,White,did not ride,30,4
18.0,female,12,not,Black or African American,did not ride,did not drive,2
18.0,female,12,not,White,did not ride,did not drive,2
17.0,female,11,not,White,rarely,20-29,3
17.0,female,12,not,White,did not ride,0,2
17.0,female,12,not,White,did not ride,10-19,3
17.0,female,11,not,White,did not ride,1-2,do not watch
17.0,female,11,not,White,always,20-29,<1
17.0,female,12,not,White,did not ride,30,2
18.0,female,12,not,White,never,30,<1
17.0,female,12,not,White,sometimes,0,2
18.0,female,12,not,White,did not ride,0,<1
17.0,female,12,not,White,never,30,<1
16.0,female,11,not,Black or African American,did not ride,did not drive,3
18.0,female,12,not,White,did not ride,20-29,4
17.0,male,12,not,White,,30,
17.0,male,12,not,White,never,20-29,3
18.0,male,12,not,Black or African American,never,30,
17.0,male,12,not,Black or African American,never,0,2
16.0,male,11,not,White,rarely,1-2,3
17.0,male,12,not,White,did not ride,,2
18.0,male,12,not,White,,0,2
17.0,female,11,hispanic,White,did not ride,30,<1
16.0,female,11,not,White,did not ride,0,2
16.0,female,11,not,White,did not ride,did not drive,do not watch
17.0,female,11,not,White,did not ride,1-2,2
16.0,female,11,not,White,did not ride,10-19,do not watch
16.0,female,11,not,White,did not ride,30,2
16.0,female,11,not,American Indian or Alaska Native,did not ride,did not drive,1
16.0,female,11,not,White,did not ride,0,1
18.0,female,12,not,White,,0,5+
17.0,female,12,not,Black or African American,did not ride,1-2,5+
16.0,female,11,not,Black or African American,never,0,do not watch
,male,,,,,6-9,3
17.0,male,11,not,White,never,3-5,<1
17.0,male,11,not,White,never,did not drive,
17.0,male,11,not,White,did not ride,0,2
18.0,male,12,not,White,did not ride,1-2,2
16.0,male,11,not,White,never,did not drive,3
17.0,male,11,not,White,never,0,3
18.0,male,12,hispanic,White,never,30,1
17.0,male,11,not,White,did not ride,3-5,2
16.0,male,11,not,White,,0,2
16.0,male,11,not,White,did not ride,did not drive,2
16.0,male,11,hispanic,,never,,3
17.0,male,11,not,Black or African American,never,0,1
18.0,male,11,not,White,did not ride,30,3
17.0,male,11,not,Black or African American,never,0,3
17.0,male,12,not,Black or African American,did not ride,0,do not watch
17.0,male,11,not,White,never,30,4
17.0,male,11,not,Native Hawaiian or Other Pacific Islander,never,3-5,1
16.0,male,11,not,White,did not ride,20-29,<1
15.0,male,9,not,White,rarely,0,3
14.0,male,9,not,White,always,0,
14.0,male,9,not,White,rarely,did not drive,<1
15.0,male,9,not,White,never,0,2
15.0,male,9,not,White,never,0,5+
16.0,male,9,not,White,never,did not drive,do not watch
14.0,male,9,not,White,never,1-2,<1
14.0,male,9,not,White,never,1-2,do not watch
14.0,male,9,hispanic,,never,0,1
14.0,male,9,not,White,never,did not drive,2
14.0,male,9,not,White,always,0,do not watch
14.0,male,9,not,White,never,did not drive,3
16.0,male,9,not,White,never,0,3
15.0,male,9,not,White,always,did not drive,<1
14.0,male,9,not,White,did not ride,0,do not watch
15.0,male,9,not,White,most of time,0,<1
15.0,male,9,hispanic,,never,0,2
15.0,male,9,not,White,did not ride,did not drive,<1
14.0,male,9,hispanic,,sometimes,,3
14.0,male,9,not,White,never,did not drive,2
14.0,male,9,not,White,never,1-2,3
16.0,male,9,not,White,never,did not drive,do not watch
14.0,male,9,not,White,never,did not drive,<1
14.0,male,9,not,White,never,did not drive,do not watch
15.0,male,9,not,White,never,0,1
14.0,female,9,not,,never,did not drive,<1
15.0,female,9,,White,never,did not drive,<1
15.0,female,9,not,White,did not ride,did not drive,5+
14.0,female,9,not,White,most of time,did not drive,1
14.0,female,9,not,White,did not ride,did not drive,<1
15.0,female,9,not,White,never,0,do not watch
14.0,female,9,hispanic,,never,did not drive,2
14.0,female,9,not,White,never,,<1
15.0,female,9,not,White,never,0,1
15.0,female,9,not,White,always,did not drive,do not watch
14.0,female,9,not,White,never,did not drive,do not watch
14.0,female,9,not,White,never,,1
14.0,female,9,not,,never,0,<1
14.0,female,9,not,,never,0,
14.0,female,9,not,White,never,did not drive,<1
15.0,female,9,not,White,never,did not drive,1
15.0,female,9,not,White,never,0,do not watch
14.0,female,9,not,White,rarely,,1
15.0,female,9,not,White,rarely,did not drive,do not watch
15.0,female,9,hispanic,White,never,0,1
14.0,female,9,not,White,never,did not drive,3
14.0,female,9,hispanic,American Indian or Alaska Native,never,,5+
14.0,female,9,not,White,never,did not drive,<1
14.0,female,9,not,White,never,0,2
14.0,female,9,not,White,did not ride,did not drive,1
16.0,male,10,not,White,never,0,1
15.0,male,9,not,White,sometimes,0,2
14.0,male,9,not,White,did not ride,did not drive,2
15.0,male,9,not,White,never,did not drive,do not watch
15.0,male,9,not,White,most of time,0,1
14.0,male,9,not,White,always,did not drive,<1
14.0,male,9,not,White,did not ride,did not drive,2
,female,,,,,did not drive,<1
15.0,female,9,not,White,most of time,did not drive,1
14.0,female,9,not,White,never,0,1
15.0,female,9,not,White,never,0,do not watch
15.0,female,9,not,White,rarely,0,do not watch
15.0,female,9,not,White,never,0,<1
15.0,female,9,not,White,most of time,0,do not watch
15.0,female,9,not,White,never,did not drive,<1
15.0,female,9,not,White,never,0,do not watch
14.0,female,9,not,Asian,never,did not drive,2
14.0,female,9,not,White,never,0,1
14.0,female,9,hispanic,White,rarely,0,1
14.0,female,9,not,,never,did not drive,do not watch
15.0,female,9,not,White,rarely,did not drive,do not watch
15.0,female,9,not,White,always,did not drive,do not watch
14.0,female,9,not,White,did not ride,0,2
15.0,female,9,hispanic,White,did not ride,1-2,2
14.0,female,9,not,White,never,did not drive,do not watch
15.0,female,9,not,White,,,do not watch
14.0,female,9,not,White,never,did not drive,2
14.0,female,9,not,White,never,did not drive,do not watch
15.0,female,9,not,White,rarely,0,do not watch
15.0,female,9,not,Black or African American,never,did not drive,2
14.0,female,9,not,White,never,did not drive,3
15.0,female,9,not,White,never,did not drive,do not watch
14.0,female,9,not,White,never,0,<1
15.0,female,10,not,White,never,0,3
18.0,female,12,not,White,did not ride,0,1
18.0,female,12,not,White,never,0,do not watch
17.0,female,12,not,White,never,20-29,do not watch
17.0,female,12,not,White,did not ride,3-5,do not watch
17.0,female,12,not,White,never,1-2,2
17.0,female,12,not,White,sometimes,20-29,1
17.0,female,12,not,White,never,30,do not watch
18.0,female,12,not,White,most of time,0,do not watch
18.0,female,12,not,White,never,30,1
18.0,female,12,not,White,never,did not drive,4
17.0,male,12,hispanic,,never,did not drive,5+
18.0,male,12,not,White,never,1-2,<1
18.0,male,12,not,White,sometimes,0,do not watch
18.0,male,12,not,White,sometimes,10-19,do not watch
17.0,male,12,not,White,rarely,3-5,do not watch
18.0,male,12,not,White,always,10-19,2
17.0,male,12,hispanic,,never,20-29,2
17.0,male,12,hispanic,,did not ride,,<1
18.0,male,12,not,White,never,20-29,1
18.0,male,12,hispanic,,did not ride,10-19,3
17.0,male,12,not,White,never,6-9,2
17.0,male,12,not,White,never,30,<1
17.0,male,11,not,White,never,0,2
17.0,female,11,not,White,never,0,5+
17.0,male,11,not,,did not ride,3-5,2
17.0,male,11,,White,never,did not drive,<1
16.0,male,11,not,White,never,20-29,2
17.0,male,11,not,White,never,10-19,2
16.0,male,11,not,White,rarely,10-19,1
17.0,male,11,not,White,never,3-5,3
16.0,male,11,hispanic,White,never,,3
16.0,male,11,not,,never,3-5,<1
17.0,male,11,not,White,most of time,did not drive,2
17.0,male,11,not,White,always,0,<1
17.0,male,11,not,White,never,1-2,<1
17.0,male,11,hispanic,,never,20-29,5+
16.0,male,11,not,White,rarely,30,<1
17.0,male,11,hispanic,White,never,0,1
16.0,male,11,,,never,did not drive,do not watch
17.0,female,11,not,White,never,30,2
17.0,female,11,not,White,never,10-19,3
18.0,female,11,not,White,never,0,do not watch
17.0,female,11,not,White,never,3-5,4
16.0,female,11,not,White,never,did not drive,3
17.0,female,11,not,White,did not ride,0,do not watch
16.0,female,11,not,White,never,10-19,<1
17.0,female,11,not,White,never,20-29,1
16.0,male,10,hispanic,,never,1-2,2
16.0,female,10,not,White,never,10-19,<1
15.0,female,10,not,White,,did not drive,<1
15.0,female,10,not,White,most of time,did not drive,do not watch
15.0,female,10,not,White,never,30,<1
16.0,female,10,not,White,did not ride,3-5,do not watch
15.0,female,10,hispanic,White,did not ride,0,2
16.0,female,10,not,White,did not ride,10-19,do not watch
16.0,female,10,hispanic,,never,0,1
16.0,female,10,not,White,never,30,5+
15.0,female,10,not,White,did not ride,did not drive,3
16.0,female,10,not,White,never,1-2,1
15.0,male,10,not,White,never,0,2
16.0,male,10,not,,never,1-2,2
16.0,male,10,not,White,did not ride,0,do not watch
16.0,male,10,not,White,never,0,4
16.0,male,10,not,White,never,0,<1
15.0,male,10,not,White,never,0,<1
17.0,male,11,hispanic,,never,6-9,2
15.0,male,10,not,White,always,0,1
16.0,male,10,hispanic,,never,0,do not watch
16.0,male,10,not,White,rarely,0,3
16.0,male,10,not,White,never,did not drive,2
16.0,male,10,not,White,never,0,3
16.0,female,10,not,White,rarely,10-19,<1
16.0,female,10,not,White,did not ride,did not drive,<1
16.0,female,10,not,White,never,20-29,1
16.0,female,10,not,White,never,did not drive,do not watch
15.0,female,10,,White,never,1-2,2
16.0,female,10,not,White,never,30,<1
16.0,female,10,hispanic,,did not ride,0,2
15.0,male,10,not,White,did not ride,did not drive,<1
15.0,male,10,not,White,did not ride,0,5+
16.0,male,10,not,White,never,30,2
16.0,male,10,not,White,never,0,2
17.0,male,10,not,White,never,1-2,do not watch
15.0,male,10,not,White,rarely,0,2
16.0,male,10,not,White,never,0,<1
15.0,male,10,hispanic,White,never,0,2
16.0,male,10,hispanic,American Indian or Alaska Native,never,0,2
14.0,male,9,not,White,always,0,do not watch
15.0,male,10,hispanic,,did not ride,0,1
15.0,male,10,not,White,most of time,0,1
15.0,male,10,not,White,sometimes,did not drive,4
15.0,male,10,not,White,rarely,0,<1
15.0,male,10,not,White,never,did not drive,
16.0,male,10,not,White,most of time,0,1
15.0,male,10,not,,never,did not drive,1
16.0,female,10,hispanic,White,never,did not drive,<1
16.0,female,10,not,White,never,0,2
15.0,female,10,not,White,never,0,3
18.0,male,12,not,White,did not ride,30,2
18.0,male,12,not,White,never,30,do not watch
17.0,male,12,not,White,most of time,20-29,<1
18.0,male,12,not,White,never,,<1
18.0,male,12,not,White,never,30,5+
18.0,male,12,not,White,never,1-2,do not watch
17.0,male,12,not,White,never,,<1
17.0,male,12,not,White,never,0,3
17.0,male,12,not,White,,did not drive,do not watch
17.0,male,12,not,White,never,1-2,<1
17.0,male,12,not,White,never,20-29,1
18.0,male,12,not,White,did not ride,3-5,1
17.0,male,12,not,White,did not ride,1-2,2
18.0,male,12,not,White,did not ride,30,4
17.0,female,12,not,White,never,did not drive,4
18.0,female,12,not,White,never,0,do not watch
18.0,female,12,hispanic,,never,0,do not watch
18.0,female,12,not,White,did not ride,0,<1
17.0,female,12,not,White,never,30,<1
17.0,female,12,not,White,never,30,2
17.0,female,12,hispanic,,never,1-2,do not watch
17.0,female,12,not,White,never,1-2,3
18.0,female,12,hispanic,White,never,6-9,2
17.0,female,12,not,White,never,0,<1
17.0,female,12,not,,never,30,<1
18.0,female,12,not,White,never,10-19,do not watch
17.0,female,12,hispanic,,never,did not drive,1
17.0,female,12,not,White,never,10-19,<1
17.0,male,11,not,White,never,20-29,3
17.0,female,11,hispanic,,never,did not drive,1
16.0,male,11,not,White,never,1-2,2
16.0,male,11,hispanic,,did not ride,0,2
16.0,male,11,not,White,never,20-29,1
17.0,male,11,hispanic,,never,0,3
16.0,male,11,hispanic,,did not ride,did not drive,<1
17.0,male,11,not,White,,0,<1
17.0,male,11,hispanic,American Indian or Alaska Native,never,0,2
17.0,male,11,not,White,never,0,2
17.0,male,11,not,White,most of time,0,2
16.0,male,11,not,White,never,30,do not watch
17.0,male,11,not,White,did not ride,did not drive,4
16.0,male,11,not,White,never,0,<1
17.0,male,11,hispanic,,never,0,3
16.0,male,11,hispanic,,never,30,3
16.0,female,11,not,White,never,10-19,1
17.0,female,11,not,White,never,10-19,2
17.0,female,11,not,White,sometimes,0,do not watch
17.0,female,11,hispanic,American Indian or Alaska Native,rarely,1-2,do not watch
17.0,female,11,not,White,never,30,do not watch
17.0,female,11,hispanic,Native Hawaiian or Other Pacific Islander,never,0,<1
16.0,female,10,hispanic,,never,0,4
16.0,male,10,not,White,never,did not drive,1
15.0,male,10,not,Black or African American,never,did not drive,<1
16.0,male,10,not,American Indian or Alaska Native,never,0,<1
15.0,female,10,hispanic,,did not ride,0,<1
16.0,female,10,not,Black or African American,never,did not drive,<1
15.0,female,10,not,Black or African American,never,0,3
17.0,female,11,hispanic,,never,0,2
16.0,female,10,not,Black or African American,never,did not drive,<1
15.0,female,10,hispanic,,never,0,3
15.0,female,10,hispanic,White,never,0,<1
15.0,female,10,not,Black or African American,never,0,1
15.0,female,10,hispanic,,never,0,do not watch
16.0,female,10,hispanic,,did not ride,10-19,2
16.0,female,10,not,,never,30,4
16.0,male,10,hispanic,,never,0,<1
16.0,male,10,hispanic,American Indian or Alaska Native,never,,3
16.0,male,10,not,Black or African American,never,0,2
16.0,male,10,not,Black or African American,never,0,do not watch
17.0,male,10,not,Black or African American,sometimes,0,3
17.0,male,11,not,Black or African American,did not ride,,3
16.0,male,10,hispanic,White,never,did not drive,2
15.0,male,10,not,Black or African American,never,did not drive,5+
15.0,male,10,not,Black or African American,never,0,<1
15.0,male,10,hispanic,,did not ride,0,do not watch
15.0,male,10,not,Black or African American,never,did not drive,5+
15.0,male,10,hispanic,,never,0,4
15.0,male,10,not,Black or African American,never,0,2
16.0,female,9,not,Black or African American,did not ride,did not drive,5+
14.0,female,9,not,White,did not ride,,4
14.0,female,9,not,Black or African American,never,did not drive,<1
16.0,female,10,hispanic,White,never,0,1
14.0,female,9,not,Black or African American,never,did not drive,5+
14.0,female,9,hispanic,,never,did not drive,1
14.0,female,9,not,Black or African American,never,0,5+
16.0,female,10,not,Black or African American,never,0,5+
15.0,female,9,not,Black or African American,never,did not drive,2
15.0,female,9,hispanic,,never,did not drive,do not watch
16.0,female,9,hispanic,,did not ride,did not drive,<1
14.0,female,9,hispanic,,never,did not drive,4
14.0,female,9,not,Black or African American,never,did not drive,do not watch
16.0,male,11,not,Black or African American,never,0,3
14.0,male,9,not,,never,did not drive,5+
14.0,male,9,hispanic,,never,0,2
15.0,male,9,hispanic,,never,0,<1
15.0,male,9,hispanic,,never,did not drive,4
14.0,male,9,not,Black or African American,never,did not drive,2
14.0,male,9,hispanic,,never,did not drive,4
15.0,male,9,not,White,did not ride,0,<1
14.0,male,9,hispanic,American Indian or Alaska Native,never,did not drive,<1
15.0,male,9,hispanic,Black or African American,never,0,5+
14.0,male,9,hispanic,,never,0,<1
14.0,male,9,hispanic,White,never,did not drive,do not watch
15.0,male,9,hispanic,American Indian or Alaska Native,never,did not drive,2
15.0,male,9,not,Black or African American,never,did not drive,2
18.0,male,12,not,Black or African American,did not ride,0,do not watch
18.0,male,12,hispanic,,never,30,5+
18.0,male,12,not,White,never,3-5,5+
17.0,female,12,not,Black or African American,never,0,5+
18.0,female,12,not,American Indian or Alaska Native,did not ride,30,2
17.0,female,12,not,Black or African American,did not ride,0,4
18.0,female,12,not,White,did not ride,3-5,do not watch
17.0,female,12,not,Black or African American,never,0,2
18.0,female,12,not,White,never,1-2,do not watch
18.0,female,12,hispanic,,did not ride,0,5+
18.0,female,12,not,Black or African American,never,1-2,5+
17.0,female,12,hispanic,,did not ride,0,3
17.0,female,12,not,Black or African American,did not ride,did not drive,5+
18.0,female,12,not,Black or African American,did not ride,6-9,2
17.0,female,12,hispanic,,did not ride,0,do not watch
17.0,female,11,hispanic,White,never,0,4
16.0,female,11,not,Black or African American,did not ride,1-2,<1
16.0,female,11,not,Black or African American,did not ride,0,1
16.0,male,11,not,Black or African American,never,0,3
17.0,male,11,not,Black or African American,did not ride,0,<1
17.0,male,11,hispanic,White,did not ride,1-2,1
18.0,male,12,hispanic,White,,did not drive,do not watch
16.0,male,11,not,Black or African American,never,0,do not watch
16.0,male,11,hispanic,Native Hawaiian or Other Pacific Islander,never,0,4
16.0,male,11,not,White,never,did not drive,<1
17.0,male,11,not,Black or African American,always,0,2
17.0,male,11,hispanic,Native Hawaiian or Other Pacific Islander,never,20-29,do not watch
17.0,male,11,not,Black or African American,never,0,1
18.0,male,12,not,Black or African American,never,3-5,do not watch
18.0,male,12,not,Black or African American,never,1-2,4
18.0,male,12,not,Black or African American,did not ride,0,2
17.0,male,12,not,White,never,30,1
18.0,male,12,hispanic,,never,10-19,do not watch
18.0,male,12,not,,never,1-2,<1
18.0,male,12,not,Black or African American,never,30,1
17.0,male,12,not,Black or African American,did not ride,20-29,5+
17.0,male,12,not,Black or African American,never,3-5,2
18.0,male,12,hispanic,White,never,30,<1
18.0,male,12,not,Black or African American,never,,3
18.0,female,12,not,Black or African American,never,0,3
18.0,female,12,not,Black or African American,never,1-2,2
18.0,female,12,,Black or African American,did not ride,30,5+
17.0,female,12,not,Black or African American,did not ride,30,2
18.0,female,12,not,Black or African American,never,0,2
18.0,female,12,not,Black or African American,rarely,30,2
18.0,male,12,not,Black or African American,did not ride,30,4
18.0,female,12,not,Black or African American,did not ride,did not drive,4
17.0,female,12,not,American Indian or Alaska Native,did not ride,10-19,2
18.0,female,12,not,White,rarely,6-9,2
18.0,female,12,not,Black or African American,did not ride,0,5+
17.0,female,12,not,Black or African American,never,1-2,5+
18.0,female,12,not,Black or African American,did not ride,0,
18.0,female,12,not,Black or African American,did not ride,0,5+
17.0,male,11,not,Black or African American,never,3-5,2
17.0,male,11,not,Black or African American,never,0,5+
17.0,male,11,not,Black or African American,never,20-29,3
17.0,female,11,not,,did not ride,0,1
17.0,female,11,not,Black or African American,never,did not drive,do not watch
17.0,male,11,not,Black or African American,rarely,0,3
18.0,male,11,not,Black or African American,always,,5+
17.0,male,11,not,Black or African American,never,0,2
16.0,male,11,not,Black or African American,did not ride,did not drive,5+
18.0,male,11,not,White,did not ride,,3
16.0,male,11,not,Black or African American,never,0,<1
17.0,male,11,not,Black or African American,did not ride,0,5+
17.0,male,11,not,,rarely,30,<1
18.0,female,11,not,Black or African American,sometimes,0,4
17.0,female,11,not,Black or African American,did not ride,0,5+
17.0,female,11,not,Black or African American,did not ride,did not drive,4
17.0,female,11,not,,did not ride,1-2,do not watch
18.0,female,11,not,Black or African American,did not ride,did not drive,2
16.0,female,11,not,Black or African American,never,0,5+
16.0,female,11,not,Black or African American,did not ride,0,1
17.0,female,11,not,,did not ride,did not drive,3
16.0,female,11,not,White,rarely,10-19,5+
17.0,female,11,hispanic,,never,30,5+
17.0,female,11,not,Black or African American,did not ride,30,2
18.0,female,11,not,Black or African American,never,0,3
15.0,male,10,not,Black or African American,never,1-2,5+
15.0,male,10,not,,never,,4
16.0,male,10,not,Black or African American,never,0,do not watch
15.0,female,10,not,Black or African American,rarely,0,3
16.0,female,10,not,Black or African American,never,0,5+
15.0,female,10,not,Black or African American,never,did not drive,<1
,male,10,not,Black or African American,never,did not drive,
15.0,male,10,not,Black or African American,never,did not drive,
16.0,male,10,not,Black or African American,never,did not drive,1
16.0,male,10,not,Black or African American,never,0,3
17.0,male,10,not,Black or African American,never,did not drive,3
17.0,male,11,not,Black or African American,always,,1
18.0,female,11,not,Black or African American,never,0,<1
15.0,female,10,not,Black or African American,never,,3
16.0,female,10,not,Black or African American,did not ride,did not drive,
18.0,female,10,not,Black or African American,never,0,2
17.0,female,10,not,Black or African American,did not ride,,2
16.0,female,10,not,Black or African American,never,0,5+
16.0,female,10,hispanic,Black or African American,did not ride,0,3
16.0,female,10,not,Black or African American,never,1-2,
17.0,female,10,not,Black or African American,rarely,,3
16.0,female,10,not,Black or African American,never,,5+
16.0,female,10,not,Black or African American,did not ride,did not drive,2
17.0,female,10,not,Black or African American,never,did not drive,4
15.0,female,10,hispanic,Black or African American,did not ride,30,
16.0,female,10,not,Black or African American,never,0,3
17.0,male,11,not,Black or African American,did not ride,6-9,<1
16.0,male,11,not,White,rarely,0,3
,,,,,,3-5,5+
,,,,,,30,5+
18.0,male,11,not,Black or African American,never,did not drive,5+
17.0,male,11,not,Black or African American,did not ride,30,5+
18.0,male,11,not,Black or African American,did not ride,,4
16.0,male,11,not,Black or African American,did not ride,did not drive,5+
18.0,male,11,not,Black or African American,never,0,5+
18.0,male,11,hispanic,Black or African American,never,0,5+
17.0,male,11,not,Black or African American,never,1-2,3
17.0,male,11,not,Black or African American,never,30,1
18.0,female,11,not,Black or African American,never,0,1
18.0,female,11,not,Black or African American,did not ride,did not drive,2
17.0,female,11,not,Black or African American,never,1-2,3
17.0,female,11,not,,never,30,5+
18.0,female,11,not,Black or African American,did not ride,1-2,5+
17.0,female,11,not,Black or African American,never,3-5,5+
18.0,female,11,not,Black or African American,did not ride,30,4
17.0,female,11,not,Black or African American,did not ride,did not drive,5+
17.0,male,10,not,Black or African American,never,30,5+
18.0,male,10,not,Black or African American,never,0,5+
18.0,male,12,not,Black or African American,never,0,2
18.0,male,12,not,Black or African American,did not ride,did not drive,3
17.0,female,11,not,Black or African American,did not ride,0,5+
15.0,female,10,not,,did not ride,0,<1
16.0,female,10,not,Black or African American,did not ride,0,do not watch
17.0,male,10,not,Black or African American,rarely,0,5+
17.0,male,10,not,American Indian or Alaska Native,rarely,,do not watch
16.0,male,10,not,Black or African American,did not ride,did not drive,<1
17.0,male,10,not,White,never,0,do not watch
17.0,male,10,not,Black or African American,did not ride,did not drive,5+
17.0,male,10,not,Black or African American,rarely,1-2,4
15.0,male,10,not,,sometimes,0,3
17.0,male,10,not,White,never,,4
17.0,female,10,not,Black or African American,did not ride,0,<1
16.0,female,10,not,Black or African American,did not ride,did not drive,4
16.0,female,10,not,Black or African American,did not ride,0,<1
16.0,female,10,not,Black or African American,never,0,3
16.0,female,10,not,Black or African American,never,0,do not watch
16.0,female,10,not,Black or African American,never,0,3
17.0,female,10,not,Black or African American,never,0,4
16.0,female,10,not,Black or African American,never,,5+
15.0,female,10,not,Black or African American,never,0,5+
17.0,female,10,not,Black or African American,rarely,0,do not watch
18.0,female,12,not,Black or African American,never,6-9,2
18.0,female,12,not,Black or African American,did not ride,did not drive,2
18.0,female,12,not,Black or African American,did not ride,1-2,4
18.0,female,12,not,Black or African American,never,0,<1
,male,,,,,did not drive,5+
18.0,male,other,,Black or African American,did not ride,30,5+
18.0,male,11,not,Black or African American,never,0,2
18.0,male,12,not,Black or African American,never,30,5+
18.0,male,12,not,White,never,6-9,3
18.0,male,12,not,Black or African American,did not ride,1-2,5+
18.0,male,12,not,Black or African American,never,6-9,2
18.0,male,12,not,Black or African American,,0,2
18.0,male,12,not,Black or African American,never,0,do not watch
18.0,male,12,not,Black or African American,never,3-5,1
18.0,male,12,not,Black or African American,sometimes,,1
18.0,male,12,not,Black or African American,never,10-19,4
18.0,male,12,not,Black or African American,,1-2,1
18.0,male,12,not,Black or African American,did not ride,0,do not watch
18.0,male,12,not,Black or African American,never,0,2
18.0,female,12,not,Black or African American,did not ride,0,5+
18.0,female,12,not,Black or African American,did not ride,0,1
18.0,female,12,not,Black or African American,never,did not drive,4
18.0,female,12,not,Black or African American,did not ride,,5+
18.0,female,12,not,Black or African American,never,did not drive,2
18.0,female,12,not,,did not ride,1-2,5+
18.0,female,12,not,Black or African American,never,30,3
18.0,female,12,not,Black or African American,never,3-5,3
17.0,female,12,not,Black or African American,never,did not drive,3
18.0,female,12,not,White,did not ride,did not drive,1
18.0,female,12,not,Black or African American,never,30,1
18.0,female,12,not,Black or African American,,0,do not watch
18.0,female,12,not,Black or African American,did not ride,1-2,1
18.0,female,12,not,Black or African American,never,0,2
15.0,male,10,hispanic,White,did not ride,0,3
16.0,male,10,not,White,did not ride,0,<1
16.0,male,10,not,White,did not ride,10-19,2
16.0,male,10,not,White,never,3-5,2
16.0,male,10,not,White,did not ride,10-19,1
15.0,male,10,not,White,never,did not drive,3
16.0,male,10,not,White,never,did not drive,<1
16.0,male,10,not,White,never,1-2,<1
16.0,male,10,not,White,never,0,2
16.0,male,10,not,White,never,0,4
15.0,female,10,not,White,never,did not drive,<1
16.0,female,10,not,White,never,6-9,3
15.0,female,10,not,White,never,1-2,1
15.0,female,10,not,White,never,did not drive,2
15.0,female,10,not,White,did not ride,0,2
15.0,female,10,not,White,never,0,3
16.0,female,10,not,White,never,20-29,do not watch
16.0,female,10,not,White,never,1-2,<1
16.0,female,10,not,White,never,6-9,2
18.0,male,12,not,White,never,6-9,2
17.0,female,12,not,White,never,10-19,2
17.0,female,12,not,White,never,30,<1
18.0,female,12,not,White,never,20-29,1
17.0,female,12,not,White,did not ride,30,do not watch
17.0,female,12,not,White,never,0,do not watch
17.0,female,12,not,White,never,3-5,2
18.0,female,12,not,White,sometimes,did not drive,do not watch
17.0,female,12,not,White,rarely,6-9,1
17.0,female,12,not,White,never,20-29,<1
17.0,female,12,not,White,never,0,<1
18.0,female,12,not,White,never,1-2,5+
18.0,female,12,not,White,never,1-2,1
17.0,male,12,not,White,never,0,<1
18.0,male,12,not,White,did not ride,20-29,2
17.0,male,12,not,White,did not ride,0,1
17.0,male,12,not,White,never,6-9,3
17.0,male,12,not,White,rarely,10-19,1
18.0,male,12,not,White,did not ride,20-29,1
18.0,male,12,not,White,never,10-19,<1
18.0,male,12,not,White,did not ride,0,2
17.0,male,12,not,White,never,20-29,do not watch
18.0,male,12,not,White,never,6-9,3
17.0,male,12,not,White,did not ride,6-9,2
17.0,male,12,not,White,rarely,10-19,2
17.0,male,12,not,White,did not ride,20-29,2
17.0,male,12,not,White,never,1-2,<1
14.0,male,9,not,White,never,0,1
15.0,male,9,not,White,,did not drive,2
15.0,male,9,not,,never,0,4
14.0,male,9,not,White,never,0,3
15.0,male,9,not,White,never,0,<1
14.0,male,9,not,White,rarely,did not drive,1
14.0,male,9,not,White,never,did not drive,4
15.0,male,9,not,White,did not ride,0,3
16.0,male,9,not,White,never,0,2
15.0,male,9,not,White,never,0,1
14.0,male,9,not,White,never,did not drive,1
15.0,male,9,not,White,never,0,do not watch
14.0,male,9,not,White,rarely,did not drive,1
15.0,male,9,not,White,never,0,<1
14.0,male,9,not,White,never,did not drive,2
14.0,male,9,not,White,never,0,1
15.0,female,9,not,White,never,0,<1
14.0,female,9,not,White,never,did not drive,1
14.0,female,9,not,White,never,0,2
15.0,female,9,not,White,never,0,<1
14.0,female,9,not,White,never,0,1
14.0,female,9,not,White,never,did not drive,2
14.0,female,9,not,White,never,did not drive,2
15.0,female,9,not,White,never,0,2
14.0,female,9,not,White,never,did not drive,<1
15.0,female,9,hispanic,White,never,did not drive,2
15.0,female,9,not,White,always,0,2
16.0,male,11,not,White,did not ride,1-2,<1
17.0,male,11,not,White,never,30,2
17.0,male,11,not,White,did not ride,1-2,1
17.0,male,11,not,White,did not ride,30,4
17.0,male,11,not,White,never,10-19,2
17.0,male,11,not,White,never,,<1
17.0,male,11,not,White,did not ride,20-29,3
17.0,male,11,not,White,did not ride,30,2
16.0,male,11,not,White,did not ride,3-5,do not watch
17.0,male,11,not,White,never,1-2,2
16.0,female,11,not,White,did not ride,1-2,1
16.0,female,11,not,White,sometimes,3-5,2
16.0,female,11,not,White,never,10-19,2
17.0,female,11,not,White,did not ride,30,<1
17.0,female,11,not,White,did not ride,20-29,3
17.0,female,11,not,White,did not ride,30,2
16.0,female,11,not,White,never,10-19,<1
16.0,female,11,not,White,never,10-19,1
15.0,male,9,not,White,never,0,3
15.0,female,9,hispanic,,did not ride,did not drive,3
15.0,female,9,hispanic,,did not ride,,do not watch
16.0,female,9,not,,did not ride,1-2,3
15.0,female,9,not,White,did not ride,0,5+
15.0,female,9,not,White,did not ride,did not drive,2
15.0,female,9,not,White,never,did not drive,3
14.0,female,9,not,White,never,0,2
15.0,female,9,not,White,did not ride,did not drive,2
15.0,female,9,not,White,never,0,3
15.0,male,9,hispanic,,never,0,<1
14.0,male,9,not,White,never,did not drive,5+
15.0,male,9,not,White,did not ride,,2
15.0,male,9,not,White,never,30,<1
15.0,male,9,not,White,never,did not drive,5+
15.0,male,9,not,White,did not ride,0,3
15.0,male,9,not,White,did not ride,did not drive,
15.0,male,9,hispanic,White,did not ride,,3
14.0,male,9,not,White,did not ride,did not drive,3
14.0,male,9,not,White,never,did not drive,2
18.0,male,11,not,White,did not ride,3-5,2
18.0,female,11,hispanic,White,never,did not drive,3
17.0,male,11,not,White,never,0,5+
12.0,female,12,hispanic,,never,0,do not watch
17.0,female,11,not,White,did not ride,6-9,1
17.0,female,11,not,White,did not ride,,3
17.0,male,11,,White,never,,3
17.0,male,11,not,White,did not ride,0,3
17.0,male,11,not,White,never,,2
16.0,male,11,not,White,did not ride,30,2
,,,,,,did not drive,5+
17.0,female,11,not,White,did not ride,,do not watch
17.0,male,11,hispanic,,did not ride,1-2,3
17.0,male,11,hispanic,White,never,10-19,3
18.0,female,11,not,White,did not ride,30,3
18.0,male,12,not,White,never,30,do not watch
18.0,male,12,,White,never,0,1
17.0,male,12,not,White,never,0,do not watch
18.0,male,12,not,White,did not ride,30,2
18.0,male,12,hispanic,,never,30,5+
18.0,male,12,not,White,never,30,<1
18.0,male,12,not,White,did not ride,10-19,<1
18.0,male,12,not,White,did not ride,30,<1
18.0,male,12,not,White,did not ride,30,2
18.0,male,12,not,White,did not ride,30,do not watch
18.0,male,12,not,White,never,6-9,do not watch
17.0,male,12,not,White,never,did not drive,4
18.0,male,12,not,White,rarely,20-29,4
18.0,male,12,not,White,never,0,5+
17.0,male,12,not,White,never,1-2,2
17.0,male,12,not,White,never,10-19,2
18.0,male,12,not,White,never,20-29,3
17.0,male,12,not,White,never,20-29,2
18.0,female,12,not,White,never,30,2
18.0,female,12,not,White,did not ride,did not drive,<1
18.0,female,12,not,White,did not ride,30,<1
18.0,female,12,not,White,did not ride,20-29,1
18.0,female,12,not,White,never,,5+
17.0,male,10,not,Native Hawaiian or Other Pacific Islander,never,20-29,2
17.0,female,10,hispanic,White,never,0,3
17.0,male,10,not,White,never,0,2
16.0,male,10,not,White,did not ride,0,
16.0,male,10,not,White,did not ride,0,2
16.0,male,10,not,White,did not ride,did not drive,<1
16.0,male,10,not,White,never,3-5,2
16.0,male,10,not,White,did not ride,did not drive,do not watch
17.0,male,11,not,White,did not ride,0,1
16.0,male,10,not,White,did not ride,,5+
16.0,male,10,not,White,never,0,4
15.0,male,10,not,White,did not ride,did not drive,2
15.0,male,10,hispanic,,did not ride,did not drive,do not watch
17.0,male,11,not,White,never,30,3
16.0,male,10,hispanic,,never,did not drive,1
16.0,male,10,not,American Indian or Alaska Native,sometimes,,2
15.0,male,10,not,White,never,1-2,3
15.0,male,10,not,White,always,,3
17.0,male,10,not,White,did not ride,did not drive,1
16.0,female,10,not,White,did not ride,20-29,<1
16.0,female,10,not,,did not ride,0,4
16.0,female,10,not,White,did not ride,,<1
16.0,female,10,not,White,never,0,4
16.0,female,10,not,White,never,0,2
16.0,female,10,not,,did not ride,did not drive,4
16.0,female,10,not,White,did not ride,did not drive,do not watch
15.0,male,9,not,White,never,,1
15.0,male,9,not,White,never,did not drive,1
15.0,male,9,not,White,never,did not drive,5+
15.0,male,9,not,White,never,did not drive,5+
16.0,male,9,not,White,never,0,do not watch
14.0,male,9,not,White,never,1-2,<1
15.0,male,9,not,White,did not ride,did not drive,3
14.0,male,9,not,White,never,0,1
14.0,male,9,not,White,never,30,1
15.0,male,9,,White,never,0,4
15.0,male,9,not,White,never,did not drive,1
14.0,male,9,not,White,never,did not drive,2
15.0,male,9,not,White,never,did not drive,do not watch
15.0,male,9,not,White,sometimes,did not drive,<1
17.0,male,10,not,White,never,3-5,2
14.0,female,9,not,White,did not ride,did not drive,2
15.0,female,9,not,White,always,0,3
15.0,female,9,not,White,did not ride,did not drive,<1
15.0,female,9,not,White,never,did not drive,1
17.0,female,12,not,White,rarely,1-2,<1
14.0,female,9,,White,never,did not drive,2
14.0,female,9,not,White,never,1-2,5+
15.0,female,9,not,White,never,0,3
14.0,female,9,not,Black or African American,did not ride,0,3
14.0,female,9,not,White,never,did not drive,1
14.0,female,9,not,White,never,did not drive,2
14.0,male,9,not,White,sometimes,,3
,male,,,,,,2
,male,,,,,did not drive,do not watch
14.0,male,9,,White,never,0,<1
15.0,male,9,not,White,did not ride,did not drive,2
15.0,male,9,not,White,never,did not drive,4
15.0,male,9,not,White,most of time,,<1
14.0,male,9,not,White,never,did not drive,2
15.0,male,9,not,White,never,did not drive,2
15.0,male,9,not,American Indian or Alaska Native,never,0,3
15.0,male,9,not,White,never,1-2,<1
15.0,male,9,not,White,never,did not drive,1
15.0,male,9,not,White,never,0,2
14.0,male,9,not,White,never,1-2,do not watch
14.0,female,9,not,,never,did not drive,2
14.0,female,9,not,,did not ride,did not drive,2
15.0,female,9,not,White,never,did not drive,<1
15.0,female,9,not,White,did not ride,0,2
15.0,female,9,not,White,sometimes,did not drive,1
15.0,female,9,not,Asian,never,did not drive,2
14.0,female,9,not,White,never,did not drive,3
15.0,female,9,not,White,never,1-2,1
15.0,female,9,not,White,never,0,2
18.0,male,11,not,White,rarely,did not drive,do not watch
16.0,male,11,not,White,never,0,2
16.0,male,10,not,White,did not ride,0,
17.0,male,11,not,White,never,0,do not watch
17.0,male,11,not,Black or African American,did not ride,0,3
16.0,male,11,not,White,never,30,do not watch
18.0,male,12,not,White,never,0,2
18.0,male,10,not,White,did not ride,did not drive,5+
17.0,male,11,not,White,never,20-29,2
17.0,male,11,not,White,did not ride,30,1
17.0,male,11,not,White,did not ride,,<1
16.0,male,11,not,White,never,0,<1
16.0,female,11,not,White,never,did not drive,do not watch
17.0,female,11,not,White,did not ride,0,2
17.0,female,11,not,White,never,30,<1
17.0,female,11,not,White,never,10-19,2
16.0,female,11,not,White,never,did not drive,4
17.0,female,11,not,White,did not ride,0,2
16.0,female,11,not,White,did not ride,did not drive,<1
17.0,female,11,not,White,did not ride,did not drive,3
17.0,female,11,not,White,never,0,<1
17.0,male,12,not,White,did not ride,30,3
16.0,male,11,not,White,never,0,<1
18.0,male,12,not,White,never,30,3
18.0,male,12,not,White,never,20-29,do not watch
18.0,male,12,not,White,did not ride,did not drive,<1
17.0,male,12,not,White,did not ride,0,3
18.0,male,12,not,White,never,did not drive,2
18.0,male,12,not,White,never,0,3
18.0,male,12,not,White,never,0,<1
18.0,male,12,not,White,did not ride,did not drive,<1
17.0,female,12,not,White,never,did not drive,3
18.0,female,12,not,White,never,30,2
17.0,female,12,not,White,did not ride,did not drive,<1
18.0,female,12,not,White,never,6-9,do not watch
18.0,female,12,not,White,rarely,0,1
,male,,,,did not ride,did not drive,do not watch
18.0,female,12,not,,never,did not drive,2
18.0,male,12,not,White,never,0,5+
17.0,male,12,not,White,did not ride,10-19,3
18.0,male,12,not,White,never,0,3
18.0,male,12,not,White,did not ride,10-19,do not watch
18.0,male,12,not,White,never,1-2,<1
18.0,male,12,not,White,never,3-5,3
17.0,male,12,not,White,never,10-19,1
18.0,male,12,not,White,never,did not drive,2
18.0,male,12,not,White,never,20-29,2
17.0,male,12,not,White,never,30,3
18.0,male,12,not,White,never,30,<1
18.0,male,12,not,White,never,1-2,1
17.0,male,12,not,White,never,0,2
18.0,male,11,not,White,never,3-5,2
16.0,male,10,hispanic,White,never,did not drive,1
17.0,male,11,not,White,never,did not drive,5+
17.0,male,11,not,White,did not ride,1-2,2
16.0,female,10,not,White,never,0,<1
16.0,female,11,not,White,rarely,did not drive,4
18.0,female,11,not,White,rarely,,do not watch
16.0,female,11,not,White,never,0,3
17.0,female,11,not,White,did not ride,did not drive,3
18.0,female,12,not,White,did not ride,20-29,<1
18.0,female,12,not,White,never,30,1
17.0,male,11,not,White,never,10-19,2
17.0,male,11,not,White,never,1-2,<1
17.0,male,11,not,White,never,0,1
17.0,male,11,not,White,never,30,4
17.0,male,11,not,White,most of time,0,1
17.0,male,11,not,White,did not ride,did not drive,4
17.0,male,11,not,White,never,10-19,do not watch
17.0,female,11,not,White,never,10-19,<1
17.0,female,11,not,White,never,1-2,2
17.0,female,11,not,White,did not ride,did not drive,1
17.0,female,11,not,White,never,0,2
17.0,female,11,not,White,never,1-2,1
17.0,female,11,not,White,never,6-9,1
15.0,male,10,not,White,did not ride,did not drive,3
16.0,male,10,not,White,did not ride,0,1
16.0,male,10,not,White,never,1-2,5+
16.0,male,10,not,White,did not ride,1-2,1
16.0,male,10,not,White,did not ride,did not drive,do not watch
16.0,male,10,not,White,did not ride,0,3
16.0,male,10,not,White,did not ride,0,4
17.0,female,10,not,White,did not ride,1-2,2
16.0,female,10,not,White,rarely,0,3
16.0,female,10,not,White,never,0,1
16.0,female,10,not,White,never,0,1
16.0,female,10,not,White,never,,3
17.0,male,11,not,White,never,6-9,2
15.0,male,10,not,White,did not ride,did not drive,do not watch
16.0,female,10,hispanic,White,never,0,do not watch
16.0,female,10,not,White,most of time,1-2,1
16.0,female,10,not,White,most of time,0,2
15.0,female,10,not,White,never,did not drive,<1
16.0,female,10,not,White,never,0,<1
17.0,male,10,not,White,never,0,<1
16.0,male,10,not,White,never,did not drive,5+
16.0,male,10,not,White,never,30,do not watch
16.0,male,10,not,White,did not ride,0,do not watch
17.0,male,10,not,White,never,0,<1
17.0,male,10,not,White,never,0,do not watch
16.0,male,10,not,White,always,0,<1
14.0,male,9,not,White,rarely,0,<1
15.0,male,9,not,White,never,did not drive,<1
14.0,male,9,not,White,never,0,3
15.0,male,9,not,White,never,1-2,5+
15.0,male,9,not,White,never,0,2
15.0,male,9,not,White,did not ride,did not drive,2
15.0,female,9,not,White,never,0,1
15.0,female,9,not,White,sometimes,did not drive,<1
15.0,female,9,not,White,never,0,2
15.0,female,9,not,White,did not ride,did not drive,1
15.0,female,9,not,White,never,did not drive,2
15.0,female,9,not,White,rarely,did not drive,5+
18.0,male,12,not,White,did not ride,0,3
18.0,male,12,not,White,did not ride,10-19,3
18.0,male,12,not,White,never,10-19,4
18.0,female,12,not,White,never,1-2,1
18.0,female,12,not,White,did not ride,1-2,2
16.0,male,10,not,,never,30,do not watch
16.0,male,10,not,White,never,did not drive,3
15.0,male,9,not,White,never,did not drive,<1
18.0,male,9,not,Native Hawaiian or Other Pacific Islander,always,did not drive,5+
16.0,male,9,not,American Indian or Alaska Native,did not ride,did not drive,do not watch
,male,,,,,,1
15.0,female,9,not,White,never,did not drive,1
15.0,female,9,not,White,did not ride,0,2
16.0,female,9,not,American Indian or Alaska Native,did not ride,0,3
15.0,female,9,not,White,did not ride,did not drive,<1
13.0,female,12,hispanic,,,,5+
14.0,female,9,not,White,never,did not drive,2
13.0,female,9,not,White,never,did not drive,2
15.0,female,9,not,White,did not ride,did not drive,4
14.0,female,9,not,White,never,did not drive,<1
14.0,female,9,not,White,never,,2
15.0,female,10,not,White,never,0,<1
17.0,female,10,not,White,never,0,3
15.0,male,9,hispanic,,rarely,did not drive,2
14.0,male,9,not,White,never,did not drive,
14.0,male,9,hispanic,White,never,did not drive,do not watch
15.0,male,9,not,White,never,did not drive,2
15.0,male,9,not,,did not ride,did not drive,5+
15.0,male,9,not,White,never,did not drive,1
15.0,male,9,not,White,never,did not drive,5+
17.0,male,12,not,White,never,30,2
17.0,female,12,not,White,did not ride,0,1
17.0,female,12,not,White,never,0,do not watch
17.0,female,12,not,White,never,30,2
18.0,female,12,not,White,never,0,do not watch
18.0,female,12,not,White,never,20-29,1
17.0,male,12,not,White,never,1-2,1
18.0,male,12,hispanic,,did not ride,6-9,<1
17.0,male,12,not,White,never,20-29,3
18.0,male,12,not,White,never,6-9,2
18.0,male,12,not,White,never,3-5,<1
18.0,male,12,not,White,always,1-2,<1
18.0,female,12,not,White,never,6-9,<1
17.0,male,12,not,White,did not ride,0,1
18.0,female,12,not,White,never,6-9,3
18.0,female,12,not,White,did not ride,10-19,1
17.0,male,12,not,White,never,6-9,3
,male,,,,never,0,<1
,female,,,,,0,4
17.0,male,11,not,,never,0,2
17.0,male,11,hispanic,White,never,10-19,1
17.0,male,11,not,White,did not ride,20-29,5+
17.0,male,11,not,White,never,30,4
17.0,male,11,not,White,did not ride,30,3
17.0,male,11,not,White,never,10-19,2
18.0,male,12,not,White,never,0,5+
17.0,male,11,not,White,never,10-19,<1
17.0,female,11,not,White,never,20-29,2
16.0,female,11,not,White,never,3-5,<1
17.0,female,11,not,White,rarely,0,3
16.0,female,11,not,White,did not ride,did not drive,1
16.0,female,11,not,White,never,6-9,4
17.0,female,11,not,White,did not ride,did not drive,1
17.0,female,11,not,White,rarely,30,<1
17.0,female,11,not,White,did not ride,0,3
17.0,female,11,not,White,did not ride,did not drive,<1
18.0,female,11,not,White,did not ride,did not drive,3
18.0,female,11,not,White,never,0,2
17.0,female,11,not,White,always,0,3
17.0,female,11,not,White,did not ride,1-2,<1
17.0,female,11,not,White,did not ride,did not drive,<1
15.0,female,10,not,White,never,0,5+
15.0,female,9,not,White,never,0,2
15.0,female,9,not,White,never,did not drive,3
15.0,female,9,not,White,did not ride,did not drive,1
14.0,female,9,not,White,never,0,2
14.0,female,9,not,White,never,did not drive,3
15.0,female,9,not,White,never,0,2
15.0,female,9,not,White,never,did not drive,2
14.0,female,9,not,White,never,did not drive,3
15.0,male,9,not,White,never,did not drive,5+
15.0,male,9,not,White,did not ride,did not drive,3
15.0,male,9,not,White,did not ride,did not drive,do not watch
15.0,male,9,not,White,did not ride,did not drive,2
15.0,male,9,not,White,never,0,1
17.0,male,10,not,White,never,1-2,<1
15.0,male,9,not,White,never,did not drive,2
17.0,male,12,not,White,never,,<1
18.0,male,12,not,White,did not ride,0,2
18.0,male,12,not,White,did not ride,,
18.0,male,12,not,White,never,30,1
17.0,female,12,not,White,never,20-29,2
18.0,female,12,not,White,never,1-2,3
18.0,female,12,not,White,never,3-5,2
18.0,female,12,not,White,never,3-5,<1
18.0,female,12,not,White,never,30,<1
18.0,female,12,not,White,did not ride,30,1
18.0,female,12,not,White,never,0,<1
18.0,female,12,not,White,never,30,<1
17.0,female,12,not,White,never,30,<1
17.0,female,12,not,White,did not ride,30,4
18.0,female,12,not,White,never,6-9,do not watch
18.0,female,12,not,White,never,3-5,2
17.0,female,12,not,White,never,1-2,1
17.0,female,12,not,White,did not ride,,2
17.0,female,11,not,White,never,did not drive,<1
16.0,female,11,not,White,never,0,2
17.0,female,11,not,White,never,1-2,do not watch
17.0,female,11,not,White,did not ride,30,<1
17.0,male,11,not,White,never,3-5,<1
15.0,male,9,not,White,did not ride,did not drive,2
16.0,male,9,not,White,did not ride,6-9,<1
15.0,male,9,not,White,never,0,3
16.0,male,9,not,White,did not ride,0,3
15.0,male,9,not,White,never,did not drive,5+
14.0,male,9,not,,did not ride,did not drive,1
15.0,male,9,not,White,never,0,2
16.0,male,9,not,White,never,did not drive,1
15.0,male,9,not,White,never,did not drive,2
14.0,male,9,not,White,rarely,0,2
15.0,male,9,not,White,never,did not drive,do not watch
16.0,male,9,not,White,never,0,2
15.0,male,9,not,White,never,1-2,3
14.0,female,9,not,White,did not ride,0,4
15.0,female,9,not,White,did not ride,1-2,2
15.0,female,9,not,White,never,,5+
15.0,female,9,not,White,did not ride,did not drive,3
15.0,female,9,not,White,never,0,5+
16.0,female,10,not,White,never,0,<1
16.0,female,10,not,White,never,0,2
15.0,female,9,not,White,rarely,did not drive,4
15.0,female,9,not,White,never,did not drive,3
15.0,female,9,not,White,never,did not drive,2
15.0,female,9,not,White,rarely,did not drive,do not watch
16.0,male,10,not,White,rarely,0,<1
15.0,male,10,not,White,,did not drive,4
16.0,male,10,not,White,never,1-2,2
16.0,male,10,not,White,did not ride,did not drive,3
15.0,male,10,not,White,never,0,2
17.0,male,10,not,White,never,,5+
16.0,male,10,not,White,never,0,2
16.0,male,10,not,White,never,0,3
16.0,male,10,not,White,did not ride,3-5,2
17.0,male,11,not,White,never,30,do not watch
16.0,male,10,not,White,never,10-19,2
17.0,male,10,not,White,never,did not drive,2
17.0,male,10,not,White,never,,2
17.0,male,10,not,White,never,0,
17.0,male,10,not,White,never,did not drive,5+
16.0,male,10,not,White,never,0,2
16.0,male,10,not,,did not ride,did not drive,2
17.0,female,10,not,White,did not ride,0,5+
16.0,female,10,not,White,never,0,2
16.0,female,10,not,White,never,3-5,2
16.0,female,10,not,White,never,did not drive,5+
16.0,female,10,not,White,never,0,<1
16.0,female,10,not,White,never,0,<1
15.0,female,10,not,White,did not ride,0,<1
18.0,female,12,not,White,never,10-19,<1
18.0,female,12,not,White,did not ride,0,2
18.0,male,12,not,White,did not ride,30,do not watch
17.0,male,12,not,,did not ride,3-5,3
18.0,male,12,not,White,did not ride,0,2
18.0,male,12,not,White,did not ride,10-19,do not watch
18.0,male,12,not,White,did not ride,0,2
17.0,female,12,not,White,never,,<1
18.0,female,12,not,White,never,6-9,2
18.0,female,12,not,White,rarely,0,5+
18.0,female,12,not,White,did not ride,30,1
18.0,male,12,not,White,never,10-19,2
18.0,female,12,not,White,did not ride,10-19,2
17.0,male,12,not,White,did not ride,1-2,2
18.0,male,12,not,White,did not ride,0,1
18.0,male,12,not,White,never,3-5,3
18.0,male,12,not,White,did not ride,3-5,2
18.0,male,12,not,White,did not ride,30,<1
18.0,male,12,hispanic,White,never,30,<1
18.0,male,12,not,White,did not ride,30,2
18.0,male,12,not,,did not ride,30,5+
18.0,male,12,not,White,never,20-29,do not watch
17.0,female,12,not,White,did not ride,,1
17.0,female,12,not,White,did not ride,0,2
16.0,male,9,not,White,did not ride,10-19,4
15.0,male,9,not,White,never,did not drive,<1
15.0,male,9,not,White,never,did not drive,5+
15.0,male,9,not,White,rarely,0,<1
14.0,male,9,not,White,never,did not drive,2
15.0,male,9,not,White,never,0,2
15.0,male,9,not,White,never,0,2
15.0,male,9,hispanic,Native Hawaiian or Other Pacific Islander,rarely,did not drive,5+
15.0,male,9,not,White,never,,5+
14.0,male,9,not,,did not ride,did not drive,1
15.0,male,9,not,White,never,did not drive,2
15.0,male,9,not,White,rarely,did not drive,3
15.0,male,9,not,White,did not ride,0,5+
14.0,male,9,not,White,rarely,0,<1
15.0,female,9,not,White,never,did not drive,<1
14.0,female,9,not,White,never,did not drive,1
15.0,female,9,not,White,never,did not drive,2
15.0,female,9,not,White,never,0,1
15.0,female,9,not,White,never,did not drive,<1
15.0,female,9,not,White,did not ride,did not drive,2
14.0,female,9,not,White,never,did not drive,4
15.0,female,9,not,White,did not ride,did not drive,2
,male,,,,never,0,<1
,female,,,,did not ride,3-5,<1
16.0,female,10,not,White,never,1-2,<1
16.0,female,10,not,White,never,10-19,2
15.0,female,10,not,White,never,0,do not watch
15.0,female,10,not,White,did not ride,did not drive,2
16.0,female,10,not,White,did not ride,0,3
16.0,female,10,not,White,did not ride,did not drive,5+
16.0,female,10,not,White,did not ride,1-2,2
17.0,female,10,not,White,did not ride,did not drive,<1
17.0,male,10,not,White,did not ride,0,1
16.0,male,10,not,White,never,did not drive,1
17.0,male,12,not,White,never,0,<1
16.0,male,10,not,White,did not ride,0,3
16.0,male,10,not,White,rarely,0,2
17.0,male,11,not,White,never,0,3
16.0,male,10,not,White,never,0,3
16.0,male,10,not,White,never,0,1
15.0,male,10,not,White,most of time,did not drive,<1
16.0,male,10,not,White,did not ride,0,2
15.0,male,10,not,White,always,did not drive,do not watch
17.0,female,11,not,White,rarely,did not drive,<1
18.0,female,11,not,White,did not ride,did not drive,1
17.0,male,11,not,White,never,20-29,2
16.0,male,11,not,White,always,1-2,2
16.0,male,11,not,White,did not ride,10-19,2
16.0,male,11,not,White,never,6-9,2
17.0,male,11,not,White,did not ride,0,2
16.0,male,11,not,White,did not ride,30,3
17.0,male,11,not,White,never,0,3
17.0,male,11,not,White,never,0,3
17.0,male,11,not,White,most of time,0,2
17.0,male,11,not,White,did not ride,20-29,2
17.0,male,11,not,White,never,did not drive,3
17.0,male,11,not,White,never,3-5,2
17.0,male,11,not,White,did not ride,20-29,2
16.0,female,11,not,White,never,1-2,1
17.0,female,11,not,White,never,20-29,1
16.0,female,11,not,White,never,30,1
16.0,female,10,hispanic,White,never,6-9,1
16.0,female,10,not,White,did not ride,3-5,<1
16.0,female,10,not,,always,0,2
16.0,female,10,not,White,rarely,0,1
15.0,female,10,not,White,did not ride,0,do not watch
16.0,female,10,not,White,did not ride,0,<1
16.0,female,10,not,White,never,1-2,4
16.0,female,10,not,,did not ride,did not drive,<1
16.0,female,10,not,White,did not ride,0,do not watch
15.0,female,10,not,White,always,did not drive,1
15.0,female,10,not,,did not ride,did not drive,5+
15.0,female,10,not,Black or African American,never,did not drive,3
16.0,male,10,not,White,never,1-2,2
16.0,male,10,not,White,most of time,0,2
16.0,male,10,not,,always,0,5+
16.0,male,10,not,Asian,never,0,do not watch
16.0,male,10,not,White,did not ride,0,2
16.0,male,10,not,White,never,did not drive,<1
16.0,male,10,not,Asian,never,did not drive,<1
16.0,male,10,not,White,never,0,do not watch
15.0,male,10,not,White,most of time,3-5,<1
16.0,male,10,not,White,rarely,0,<1
16.0,male,10,not,Black or African American,never,0,do not watch
15.0,male,10,not,Asian,did not ride,0,5+
16.0,male,10,not,White,did not ride,did not drive,do not watch
15.0,male,10,not,White,always,did not drive,1
18.0,female,12,not,White,did not ride,1-2,1
17.0,female,12,not,White,never,20-29,4
18.0,female,12,not,White,never,6-9,1
17.0,female,12,not,,never,1-2,1
18.0,female,12,not,White,did not ride,6-9,5+
17.0,female,12,not,White,did not ride,20-29,3
18.0,female,12,not,White,rarely,10-19,2
17.0,female,12,not,White,did not ride,6-9,<1
17.0,female,12,not,White,,1-2,do not watch
18.0,male,12,not,White,never,6-9,1
17.0,male,12,not,White,never,10-19,<1
17.0,male,12,not,White,never,3-5,1
17.0,male,12,hispanic,,did not ride,0,<1
18.0,male,12,not,White,never,30,<1
18.0,male,12,not,White,always,0,<1
17.0,male,12,not,White,did not ride,6-9,2
18.0,male,12,not,White,never,10-19,1
17.0,male,12,not,,never,0,1
18.0,male,12,not,White,never,,<1
18.0,male,12,not,Black or African American,did not ride,0,2
18.0,male,12,not,White,most of time,1-2,<1
18.0,male,12,hispanic,White,never,30,3
15.0,female,9,not,White,always,,<1
15.0,female,9,not,White,never,did not drive,<1
15.0,female,9,not,White,sometimes,did not drive,do not watch
14.0,female,9,not,White,never,did not drive,3
14.0,female,9,not,Black or African American,did not ride,did not drive,2
15.0,female,9,not,White,did not ride,0,do not watch
15.0,female,9,not,White,most of time,0,do not watch
15.0,female,9,not,White,most of time,10-19,<1
14.0,female,9,not,White,always,did not drive,do not watch
15.0,female,9,not,White,always,did not drive,do not watch
14.0,female,9,not,White,always,did not drive,3
14.0,female,9,not,White,never,did not drive,<1
15.0,female,9,not,White,rarely,did not drive,do not watch
15.0,male,9,not,White,most of time,did not drive,do not watch
15.0,male,9,not,White,most of time,1-2,2
15.0,male,9,not,White,did not ride,did not drive,do not watch
15.0,male,9,,White,never,0,1
15.0,male,9,not,White,always,3-5,4
15.0,male,9,hispanic,White,never,0,<1
15.0,male,9,not,White,never,0,1
15.0,male,9,not,White,never,0,2
14.0,male,9,not,Black or African American,never,0,<1
15.0,male,9,not,White,never,0,do not watch
16.0,female,11,not,White,did not ride,1-2,2
16.0,female,11,not,Asian,rarely,1-2,<1
16.0,female,11,not,White,did not ride,10-19,do not watch
18.0,female,11,hispanic,,did not ride,30,5+
16.0,female,11,not,White,never,1-2,2
17.0,female,12,not,White,did not ride,did not drive,3
17.0,female,11,not,White,did not ride,6-9,2
17.0,female,11,not,American Indian or Alaska Native,did not ride,30,2
17.0,male,11,not,,did not ride,0,3
17.0,male,11,not,White,never,,1
17.0,male,11,not,White,never,1-2,2
17.0,male,11,not,White,most of time,0,2
17.0,male,11,not,White,did not ride,did not drive,5+
17.0,male,11,not,White,sometimes,1-2,2
16.0,male,11,not,White,never,3-5,<1
16.0,male,11,not,White,never,0,1
16.0,male,11,not,White,never,3-5,1
17.0,male,11,not,White,did not ride,10-19,<1
16.0,male,11,not,Black or African American,did not ride,0,1
17.0,male,11,not,American Indian or Alaska Native,never,0,do not watch
17.0,male,11,not,White,never,0,1
17.0,male,11,hispanic,White,did not ride,30,3
17.0,male,11,not,White,always,1-2,2
18.0,male,11,hispanic,,never,10-19,<1
17.0,male,11,not,American Indian or Alaska Native,did not ride,30,1
16.0,female,10,not,White,always,3-5,1
16.0,female,11,not,White,did not ride,0,3
16.0,female,11,hispanic,American Indian or Alaska Native,rarely,6-9,3
17.0,female,11,not,White,sometimes,0,<1
17.0,female,11,not,White,most of time,0,5+
16.0,female,11,not,Black or African American,did not ride,did not drive,2
17.0,female,11,not,White,never,30,2
17.0,female,11,not,White,did not ride,20-29,<1
17.0,female,11,not,White,never,30,do not watch
17.0,female,11,not,White,did not ride,30,2
17.0,female,11,not,White,never,1-2,do not watch
17.0,female,12,not,White,rarely,,do not watch
16.0,female,11,not,White,did not ride,did not drive,do not watch
17.0,female,12,not,Asian,never,did not drive,1
17.0,female,11,not,White,did not ride,10-19,do not watch
17.0,male,11,not,White,sometimes,did not drive,2
17.0,male,11,not,White,rarely,10-19,3
16.0,male,11,hispanic,White,did not ride,0,2
17.0,male,11,hispanic,,did not ride,did not drive,4
17.0,male,11,not,White,did not ride,3-5,<1
17.0,male,11,not,White,never,10-19,2
16.0,male,11,not,White,never,0,2
17.0,male,11,not,White,never,did not drive,do not watch
17.0,male,11,not,White,never,20-29,<1
17.0,male,12,hispanic,,did not ride,30,<1
17.0,female,11,not,Asian,never,1-2,2
15.0,female,9,not,White,did not ride,,3
15.0,female,9,hispanic,American Indian or Alaska Native,did not ride,did not drive,3
15.0,female,9,not,White,sometimes,0,2
16.0,female,9,hispanic,,did not ride,,3
15.0,female,9,not,Black or African American,did not ride,,5+
15.0,female,9,not,White,most of time,0,<1
15.0,female,9,not,White,never,did not drive,4
15.0,male,9,hispanic,,never,0,<1
14.0,male,9,hispanic,,rarely,0,2
16.0,male,10,not,Asian,rarely,,4
14.0,male,9,not,Asian,did not ride,did not drive,1
15.0,male,9,not,White,always,did not drive,2
16.0,male,10,not,Asian,did not ride,did not drive,do not watch
14.0,male,9,not,Asian,never,0,2
18.0,male,12,not,Asian,did not ride,did not drive,do not watch
18.0,male,12,hispanic,White,did not ride,30,do not watch
17.0,male,11,not,Asian,did not ride,0,<1
15.0,male,9,hispanic,,never,3-5,3
14.0,male,9,not,Black or African American,did not ride,did not drive,2
18.0,female,12,not,White,did not ride,20-29,3
18.0,female,12,not,White,most of time,30,2
17.0,female,12,not,White,did not ride,3-5,do not watch
18.0,female,12,not,White,rarely,did not drive,3
18.0,female,12,not,White,never,0,do not watch
18.0,female,12,hispanic,White,did not ride,0,do not watch
17.0,female,12,not,White,rarely,0,3
17.0,female,12,hispanic,White,did not ride,10-19,3
18.0,female,12,hispanic,White,never,0,2
18.0,male,12,not,White,never,6-9,<1
17.0,male,12,not,White,most of time,0,1
17.0,male,12,not,White,never,10-19,2
18.0,male,12,not,White,did not ride,0,1
18.0,male,12,hispanic,,did not ride,0,<1
18.0,male,12,not,White,did not ride,,2
18.0,male,12,not,White,never,30,1
18.0,male,12,not,,most of time,1-2,2
18.0,male,12,not,White,always,0,<1
18.0,male,12,not,White,never,30,3
18.0,male,12,not,,did not ride,0,3
18.0,male,12,not,White,always,0,<1
18.0,male,12,hispanic,White,rarely,0,do not watch
18.0,male,12,not,White,always,20-29,1
18.0,male,12,not,White,did not ride,3-5,<1
18.0,male,12,not,White,never,10-19,3
18.0,male,12,not,White,did not ride,30,<1
17.0,male,12,not,White,did not ride,1-2,3
18.0,male,12,not,White,never,6-9,do not watch
18.0,male,12,not,White,never,3-5,do not watch
16.0,female,10,not,White,sometimes,1-2,do not watch
16.0,female,10,not,White,did not ride,0,2
15.0,female,10,not,,never,10-19,<1
16.0,female,10,not,White,did not ride,0,<1
16.0,female,10,not,,never,0,3
16.0,female,10,not,White,did not ride,did not drive,1
16.0,female,10,not,White,did not ride,0,2
16.0,female,10,not,White,always,0,<1
17.0,female,10,not,White,did not ride,did not drive,
16.0,female,10,not,Asian,never,1-2,1
16.0,female,10,not,White,always,1-2,<1
17.0,male,11,not,Black or African American,never,1-2,3
15.0,male,10,not,White,most of time,1-2,1
17.0,male,10,not,White,did not ride,did not drive,3
16.0,male,10,not,White,sometimes,3-5,1
16.0,male,10,not,White,rarely,0,2
16.0,male,10,not,White,never,20-29,2
16.0,male,10,not,White,sometimes,0,do not watch
16.0,male,10,not,White,most of time,1-2,2
16.0,male,10,hispanic,White,did not ride,1-2,3
16.0,male,10,not,White,always,did not drive,do not watch
16.0,male,10,hispanic,White,sometimes,did not drive,1
16.0,male,10,not,,rarely,20-29,1
16.0,male,10,not,White,never,0,2
15.0,male,10,not,White,did not ride,0,<1
17.0,female,11,not,White,never,10-19,1
17.0,female,11,not,,did not ride,,3
17.0,female,11,not,White,did not ride,did not drive,<1
16.0,female,11,not,White,rarely,6-9,1
16.0,female,11,not,White,never,1-2,<1
16.0,female,11,not,White,never,1-2,<1
16.0,female,11,not,White,never,6-9,2
17.0,female,11,not,White,sometimes,0,2
17.0,female,11,not,White,never,0,do not watch
16.0,female,11,not,White,did not ride,,4
16.0,female,11,not,White,never,0,1
17.0,female,11,not,White,did not ride,did not drive,<1
16.0,female,11,not,White,did not ride,0,<1
17.0,female,11,not,White,most of time,did not drive,2
16.0,male,11,not,White,never,1-2,5+
17.0,male,11,not,,never,did not drive,<1
17.0,male,11,not,White,never,0,3
17.0,male,11,not,White,did not ride,did not drive,3
17.0,male,11,not,White,never,10-19,do not watch
17.0,male,11,not,White,did not ride,20-29,1
17.0,male,11,not,White,did not ride,0,do not watch
18.0,male,11,not,White,did not ride,0,5+
16.0,male,11,not,White,never,1-2,2
17.0,male,11,not,White,did not ride,1-2,3
17.0,male,11,not,White,did not ride,0,2
17.0,male,11,not,White,never,10-19,1
,male,,,,,,3
17.0,male,11,hispanic,,never,0,<1
15.0,male,9,not,White,never,did not drive,3
15.0,male,9,not,White,did not ride,did not drive,do not watch
15.0,male,9,not,White,never,did not drive,<1
14.0,male,9,not,,never,,2
14.0,male,9,not,White,never,did not drive,<1
15.0,male,9,not,White,never,did not drive,5+
15.0,male,9,not,Black or African American,did not ride,did not drive,do not watch
15.0,male,9,not,White,never,0,
15.0,male,9,not,White,did not ride,did not drive,2
14.0,male,9,not,White,did not ride,did not drive,do not watch
15.0,male,9,not,,never,0,1
15.0,female,9,not,White,did not ride,did not drive,3
15.0,female,9,not,White,did not ride,0,1
15.0,female,9,not,White,did not ride,did not drive,1
14.0,female,9,not,White,never,did not drive,4
15.0,female,9,not,American Indian or Alaska Native,never,,<1
15.0,female,9,not,White,never,did not drive,1
15.0,female,9,hispanic,White,never,0,1
16.0,female,9,not,Black or African American,did not ride,did not drive,5+
15.0,female,9,not,White,never,did not drive,<1
15.0,female,9,not,Black or African American,did not ride,did not drive,5+
14.0,female,9,not,White,never,did not drive,<1
15.0,female,9,not,White,did not ride,did not drive,<1
15.0,female,9,not,White,did not ride,did not drive,2
18.0,female,12,not,White,did not ride,0,<1
17.0,female,12,not,White,did not ride,20-29,<1
17.0,female,12,not,White,never,did not drive,3
18.0,female,12,not,White,never,0,<1
18.0,female,12,not,White,never,30,3
17.0,female,12,not,White,never,30,<1
17.0,female,12,not,White,most of time,1-2,<1
17.0,female,12,not,Black or African American,did not ride,did not drive,<1
17.0,female,12,not,White,never,6-9,<1
17.0,female,12,not,White,never,30,4
18.0,female,12,not,White,did not ride,30,3
18.0,female,12,not,White,did not ride,1-2,5+
18.0,female,12,not,,did not ride,did not drive,do not watch
18.0,female,12,not,White,did not ride,0,do not watch
17.0,male,12,not,Black or African American,did not ride,20-29,2
18.0,male,12,not,White,did not ride,10-19,3
18.0,male,12,not,White,never,3-5,3
18.0,male,12,not,White,did not ride,0,<1
18.0,male,12,not,White,never,did not drive,1
17.0,male,12,not,Asian,did not ride,3-5,1
18.0,male,12,not,White,did not ride,3-5,<1
17.0,male,12,not,White,never,did not drive,do not watch
18.0,male,12,not,White,never,,3
17.0,male,12,not,White,always,0,3
18.0,male,12,not,White,never,1-2,2
15.0,female,10,not,White,did not ride,did not drive,4
15.0,female,10,not,White,did not ride,did not drive,4
15.0,female,10,not,White,never,did not drive,do not watch
15.0,female,10,not,White,never,did not drive,4
15.0,female,10,not,White,did not ride,did not drive,do not watch
16.0,female,10,not,White,never,did not drive,<1
16.0,female,10,not,White,did not ride,0,4
15.0,female,10,not,White,did not ride,did not drive,1
15.0,female,10,not,White,never,did not drive,1
16.0,male,10,not,White,did not ride,0,5+
16.0,male,10,not,White,did not ride,did not drive,do not watch
16.0,male,10,not,,never,did not drive,2
15.0,male,10,not,White,never,did not drive,1
16.0,male,10,not,,never,0,
15.0,male,10,not,White,never,did not drive,2
17.0,male,10,not,White,did not ride,6-9,3
15.0,male,10,not,White,did not ride,0,3
16.0,male,10,not,White,did not ride,0,do not watch
16.0,male,9,not,White,did not ride,did not drive,5+
16.0,male,10,not,,never,did not drive,<1
17.0,male,12,not,White,never,30,do not watch
17.0,male,12,not,White,never,0,1
18.0,male,12,not,White,did not ride,did not drive,do not watch
17.0,male,12,not,White,did not ride,3-5,2
18.0,male,12,not,White,never,1-2,3
17.0,male,12,not,,did not ride,0,do not watch
18.0,male,12,not,White,did not ride,,<1
17.0,male,12,not,White,never,0,do not watch
17.0,male,12,not,White,never,30,5+
18.0,male,12,not,White,did not ride,0,1
18.0,male,12,,White,never,0,2
17.0,male,12,not,White,always,30,<1
17.0,male,12,not,White,did not ride,30,1
17.0,female,12,not,White,never,30,3
17.0,female,12,not,White,did not ride,0,<1
18.0,female,12,not,White,did not ride,did not drive,do not watch
18.0,female,12,not,White,did not ride,30,2
17.0,female,12,not,White,never,1-2,4
18.0,female,12,not,White,never,1-2,1
17.0,female,12,not,White,did not ride,1-2,2
17.0,female,12,not,White,did not ride,6-9,1
17.0,female,12,not,White,never,0,do not watch
17.0,female,12,not,White,never,0,1
17.0,female,12,not,White,never,1-2,3
18.0,female,12,not,White,did not ride,0,3
16.0,male,10,hispanic,White,did not ride,0,2
16.0,male,10,not,White,never,did not drive,2
15.0,male,10,not,White,did not ride,did not drive,1
16.0,male,10,not,White,did not ride,did not drive,4
16.0,male,10,not,White,did not ride,0,3
16.0,male,10,not,White,did not ride,3-5,1
16.0,male,10,not,White,,did not drive,2
16.0,male,10,not,White,never,1-2,4
15.0,male,10,not,White,did not ride,did not drive,1
16.0,male,10,not,White,,0,5+
16.0,male,10,hispanic,Asian,did not ride,30,1
16.0,male,10,not,,never,did not drive,2
15.0,female,10,not,White,never,did not drive,1
15.0,female,10,not,White,sometimes,did not drive,3
15.0,female,10,not,White,did not ride,0,<1
15.0,female,10,not,White,never,did not drive,2
15.0,male,10,not,White,never,,1
15.0,male,10,not,White,rarely,did not drive,1
16.0,male,10,not,White,did not ride,0,1
16.0,male,10,not,White,never,,1
15.0,male,10,not,White,never,did not drive,2
15.0,male,10,not,White,never,did not drive,4
14.0,female,9,not,White,never,did not drive,3
15.0,female,9,not,White,never,did not drive,2
15.0,male,9,not,Black or African American,did not ride,0,2
15.0,male,9,not,White,never,did not drive,2
15.0,male,9,not,White,never,1-2,do not watch
14.0,male,9,not,White,never,did not drive,2
15.0,male,9,not,White,sometimes,did not drive,do not watch
15.0,male,9,not,White,never,did not drive,<1
14.0,female,9,not,White,did not ride,0,4
14.0,female,9,not,White,never,did not drive,5+
14.0,female,9,not,White,never,did not drive,3
15.0,female,9,not,White,never,0,<1
14.0,female,9,not,White,did not ride,did not drive,<1
14.0,female,9,not,White,did not ride,did not drive,2
15.0,female,9,not,White,never,0,2
14.0,female,9,not,White,never,0,2
15.0,female,9,not,White,did not ride,did not drive,<1
14.0,female,9,not,White,always,did not drive,<1
15.0,female,9,not,White,,did not drive,5+
15.0,female,9,not,White,never,did not drive,<1
16.0,female,9,not,White,never,did not drive,<1
18.0,male,11,not,White,did not ride,0,4
17.0,male,11,not,White,never,0,5+
17.0,male,11,not,White,rarely,0,1
17.0,male,11,not,White,did not ride,did not drive,3
16.0,male,11,not,White,never,0,<1
17.0,male,11,not,White,did not ride,0,2
16.0,male,11,not,White,never,0,3
17.0,male,11,not,White,never,20-29,5+
17.0,male,11,not,White,never,0,<1
17.0,female,11,not,White,never,0,4
16.0,female,11,not,White,did not ride,did not drive,2
16.0,female,11,not,White,did not ride,0,<1
17.0,female,11,not,White,did not ride,did not drive,do not watch
16.0,female,11,hispanic,,did not ride,did not drive,5+
16.0,female,11,not,White,never,6-9,<1
16.0,female,11,not,White,did not ride,did not drive,<1
16.0,female,11,not,White,did not ride,0,do not watch
17.0,female,11,not,White,did not ride,0,4
16.0,female,11,not,White,did not ride,0,3
17.0,female,11,not,White,did not ride,0,1
17.0,female,11,not,White,sometimes,0,1
18.0,male,12,not,White,never,0,<1
18.0,male,12,not,White,did not ride,3-5,do not watch
18.0,male,12,not,White,did not ride,1-2,1
18.0,male,12,not,White,never,30,2
17.0,male,12,not,White,never,30,3
17.0,male,12,hispanic,White,never,0,<1
17.0,male,12,not,White,never,0,4
18.0,male,12,not,American Indian or Alaska Native,did not ride,1-2,2
17.0,male,12,not,White,never,3-5,2
18.0,male,12,not,White,never,3-5,2
16.0,male,9,not,White,did not ride,0,3
18.0,female,12,not,White,never,0,3
17.0,female,12,not,White,never,0,3
18.0,female,12,not,White,rarely,0,2
18.0,female,12,not,White,did not ride,1-2,<1
17.0,female,12,not,White,never,3-5,1
17.0,female,12,not,White,,1-2,1
17.0,female,12,not,White,did not ride,30,3
18.0,female,12,not,White,never,30,1
17.0,female,12,not,White,never,0,do not watch
18.0,female,12,not,White,never,3-5,<1
18.0,male,11,not,White,never,0,2
17.0,male,11,not,White,never,0,5+
17.0,male,11,not,White,did not ride,1-2,2
17.0,male,11,not,White,,did not drive,do not watch
17.0,male,11,not,White,never,did not drive,4
17.0,male,11,not,White,did not ride,1-2,1
17.0,male,11,not,White,never,0,4
17.0,male,11,not,White,rarely,30,
16.0,male,11,not,White,never,0,1
17.0,male,11,not,White,,0,4
17.0,male,11,not,White,did not ride,,2
18.0,male,11,not,White,did not ride,30,1
17.0,male,11,not,White,did not ride,0,5+
18.0,male,11,not,White,never,0,do not watch
17.0,male,11,not,White,never,3-5,5+
16.0,male,11,not,White,never,did not drive,do not watch
17.0,female,11,not,White,did not ride,30,<1
16.0,female,11,not,White,did not ride,0,2
17.0,female,11,not,White,did not ride,,<1
16.0,female,11,not,White,did not ride,0,1
16.0,female,11,not,White,did not ride,0,3
16.0,female,11,not,White,did not ride,did not drive,4
16.0,male,10,not,White,never,0,<1
16.0,male,10,not,White,did not ride,,5+
16.0,male,10,not,White,never,0,2
16.0,male,10,not,White,never,0,5+
15.0,male,10,not,White,never,0,2
16.0,male,10,not,White,did not ride,0,3
16.0,male,10,not,White,did not ride,30,<1
16.0,male,10,not,White,never,0,do not watch
17.0,male,10,not,White,never,10-19,4
16.0,female,10,not,White,never,0,2
16.0,female,10,not,White,did not ride,0,2
16.0,female,10,not,White,did not ride,0,2
16.0,female,10,not,White,did not ride,did not drive,<1
15.0,female,10,not,White,never,did not drive,<1
15.0,female,10,not,White,did not ride,did not drive,<1
15.0,female,10,not,White,did not ride,did not drive,3
15.0,male,9,not,White,did not ride,did not drive,1
15.0,male,9,not,White,did not ride,0,do not watch
15.0,male,9,not,White,did not ride,did not drive,<1
15.0,male,9,not,White,did not ride,,1
14.0,male,9,not,White,did not ride,did not drive,2
15.0,female,9,not,White,did not ride,0,2
15.0,female,9,not,White,did not ride,0,2
14.0,female,9,not,American Indian or Alaska Native,did not ride,did not drive,2
15.0,female,9,not,White,never,0,do not watch
16.0,female,9,not,White,rarely,0,5+
15.0,female,9,not,White,never,did not drive,4
15.0,female,9,not,White,did not ride,0,do not watch
15.0,female,9,not,White,never,0,5+
15.0,female,9,not,White,did not ride,did not drive,2
16.0,female,9,not,White,sometimes,0,1
15.0,female,9,not,White,did not ride,did not drive,4
14.0,female,9,not,White,did not ride,did not drive,<1
16.0,male,11,not,,never,1-2,4
17.0,male,11,not,White,never,0,3
17.0,male,11,not,White,never,20-29,2
16.0,male,11,not,White,did not ride,10-19,2
16.0,male,11,not,White,never,0,2
17.0,male,11,not,White,never,0,1
18.0,male,11,not,White,did not ride,0,2
17.0,male,11,not,White,never,did not drive,1
16.0,male,11,not,White,did not ride,,4
17.0,male,11,not,White,did not ride,did not drive,2
17.0,male,11,not,Black or African American,never,did not drive,2
16.0,male,11,not,White,did not ride,did not drive,4
16.0,female,11,hispanic,White,never,0,do not watch
16.0,female,11,not,White,did not ride,30,<1
17.0,female,11,not,White,rarely,did not drive,3
16.0,female,11,not,White,did not ride,0,3
16.0,female,11,not,White,never,30,<1
17.0,female,11,not,White,did not ride,0,2
17.0,female,11,not,White,did not ride,3-5,do not watch
16.0,female,11,not,White,never,0,5+
16.0,female,11,not,White,never,did not drive,2
16.0,female,11,not,White,did not ride,30,<1
17.0,female,11,not,White,did not ride,10-19,3
15.0,female,9,not,White,always,0,5+
14.0,female,9,not,White,never,,2
14.0,female,9,not,White,never,did not drive,3
16.0,female,9,not,White,rarely,did not drive,5+
14.0,female,9,not,White,sometimes,did not drive,2
15.0,female,9,not,White,did not ride,did not drive,2
15.0,female,9,not,White,never,did not drive,2
15.0,female,9,not,White,never,0,<1
15.0,male,9,not,White,did not ride,did not drive,3
16.0,male,9,not,White,never,0,do not watch
14.0,male,9,not,White,never,did not drive,1
16.0,male,9,not,White,never,6-9,<1
15.0,male,9,not,White,never,did not drive,5+
14.0,male,9,not,White,never,3-5,3
16.0,male,9,not,White,never,0,do not watch
15.0,male,9,not,White,did not ride,0,2
14.0,male,9,not,White,never,6-9,5+
15.0,male,9,not,White,never,did not drive,2
14.0,male,9,not,White,never,0,1
14.0,male,9,not,White,did not ride,,2
15.0,male,9,not,White,never,did not drive,do not watch
15.0,male,9,not,White,never,30,<1
17.0,male,10,not,White,never,0,1
16.0,female,10,not,White,never,30,2
16.0,male,10,not,White,never,1-2,<1
15.0,male,10,not,White,never,0,1
16.0,male,10,not,White,did not ride,3-5,1
16.0,male,10,not,White,never,,1
17.0,male,11,not,White,did not ride,30,
17.0,male,10,not,White,never,0,3
16.0,female,10,not,White,most of time,0,do not watch
15.0,female,10,not,White,did not ride,6-9,2
15.0,female,10,not,White,did not ride,0,1
16.0,female,11,not,White,did not ride,0,2
16.0,female,10,not,White,did not ride,,5+
17.0,female,12,not,White,never,0,<1
17.0,female,9,hispanic,American Indian or Alaska Native,did not ride,did not drive,do not watch
18.0,female,12,not,White,never,did not drive,3
17.0,female,12,not,White,did not ride,0,3
17.0,female,12,not,White,never,30,5+
18.0,female,12,not,White,never,0,4
18.0,female,12,not,White,did not ride,20-29,<1
18.0,male,12,not,White,did not ride,0,do not watch
17.0,male,12,,White,did not ride,0,<1
18.0,male,12,not,White,never,30,<1
18.0,male,12,not,White,never,1-2,2
17.0,male,12,not,White,,10-19,1
17.0,male,12,hispanic,American Indian or Alaska Native,did not ride,did not drive,<1
16.0,female,11,not,White,never,6-9,2
16.0,male,11,not,White,did not ride,0,do not watch
18.0,male,12,not,White,did not ride,0,2
16.0,male,11,not,White,never,0,do not watch
17.0,male,11,not,White,never,0,3
16.0,male,11,not,White,never,0,4
12.0,male,11,not,,always,,5+
16.0,male,11,not,White,never,0,5+
16.0,male,11,not,White,never,0,1
17.0,male,11,not,White,did not ride,0,<1
17.0,male,11,not,White,never,6-9,2
16.0,male,11,not,White,never,0,1
17.0,male,11,not,White,never,,2
17.0,male,11,not,White,never,3-5,1
16.0,male,11,hispanic,White,never,0,3
18.0,female,11,,White,rarely,0,1
16.0,female,11,not,White,never,1-2,5+
16.0,female,11,not,American Indian or Alaska Native,did not ride,did not drive,2
16.0,female,11,not,White,did not ride,did not drive,do not watch
16.0,female,11,not,White,did not ride,did not drive,do not watch
17.0,female,11,,White,did not ride,did not drive,<1
17.0,female,11,not,White,did not ride,0,5+
16.0,female,11,not,White,never,did not drive,do not watch
18.0,female,11,hispanic,White,never,6-9,1
17.0,female,11,not,White,never,1-2,2
17.0,female,11,not,White,never,0,do not watch
18.0,male,12,not,White,never,20-29,do not watch
18.0,male,12,not,White,did not ride,0,4
18.0,male,12,not,White,never,30,1
18.0,male,12,not,White,did not ride,20-29,3
18.0,male,12,not,,never,did not drive,4
18.0,male,12,not,White,did not ride,30,<1
17.0,male,12,not,White,did not ride,0,4
18.0,male,12,not,White,never,30,4
18.0,male,12,not,White,did not ride,30,do not watch
18.0,male,12,not,White,did not ride,0,2
18.0,male,12,not,White,never,0,1
18.0,male,12,not,White,did not ride,0,<1
18.0,male,12,not,Black or African American,never,30,5+
18.0,male,12,hispanic,,did not ride,30,5+
18.0,female,12,not,White,never,did not drive,1
17.0,female,12,not,White,did not ride,20-29,2
17.0,female,12,not,White,never,0,<1
18.0,female,12,not,White,did not ride,1-2,do not watch
17.0,female,12,not,White,never,30,<1
17.0,female,12,not,White,did not ride,0,2
17.0,female,12,not,White,did not ride,10-19,3
18.0,female,12,not,White,never,0,3
18.0,female,12,not,White,did not ride,,3
18.0,female,12,not,White,did not ride,,1
18.0,female,12,not,White,never,0,2
17.0,female,12,not,White,never,did not drive,2
16.0,male,10,not,,never,0,1
16.0,male,10,not,White,did not ride,0,
16.0,male,10,not,White,never,0,4
15.0,male,10,hispanic,White,did not ride,did not drive,2
15.0,male,10,not,White,never,did not drive,3
14.0,male,9,not,White,did not ride,did not drive,do not watch
15.0,male,10,not,White,never,did not drive,2
14.0,male,9,not,White,did not ride,did not drive,<1
16.0,male,10,not,White,never,did not drive,do not watch
15.0,male,10,not,White,never,did not drive,2
16.0,male,10,not,White,never,0,<1
,female,,,,,0,<1
16.0,female,10,not,White,never,0,1
15.0,female,10,not,White,never,did not drive,2
16.0,female,10,not,White,did not ride,,<1
16.0,female,10,not,White,never,0,1
15.0,female,10,not,White,never,did not drive,4
15.0,female,10,hispanic,Black or African American,never,did not drive,3
16.0,female,10,not,White,did not ride,1-2,1
16.0,female,10,hispanic,White,did not ride,0,do not watch
16.0,female,10,not,White,never,0,1
16.0,female,10,not,White,never,0,3
16.0,female,10,not,White,did not ride,0,<1
15.0,female,10,not,White,never,did not drive,1
15.0,female,10,not,White,never,,2
16.0,female,10,not,White,never,0,1
14.0,female,9,not,White,never,did not drive,do not watch
16.0,female,10,not,White,did not ride,0,2
15.0,male,9,not,White,never,did not drive,1
15.0,male,9,not,White,never,did not drive,3
15.0,male,9,not,White,never,did not drive,2
15.0,male,9,not,White,never,0,<1
15.0,male,9,not,White,did not ride,did not drive,1
15.0,male,9,not,White,never,0,3
15.0,male,9,not,White,never,0,2
16.0,male,9,not,White,did not ride,0,<1
14.0,male,9,not,White,never,0,1
15.0,female,9,not,White,rarely,did not drive,1
15.0,female,9,not,White,rarely,did not drive,2
15.0,female,9,not,White,never,,<1
15.0,female,9,not,White,did not ride,0,3
14.0,female,9,not,White,never,did not drive,2
15.0,female,9,not,White,never,0,3
15.0,female,9,not,White,did not ride,did not drive,3
15.0,female,9,not,White,did not ride,did not drive,4
15.0,female,9,not,White,never,did not drive,3
14.0,female,9,not,White,rarely,,1
15.0,female,9,not,White,did not ride,did not drive,5+
15.0,female,9,not,White,never,,<1
15.0,female,9,not,White,did not ride,did not drive,4
14.0,female,9,not,White,rarely,did not drive,1
15.0,female,9,not,White,did not ride,did not drive,1
14.0,female,9,not,White,never,did not drive,2
14.0,female,9,not,White,never,did not drive,3
14.0,female,9,not,White,never,did not drive,<1
15.0,female,9,not,White,never,did not drive,4
15.0,female,9,not,,never,did not drive,3
18.0,female,12,not,White,did not ride,1-2,<1
17.0,female,12,not,White,never,1-2,3
18.0,female,12,not,White,did not ride,1-2,do not watch
18.0,female,12,not,White,did not ride,30,<1
17.0,female,12,not,White,did not ride,1-2,<1
18.0,female,12,not,White,never,1-2,1
17.0,female,12,not,White,did not ride,3-5,4
18.0,female,12,not,White,never,0,<1
18.0,female,12,not,White,did not ride,3-5,<1
17.0,male,12,not,White,did not ride,1-2,3
17.0,male,12,not,White,did not ride,,3
17.0,male,12,not,White,did not ride,20-29,<1
18.0,male,12,not,White,did not ride,3-5,<1
17.0,male,12,not,White,never,6-9,<1
17.0,male,12,not,White,did not ride,0,4
18.0,male,12,not,Native Hawaiian or Other Pacific Islander,did not ride,3-5,1
16.0,male,12,not,White,never,1-2,<1
17.0,male,12,not,White,never,0,do not watch
18.0,male,12,not,White,did not ride,0,1
18.0,male,12,not,White,never,1-2,2
18.0,male,12,not,White,never,30,<1
14.0,male,9,not,White,never,did not drive,<1
15.0,male,9,not,White,,0,do not watch
14.0,male,9,not,White,never,did not drive,5+
15.0,male,9,not,White,never,1-2,<1
15.0,male,9,not,White,never,0,2
16.0,male,9,not,White,did not ride,30,3
14.0,male,9,not,White,never,0,3
14.0,male,9,not,White,did not ride,0,2
14.0,male,9,not,White,never,did not drive,1
14.0,male,9,not,White,never,did not drive,3
15.0,male,9,not,White,never,0,1
15.0,male,9,not,White,never,did not drive,<1
15.0,male,9,not,White,never,did not drive,2
14.0,female,9,not,White,,did not drive,1
14.0,female,9,not,White,never,did not drive,do not watch
15.0,female,9,not,White,did not ride,did not drive,3
15.0,female,9,not,White,never,,<1
15.0,female,9,not,White,never,did not drive,5+
16.0,female,9,not,White,never,did not drive,4
15.0,female,9,not,White,never,0,5+
15.0,female,9,not,White,never,did not drive,2
15.0,female,9,not,White,never,did not drive,1
14.0,female,9,not,White,did not ride,did not drive,5+
15.0,female,9,not,White,never,did not drive,2
15.0,female,10,not,Native Hawaiian or Other Pacific Islander,never,0,<1
15.0,female,10,not,White,did not ride,0,<1
16.0,female,10,not,American Indian or Alaska Native,did not ride,did not drive,do not watch
15.0,female,10,not,White,did not ride,did not drive,2
16.0,female,10,not,White,did not ride,did not drive,do not watch
16.0,female,10,not,White,never,0,do not watch
16.0,female,10,not,White,never,0,do not watch
16.0,female,10,not,,did not ride,0,do not watch
15.0,female,10,not,White,never,did not drive,<1
17.0,female,10,not,White,did not ride,0,1
16.0,female,10,not,White,did not ride,0,2
15.0,female,10,not,White,never,0,do not watch
17.0,female,10,not,White,did not ride,0,2
15.0,female,10,not,White,always,did not drive,<1
15.0,female,10,not,White,did not ride,did not drive,do not watch
17.0,female,10,not,White,did not ride,0,1
16.0,male,10,not,White,did not ride,0,2
16.0,male,10,not,White,did not ride,10-19,3
16.0,male,10,not,White,never,did not drive,1
15.0,male,10,not,White,always,0,1
16.0,male,10,not,White,never,0,1
16.0,male,10,not,White,never,0,<1
16.0,male,10,not,White,did not ride,0,3
16.0,male,10,not,White,did not ride,1-2,2
15.0,male,10,not,White,never,0,1
17.0,male,10,not,White,did not ride,0,2
17.0,male,10,not,White,never,1-2,1
17.0,female,11,not,White,never,did not drive,2
17.0,female,11,not,White,did not ride,0,2
16.0,female,11,not,White,did not ride,did not drive,
16.0,female,11,not,White,did not ride,did not drive,5+
16.0,female,11,not,Black or African American,never,3-5,2
17.0,female,11,not,White,never,did not drive,2
16.0,male,11,not,White,did not ride,0,2
18.0,male,11,not,White,did not ride,6-9,<1
16.0,male,11,not,White,never,30,<1
17.0,male,11,not,White,did not ride,did not drive,3
17.0,male,11,not,,never,did not drive,1
17.0,male,11,not,White,never,0,4
18.0,male,11,not,White,never,3-5,2
17.0,male,11,not,White,rarely,0,3
18.0,male,11,not,White,did not ride,0,do not watch
17.0,male,11,hispanic,,never,1-2,2
17.0,male,11,not,White,most of time,0,<1
18.0,male,11,not,White,never,0,4
17.0,male,11,not,White,did not ride,0,5+
16.0,male,11,not,White,did not ride,did not drive,3
17.0,male,11,not,White,did not ride,0,2
17.0,male,11,not,White,did not ride,0,do not watch
15.0,male,9,not,Black or African American,did not ride,did not drive,
15.0,male,9,not,Black or African American,did not ride,0,do not watch
15.0,male,9,hispanic,,never,did not drive,<1
15.0,male,9,not,Black or African American,did not ride,did not drive,
14.0,male,9,hispanic,White,never,0,4
14.0,male,9,not,Black or African American,never,0,1
14.0,male,9,not,Black or African American,never,,
15.0,male,9,hispanic,,never,did not drive,1
15.0,male,9,not,,never,did not drive,3
14.0,male,9,,Native Hawaiian or Other Pacific Islander,never,did not drive,5+
15.0,male,10,not,Black or African American,did not ride,did not drive,do not watch
14.0,male,9,not,,never,did not drive,5+
15.0,male,9,hispanic,Black or African American,never,did not drive,<1
15.0,male,9,not,White,never,0,1
14.0,male,9,not,Black or African American,never,0,do not watch
14.0,male,9,hispanic,,never,did not drive,2
15.0,male,9,hispanic,,never,0,4
14.0,male,9,not,Black or African American,never,1-2,
14.0,male,9,not,,never,did not drive,5+
15.0,male,11,not,White,never,did not drive,5+
14.0,male,9,not,Black or African American,never,did not drive,4
14.0,male,9,not,Black or African American,most of time,1-2,
14.0,male,9,not,Black or African American,,did not drive,3
17.0,male,11,not,Black or African American,did not ride,6-9,do not watch
17.0,male,11,not,Black or African American,did not ride,did not drive,do not watch
16.0,male,10,not,Black or African American,did not ride,0,do not watch
15.0,male,10,not,Black or African American,did not ride,,do not watch
14.0,male,9,not,Black or African American,never,did not drive,2
15.0,male,9,not,Black or African American,did not ride,did not drive,4
15.0,male,10,not,Black or African American,rarely,did not drive,do not watch
16.0,male,9,not,Black or African American,did not ride,0,do not watch
15.0,male,9,not,Black or African American,did not ride,,5+
15.0,male,9,not,Black or African American,never,6-9,
16.0,male,10,not,Black or African American,most of time,0,3
14.0,male,9,not,Black or African American,sometimes,did not drive,1
17.0,male,12,not,,always,did not drive,do not watch
15.0,male,9,not,Asian,always,10-19,1
14.0,male,9,hispanic,Asian,never,20-29,5+
16.0,male,11,not,Black or African American,rarely,did not drive,1
15.0,male,9,not,,never,0,do not watch
18.0,male,9,hispanic,Black or African American,did not ride,3-5,4
14.0,male,9,not,Black or African American,never,did not drive,1
12.0,male,other,not,Native Hawaiian or Other Pacific Islander,did not ride,0,3
15.0,male,9,not,White,never,did not drive,1
17.0,female,12,not,,did not ride,0,<1
14.0,female,9,hispanic,White,never,did not drive,do not watch
18.0,female,12,hispanic,,never,0,<1
14.0,female,9,not,Black or African American,did not ride,did not drive,1
14.0,female,9,hispanic,,never,30,do not watch
15.0,female,9,not,White,never,did not drive,2
18.0,female,12,not,,did not ride,did not drive,do not watch
17.0,female,11,not,Black or African American,never,0,do not watch
17.0,female,12,not,Black or African American,never,did not drive,3
17.0,female,12,hispanic,White,did not ride,did not drive,1
15.0,female,9,not,,most of time,did not drive,do not watch
17.0,female,12,hispanic,,never,30,
17.0,female,12,not,Asian,never,0,do not watch
14.0,female,9,not,Asian,never,did not drive,2
15.0,female,9,not,Black or African American,never,0,
15.0,male,9,hispanic,Asian,never,did not drive,3
14.0,male,9,not,Black or African American,never,did not drive,2
15.0,male,10,not,Black or African American,never,0,3
16.0,male,11,not,Black or African American,did not ride,did not drive,2
18.0,male,12,not,Asian,did not ride,30,do not watch
18.0,male,12,not,Black or African American,did not ride,did not drive,5+
17.0,male,12,not,White,did not ride,0,4
16.0,male,11,not,Black or African American,never,did not drive,3
15.0,female,10,hispanic,Black or African American,did not ride,did not drive,do not watch
18.0,female,12,not,Asian,most of time,0,do not watch
17.0,female,12,not,,did not ride,did not drive,5+
16.0,female,11,hispanic,Black or African American,,did not drive,3
18.0,female,12,not,Black or African American,did not ride,30,2
16.0,female,11,not,Black or African American,did not ride,did not drive,do not watch
17.0,female,12,not,Black or African American,did not ride,,1
18.0,female,12,not,,,0,
17.0,female,11,not,Black or African American,did not ride,did not drive,5+
17.0,female,12,not,White,did not ride,did not drive,2
16.0,female,11,hispanic,White,did not ride,did not drive,<1
17.0,female,12,not,Black or African American,did not ride,did not drive,5+
17.0,female,12,not,Asian,never,did not drive,2
17.0,female,12,not,Asian,never,0,2
16.0,male,11,hispanic,,did not ride,0,
17.0,male,11,hispanic,Native Hawaiian or Other Pacific Islander,never,30,2
15.0,male,10,not,Black or African American,did not ride,0,1
16.0,male,10,not,White,,did not drive,do not watch
15.0,male,10,not,,never,0,5+
15.0,male,10,not,Black or African American,never,did not drive,1
18.0,male,12,not,Black or African American,did not ride,did not drive,5+
18.0,male,12,not,Black or African American,did not ride,0,5+
15.0,male,10,not,,never,0,3
17.0,male,11,not,White,never,0,3
17.0,male,11,not,Black or African American,never,did not drive,
17.0,male,11,hispanic,Black or African American,never,did not drive,3
16.0,male,11,hispanic,,never,0,3
17.0,male,12,not,Black or African American,did not ride,1-2,2
15.0,male,10,not,White,did not ride,did not drive,do not watch
15.0,male,10,not,Asian,did not ride,,do not watch
17.0,male,11,hispanic,,never,,4
16.0,male,10,hispanic,,never,did not drive,1
16.0,male,10,not,Black or African American,never,0,4
17.0,male,11,not,Black or African American,never,did not drive,4
16.0,male,11,not,Black or African American,did not ride,did not drive,5+
15.0,male,10,hispanic,White,never,did not drive,<1
16.0,male,11,,Black or African American,never,did not drive,5+
14.0,male,9,not,Asian,,did not drive,2
15.0,male,9,hispanic,Native Hawaiian or Other Pacific Islander,never,did not drive,2
16.0,male,10,hispanic,,did not ride,did not drive,2
16.0,male,10,hispanic,,did not ride,did not drive,3
16.0,female,10,,American Indian or Alaska Native,did not ride,did not drive,2
15.0,female,9,not,Black or African American,never,did not drive,<1
15.0,female,10,not,Black or African American,never,did not drive,1
14.0,female,9,not,Black or African American,never,did not drive,5+
15.0,female,9,not,Black or African American,never,did not drive,<1
15.0,female,9,not,Black or African American,sometimes,did not drive,2
14.0,female,9,not,Black or African American,did not ride,did not drive,4
15.0,female,9,hispanic,,did not ride,did not drive,2
15.0,female,10,hispanic,,did not ride,did not drive,5+
17.0,female,11,not,Black or African American,sometimes,,3
15.0,female,9,not,,never,0,
17.0,female,12,not,,did not ride,0,do not watch
15.0,female,10,not,Black or African American,did not ride,did not drive,5+
16.0,female,10,not,Black or African American,never,0,<1
17.0,female,12,hispanic,Black or African American,did not ride,did not drive,<1
15.0,female,10,not,Black or African American,did not ride,0,5+
17.0,female,11,not,Black or African American,did not ride,did not drive,1
16.0,female,11,hispanic,,did not ride,0,3
16.0,female,10,not,Black or African American,never,30,do not watch
16.0,male,10,not,Black or African American,did not ride,did not drive,2
16.0,male,10,not,Black or African American,never,did not drive,5+
17.0,male,11,,White,never,1-2,1
16.0,male,10,not,Black or African American,never,0,5+
16.0,male,11,not,Black or African American,,did not drive,4
16.0,male,11,not,Black or African American,did not ride,did not drive,5+
16.0,male,10,hispanic,,never,0,do not watch
16.0,male,10,hispanic,Black or African American,never,30,<1
17.0,male,10,not,White,never,0,1
15.0,male,10,not,Black or African American,did not ride,did not drive,3
17.0,male,12,not,Black or African American,never,0,3
16.0,male,10,not,Black or African American,never,did not drive,4
16.0,male,11,not,Asian,did not ride,did not drive,do not watch
15.0,male,9,not,Black or African American,did not ride,,2
15.0,male,9,not,Black or African American,never,did not drive,1
,male,,hispanic,,never,,
15.0,male,9,not,Black or African American,did not ride,did not drive,4
15.0,male,9,not,Asian,rarely,did not drive,do not watch
16.0,male,9,,Black or African American,sometimes,did not drive,
14.0,male,9,hispanic,,never,,4
15.0,male,9,not,White,always,0,<1
14.0,male,9,not,Black or African American,did not ride,did not drive,<1
15.0,male,9,not,,rarely,did not drive,do not watch
14.0,male,9,not,,never,did not drive,<1
15.0,male,9,not,Black or African American,did not ride,did not drive,<1
15.0,male,9,not,Black or African American,never,0,
14.0,male,9,not,,did not ride,6-9,4
16.0,male,9,not,White,never,,3
13.0,female,9,not,Black or African American,did not ride,did not drive,2
14.0,female,9,not,,never,0,4
14.0,female,9,not,,did not ride,0,2
14.0,female,9,not,Black or African American,did not ride,0,<1
14.0,female,9,hispanic,,never,0,do not watch
15.0,female,9,not,Black or African American,did not ride,did not drive,2
14.0,female,9,not,,never,did not drive,3
14.0,female,9,not,,did not ride,did not drive,2
14.0,female,9,not,Black or African American,never,did not drive,<1
15.0,female,9,not,Black or African American,never,did not drive,3
16.0,female,9,not,Black or African American,did not ride,0,1
14.0,female,9,not,Black or African American,did not ride,did not drive,3
,male,,,,never,0,
17.0,male,11,not,Black or African American,never,,
16.0,male,10,not,White,never,,1
17.0,male,12,hispanic,Black or African American,never,did not drive,
17.0,male,11,hispanic,,never,0,2
17.0,male,11,not,Black or African American,did not ride,,<1
17.0,male,12,not,,did not ride,0,
15.0,male,10,not,Black or African American,did not ride,,3
17.0,male,11,not,Black or African American,never,did not drive,4
17.0,male,10,hispanic,White,always,0,do not watch
16.0,male,11,not,Black or African American,never,0,5+
18.0,male,12,not,Black or African American,never,0,1
16.0,female,11,not,Black or African American,never,did not drive,5+
16.0,female,10,not,Black or African American,did not ride,did not drive,3
16.0,female,11,not,Black or African American,did not ride,did not drive,<1
16.0,female,11,not,Black or African American,never,did not drive,3
17.0,female,11,not,Black or African American,,did not drive,5+
17.0,female,11,not,Asian,did not ride,0,1
18.0,female,12,hispanic,White,never,0,3
16.0,female,11,hispanic,White,never,10-19,3
17.0,female,11,hispanic,,never,did not drive,5+
16.0,female,11,not,Black or African American,never,0,4
16.0,female,11,not,Black or African American,did not ride,0,5+
18.0,female,12,hispanic,,never,6-9,4
16.0,female,10,not,Black or African American,did not ride,did not drive,2
18.0,female,12,hispanic,,never,,4
17.0,female,11,not,Black or African American,did not ride,,3
18.0,female,12,not,Black or African American,never,did not drive,3
16.0,female,10,not,Black or African American,did not ride,,4
15.0,female,10,not,Black or African American,did not ride,did not drive,do not watch
15.0,female,10,not,Black or African American,never,did not drive,
16.0,female,10,not,Black or African American,never,0,1
15.0,female,10,not,Black or African American,never,0,3
15.0,female,10,hispanic,Black or African American,never,did not drive,<1
15.0,female,10,not,,did not ride,did not drive,1
15.0,female,10,not,Black or African American,never,did not drive,<1
15.0,female,10,not,Black or African American,never,0,1
15.0,female,10,not,Black or African American,did not ride,did not drive,2
15.0,female,10,not,Black or African American,did not ride,,<1
16.0,female,10,hispanic,Black or African American,never,0,5+
15.0,female,10,not,,never,0,2
15.0,female,10,not,Black or African American,did not ride,0,3
16.0,female,10,not,Black or African American,did not ride,0,do not watch
15.0,female,10,not,Black or African American,did not ride,0,<1
15.0,female,10,not,Black or African American,did not ride,did not drive,3
17.0,female,10,not,,did not ride,did not drive,<1
15.0,female,10,not,Black or African American,did not ride,did not drive,3
15.0,female,10,not,Black or African American,never,0,do not watch
15.0,female,10,not,,did not ride,did not drive,1
15.0,female,10,not,,did not ride,did not drive,3
15.0,female,10,not,Black or African American,never,did not drive,3
15.0,male,10,not,Black or African American,did not ride,did not drive,3
15.0,male,10,not,Black or African American,did not ride,did not drive,1
15.0,male,10,not,Black or African American,sometimes,0,4
15.0,male,10,not,Black or African American,most of time,did not drive,do not watch
16.0,male,10,not,Black or African American,always,0,5+
15.0,male,10,not,Black or African American,did not ride,did not drive,2
16.0,male,10,not,Black or African American,never,did not drive,3
15.0,male,10,not,Black or African American,did not ride,did not drive,<1
17.0,male,11,hispanic,Black or African American,never,0,5+
18.0,male,12,not,Black or African American,did not ride,30,2
15.0,male,10,not,Black or African American,did not ride,0,do not watch
18.0,male,12,not,Black or African American,never,6-9,4
16.0,male,11,not,Black or African American,did not ride,did not drive,2
15.0,male,10,not,Black or African American,rarely,did not drive,3
16.0,male,10,not,Black or African American,always,30,2
15.0,female,9,not,Black or African American,did not ride,did not drive,5+
15.0,female,10,not,,never,did not drive,2
15.0,female,10,not,,never,did not drive,3
16.0,female,10,not,Black or African American,did not ride,0,3
17.0,male,12,not,Black or African American,never,0,<1
15.0,male,10,not,,never,did not drive,5+
17.0,male,12,not,Black or African American,never,0,5+
17.0,female,11,not,Black or African American,did not ride,,1
16.0,female,11,not,Black or African American,rarely,0,4
15.0,female,10,not,Black or African American,did not ride,did not drive,1
15.0,female,10,not,Black or African American,did not ride,did not drive,5+
16.0,female,10,not,Black or African American,did not ride,did not drive,5+
18.0,female,12,hispanic,American Indian or Alaska Native,did not ride,did not drive,3
15.0,female,10,not,Black or African American,rarely,0,2
16.0,female,10,not,Black or African American,,10-19,3
16.0,female,11,not,Black or African American,did not ride,10-19,do not watch
15.0,female,10,not,Black or African American,never,did not drive,5+
15.0,female,10,not,Black or African American,never,did not drive,2
15.0,male,10,not,,never,did not drive,2
15.0,male,10,not,White,never,did not drive,1
15.0,male,9,not,,never,0,3
15.0,male,10,not,Black or African American,did not ride,did not drive,3
17.0,male,12,not,Black or African American,never,1-2,3
16.0,male,10,not,Black or African American,never,0,4
15.0,male,10,not,Black or African American,did not ride,did not drive,4
15.0,male,10,not,White,never,did not drive,5+
16.0,male,10,not,White,rarely,did not drive,do not watch
18.0,male,12,not,Black or African American,never,3-5,3
15.0,male,10,not,,did not ride,did not drive,2
15.0,male,10,not,Black or African American,never,did not drive,3
16.0,female,11,not,Black or African American,did not ride,1-2,3
15.0,female,10,not,Black or African American,did not ride,did not drive,5+
16.0,female,10,not,Black or African American,did not ride,did not drive,5+
15.0,female,10,not,Black or African American,did not ride,did not drive,<1
17.0,female,12,not,Black or African American,did not ride,did not drive,2
15.0,female,9,not,Black or African American,never,did not drive,<1
15.0,female,10,not,Black or African American,never,did not drive,3
16.0,female,10,hispanic,Black or African American,never,0,1
15.0,female,10,not,Black or African American,did not ride,did not drive,2
15.0,female,10,not,Black or African American,never,did not drive,2
15.0,female,10,not,Black or African American,never,did not drive,5+
17.0,female,12,hispanic,,never,0,do not watch
15.0,male,10,not,,never,did not drive,3
17.0,male,12,not,Black or African American,never,1-2,3
16.0,male,11,not,Black or African American,never,did not drive,2
17.0,male,12,not,Black or African American,never,0,3
17.0,male,12,not,Black or African American,,did not drive,5+
17.0,male,12,not,Black or African American,never,30,<1
18.0,male,12,not,Black or African American,never,0,3
17.0,male,12,not,Black or African American,did not ride,0,1
15.0,male,10,not,Black or African American,never,did not drive,3
16.0,male,10,not,,never,did not drive,5+
17.0,male,12,not,Black or African American,did not ride,did not drive,<1
17.0,male,12,,Black or African American,did not ride,3-5,
16.0,male,10,not,Black or African American,did not ride,did not drive,5+
16.0,female,11,not,Black or African American,most of time,0,2
16.0,female,11,not,,never,did not drive,2
15.0,female,10,not,Black or African American,did not ride,did not drive,<1
15.0,female,10,not,Black or African American,never,did not drive,2
16.0,female,11,not,,never,0,5+
16.0,female,11,not,Black or African American,did not ride,did not drive,2
16.0,female,11,hispanic,Black or African American,did not ride,0,3
16.0,female,11,not,Black or African American,never,0,5+
17.0,female,12,not,Black or African American,did not ride,1-2,4
16.0,female,11,not,Black or African American,did not ride,did not drive,5+
16.0,female,10,not,Black or African American,did not ride,0,5+
16.0,female,11,hispanic,,did not ride,30,5+
15.0,female,10,not,,rarely,0,do not watch
16.0,male,10,,Black or African American,never,0,
17.0,male,11,not,Black or African American,never,0,2
17.0,male,11,not,Black or African American,never,0,do not watch
17.0,male,12,not,Black or African American,never,did not drive,<1
17.0,male,12,not,Black or African American,never,0,
17.0,male,11,not,White,never,0,
17.0,male,12,not,Black or African American,never,0,4
17.0,male,12,not,Black or African American,always,did not drive,<1
15.0,male,10,not,Black or African American,never,did not drive,2
18.0,male,12,not,Black or African American,never,0,<1
17.0,male,12,not,Black or African American,did not ride,did not drive,3
16.0,male,11,not,,did not ride,0,<1
15.0,male,9,not,Black or African American,never,0,4
14.0,male,9,not,Black or African American,rarely,0,5+
14.0,male,9,not,Black or African American,did not ride,,<1
14.0,male,9,not,Black or African American,never,1-2,2
15.0,male,9,not,,never,0,
16.0,male,10,not,Black or African American,never,,5+
15.0,male,10,not,Black or African American,did not ride,0,2
,male,,,,never,did not drive,2
14.0,male,9,not,Black or African American,always,0,4
15.0,male,9,not,Black or African American,did not ride,did not drive,do not watch
14.0,male,9,not,Black or African American,never,,5+
15.0,male,9,not,Black or African American,did not ride,did not drive,2
14.0,male,9,not,Black or African American,never,did not drive,<1
15.0,female,9,not,Black or African American,rarely,0,5+
15.0,female,9,not,Black or African American,never,,do not watch
16.0,female,9,not,Black or African American,never,0,5+
14.0,female,9,hispanic,White,rarely,0,5+
16.0,female,10,not,American Indian or Alaska Native,never,0,3
15.0,female,9,not,,never,30,4
14.0,female,9,not,,never,did not drive,<1
15.0,female,9,not,Black or African American,sometimes,3-5,1
14.0,female,9,not,Black or African American,did not ride,did not drive,<1
14.0,female,9,not,Black or African American,did not ride,,5+
15.0,female,9,not,Black or African American,never,0,2
14.0,female,9,not,Black or African American,never,did not drive,2
14.0,female,9,not,Black or African American,never,did not drive,2
16.0,female,11,not,Black or African American,did not ride,did not drive,<1
14.0,female,9,not,Black or African American,did not ride,did not drive,4
17.0,female,11,not,Black or African American,did not ride,0,<1
15.0,female,9,not,Black or African American,never,,2
14.0,female,9,not,Black or African American,never,did not drive,3
14.0,female,9,not,Black or African American,never,did not drive,3
15.0,female,9,not,Black or African American,never,did not drive,2
14.0,female,9,not,Black or African American,never,did not drive,5+
14.0,female,9,not,Black or African American,,did not drive,
16.0,female,10,not,Black or African American,,did not drive,<1
15.0,female,9,,,did not ride,did not drive,1
15.0,female,9,not,Black or African American,did not ride,did not drive,do not watch
14.0,female,9,not,Black or African American,never,did not drive,3
15.0,male,9,not,Black or African American,did not ride,did not drive,do not watch
15.0,male,9,not,Native Hawaiian or Other Pacific Islander,,0,
16.0,male,11,not,Black or African American,never,3-5,
14.0,male,9,not,Black or African American,sometimes,0,2
14.0,male,9,not,Black or African American,did not ride,did not drive,5+
15.0,male,9,not,Black or African American,never,0,5+
15.0,male,9,not,Black or African American,did not ride,0,5+
18.0,male,12,not,Black or African American,did not ride,1-2,3
14.0,male,9,not,Black or African American,did not ride,did not drive,5+
14.0,male,9,not,,did not ride,did not drive,<1
15.0,male,9,not,Black or African American,never,0,3
14.0,male,9,not,Black or African American,never,did not drive,2
14.0,male,9,not,Black or African American,did not ride,did not drive,5+
17.0,male,12,not,Black or African American,did not ride,did not drive,
15.0,male,9,not,Black or African American,sometimes,did not drive,3
17.0,female,11,not,Black or African American,did not ride,0,5+
16.0,female,11,not,Black or African American,never,0,3
17.0,female,11,not,Black or African American,did not ride,0,5+
17.0,female,11,not,Black or African American,did not ride,30,2
16.0,female,11,not,Black or African American,did not ride,0,5+
17.0,female,12,not,Black or African American,never,0,5+
16.0,male,11,not,Black or African American,did not ride,0,4
17.0,male,11,not,Black or African American,never,0,5+
16.0,male,11,not,Black or African American,,,1
17.0,male,11,not,Black or African American,never,1-2,5+
17.0,male,11,not,Black or African American,did not ride,did not drive,<1
16.0,male,11,not,Black or African American,never,0,do not watch
16.0,male,11,not,Black or African American,never,did not drive,5+
16.0,male,11,not,,rarely,0,2
16.0,male,11,not,Black or African American,did not ride,0,do not watch
16.0,male,11,not,Black or African American,never,0,3
15.0,female,10,not,Black or African American,did not ride,did not drive,2
15.0,female,10,not,Black or African American,did not ride,did not drive,<1
15.0,female,10,not,Black or African American,did not ride,0,3
17.0,female,10,not,Black or African American,did not ride,did not drive,4
16.0,female,10,not,Black or African American,did not ride,0,3
16.0,female,10,not,Black or African American,did not ride,,<1
15.0,female,10,not,Black or African American,never,0,2
15.0,female,10,not,Black or African American,did not ride,did not drive,4
16.0,female,10,not,Black or African American,did not ride,did not drive,1
15.0,female,10,not,Black or African American,did not ride,did not drive,1
15.0,female,10,not,Black or African American,did not ride,0,<1
16.0,female,10,not,Black or African American,never,did not drive,5+
16.0,female,10,not,Black or African American,did not ride,did not drive,5+
16.0,male,10,not,,did not ride,did not drive,do not watch
16.0,male,10,,Black or African American,did not ride,,4
16.0,male,10,not,Black or African American,never,did not drive,3
16.0,male,10,not,Black or African American,never,0,1
16.0,male,10,hispanic,White,never,did not drive,2
15.0,male,10,not,Black or African American,never,0,5+
16.0,male,10,not,Black or African American,never,did not drive,1
15.0,male,9,not,Black or African American,never,did not drive,2
15.0,male,10,not,Black or African American,never,30,1
16.0,male,10,not,Black or African American,never,0,3
16.0,male,10,not,Black or African American,never,did not drive,5+
17.0,female,12,not,Black or African American,did not ride,0,5+
17.0,female,12,hispanic,Black or African American,did not ride,,
17.0,female,12,not,American Indian or Alaska Native,,0,<1
18.0,female,12,not,Black or African American,did not ride,did not drive,3
18.0,female,12,not,Black or African American,did not ride,0,5+
17.0,female,12,not,,never,did not drive,5+
17.0,female,12,not,Black or African American,rarely,,3
18.0,female,12,not,Black or African American,sometimes,did not drive,2
17.0,female,12,not,Black or African American,never,0,1
18.0,female,12,not,Black or African American,did not ride,0,4
17.0,female,12,not,Black or African American,did not ride,1-2,5+
17.0,female,12,not,Black or African American,did not ride,did not drive,3
17.0,male,12,not,Black or African American,rarely,1-2,3
17.0,male,12,not,Black or African American,never,0,2
18.0,male,12,not,,never,1-2,<1
18.0,male,12,not,Black or African American,never,,do not watch
18.0,male,12,not,Black or African American,never,0,3
17.0,male,12,not,Black or African American,did not ride,0,2
18.0,male,12,not,Black or African American,did not ride,,3
15.0,female,9,not,Black or African American,never,did not drive,do not watch
15.0,female,9,not,Black or African American,did not ride,did not drive,5+
16.0,female,9,not,Black or African American,did not ride,0,1
16.0,female,9,not,,never,30,do not watch
15.0,female,9,not,Black or African American,did not ride,0,2
14.0,female,9,not,Black or African American,did not ride,,5+
14.0,female,9,not,Black or African American,did not ride,0,do not watch
16.0,female,9,not,Black or African American,did not ride,did not drive,4
14.0,female,9,hispanic,Native Hawaiian or Other Pacific Islander,did not ride,did not drive,3
15.0,female,9,not,Black or African American,did not ride,did not drive,<1
17.0,female,11,hispanic,Black or African American,did not ride,did not drive,5+
15.0,male,9,not,Black or African American,most of time,did not drive,5+
15.0,male,9,not,Black or African American,always,did not drive,5+
14.0,male,9,not,Black or African American,did not ride,30,5+
14.0,male,9,not,Black or African American,never,did not drive,3
15.0,male,9,not,Black or African American,never,,5+
15.0,male,9,not,Black or African American,never,0,3
14.0,male,9,not,Black or African American,never,did not drive,<1
15.0,male,9,not,Black or African American,did not ride,did not drive,3
16.0,male,9,not,Black or African American,never,0,5+
15.0,male,9,not,Black or African American,never,did not drive,1
15.0,male,9,not,Black or African American,never,did not drive,3
14.0,male,9,not,Black or African American,rarely,,1
15.0,male,9,not,Black or African American,never,did not drive,2
17.0,female,12,not,Black or African American,did not ride,did not drive,4
18.0,female,12,not,Black or African American,did not ride,did not drive,4
17.0,female,12,not,Black or African American,never,did not drive,
17.0,female,12,not,Black or African American,did not ride,did not drive,5+
17.0,female,12,not,Black or African American,sometimes,0,2
18.0,female,12,not,Black or African American,never,,4
18.0,female,12,not,Black or African American,never,1-2,5+
17.0,female,12,hispanic,,never,,3
18.0,female,12,not,,never,0,<1
18.0,female,12,not,Black or African American,never,30,5+
18.0,female,12,not,Black or African American,did not ride,did not drive,5+
17.0,female,12,not,Black or African American,always,0,4
18.0,male,12,not,Black or African American,did not ride,did not drive,1
18.0,male,12,not,Black or African American,rarely,,5+
18.0,male,12,not,Black or African American,did not ride,30,<1
17.0,male,12,not,Black or African American,did not ride,did not drive,5+
18.0,male,12,not,Black or African American,never,0,4
18.0,male,12,not,Black or African American,never,did not drive,5+
18.0,male,12,not,Black or African American,did not ride,did not drive,5+
18.0,male,12,not,Black or African American,did not ride,0,3
18.0,male,12,not,Black or African American,rarely,1-2,2
17.0,male,12,hispanic,,never,0,3
15.0,female,9,not,Black or African American,did not ride,0,3
14.0,female,9,not,Black or African American,never,did not drive,3
14.0,female,9,not,Black or African American,never,,4
14.0,female,9,not,Black or African American,did not ride,,4
14.0,female,9,not,,never,did not drive,do not watch
16.0,female,10,not,,did not ride,did not drive,<1
14.0,female,9,not,Black or African American,never,0,<1
14.0,female,9,not,Black or African American,never,did not drive,do not watch
14.0,female,9,not,Black or African American,never,0,<1
15.0,male,9,not,Black or African American,did not ride,0,4
15.0,male,9,not,Black or African American,never,did not drive,3
15.0,male,9,hispanic,Black or African American,never,did not drive,5+
15.0,male,9,not,Black or African American,never,did not drive,<1
16.0,male,9,hispanic,,did not ride,did not drive,3
16.0,male,9,not,,did not ride,did not drive,2
14.0,male,9,not,Black or African American,never,did not drive,3
16.0,male,9,not,Black or African American,never,10-19,5+
16.0,male,10,not,Black or African American,never,0,3
15.0,male,10,not,Black or African American,never,0,2
14.0,male,9,not,Black or African American,did not ride,did not drive,2
15.0,male,9,not,Black or African American,did not ride,did not drive,2
15.0,male,9,not,Asian,did not ride,0,4
15.0,male,9,,Black or African American,never,did not drive,<1
14.0,male,9,not,Black or African American,never,did not drive,5+
16.0,male,9,not,Black or African American,never,1-2,1
16.0,male,9,not,Black or African American,never,0,3
17.0,male,11,not,Black or African American,never,0,1
17.0,male,11,not,Black or African American,never,1-2,5+
16.0,male,11,not,Black or African American,never,,2
16.0,male,11,hispanic,,never,1-2,<1
18.0,male,11,not,Black or African American,did not ride,0,
17.0,male,11,not,Black or African American,rarely,did not drive,5+
16.0,male,11,,Black or African American,never,,4
16.0,female,11,not,Black or African American,did not ride,0,3
17.0,female,11,not,Black or African American,never,did not drive,do not watch
17.0,female,11,not,Black or African American,never,0,4
16.0,female,11,not,Black or African American,never,0,2
17.0,female,11,not,Black or African American,did not ride,did not drive,5+
18.0,male,11,not,Black or African American,never,1-2,4
17.0,male,11,not,Black or African American,did not ride,did not drive,5+
17.0,female,11,not,Black or African American,never,10-19,5+
17.0,female,11,hispanic,Black or African American,never,0,4
16.0,female,11,not,Black or African American,never,0,5+
16.0,female,11,not,Black or African American,,0,3
17.0,female,11,not,White,did not ride,0,2
16.0,female,11,not,Black or African American,rarely,0,<1
16.0,female,11,not,Black or African American,did not ride,did not drive,5+
16.0,female,,not,Black or African American,never,0,3
15.0,male,10,not,Black or African American,never,did not drive,2
16.0,male,11,not,Black or African American,never,0,3
17.0,male,11,not,Black or African American,never,0,5+
17.0,male,11,not,Black or African American,never,did not drive,2
16.0,male,10,not,Black or African American,never,did not drive,3
17.0,male,11,not,Black or African American,never,0,4
17.0,male,11,not,Black or African American,,0,3
17.0,male,11,,Black or African American,never,did not drive,2
17.0,male,11,not,Black or African American,did not ride,30,4
17.0,male,11,not,Black or African American,did not ride,0,5+
,female,,,,,did not drive,3
16.0,female,10,not,Black or African American,did not ride,did not drive,do not watch
16.0,female,10,not,Black or African American,never,,3
16.0,female,10,not,Black or African American,did not ride,did not drive,5+
15.0,female,10,not,White,did not ride,did not drive,<1
16.0,female,10,not,Black or African American,never,did not drive,
16.0,female,10,not,Black or African American,never,30,5+
16.0,female,10,not,Black or African American,did not ride,0,2
17.0,female,10,not,Black or African American,never,,2
15.0,male,10,not,Black or African American,did not ride,0,3
18.0,male,10,not,Black or African American,never,did not drive,<1
17.0,male,10,,American Indian or Alaska Native,never,,4
15.0,male,10,not,,did not ride,did not drive,5+
16.0,male,10,not,Black or African American,never,0,5+
15.0,male,10,not,Black or African American,did not ride,did not drive,5+
17.0,male,10,not,Black or African American,never,,do not watch
16.0,male,10,not,Black or African American,did not ride,10-19,5+
16.0,male,10,not,Black or African American,did not ride,did not drive,1
16.0,male,10,not,Black or African American,sometimes,did not drive,3
17.0,male,11,not,Black or African American,never,did not drive,4
17.0,male,other,not,White,never,did not drive,do not watch
17.0,male,11,not,Black or African American,never,did not drive,2
17.0,male,11,not,White,never,1-2,<1
17.0,female,11,hispanic,,never,0,do not watch
17.0,female,11,not,White,sometimes,0,2
16.0,male,10,not,,never,1-2,<1
15.0,male,10,not,White,always,0,1
15.0,male,10,not,White,always,0,4
15.0,male,10,not,,did not ride,did not drive,3
15.0,male,10,not,White,never,did not drive,do not watch
16.0,male,10,not,American Indian or Alaska Native,sometimes,1-2,<1
16.0,male,10,not,White,never,did not drive,1
16.0,female,10,not,White,never,0,3
16.0,female,10,not,White,did not ride,0,2
15.0,female,10,not,White,never,0,3
15.0,female,10,not,White,never,0,do not watch
15.0,female,10,not,,never,did not drive,2
15.0,female,10,not,Asian,sometimes,did not drive,2
15.0,female,10,not,White,never,0,do not watch
16.0,female,10,not,White,rarely,0,do not watch
16.0,female,10,not,White,never,30,2
16.0,female,10,not,White,never,10-19,1
15.0,female,10,not,White,did not ride,0,1
16.0,female,10,not,White,sometimes,0,5+
15.0,female,10,not,White,never,0,2
18.0,female,12,not,White,did not ride,did not drive,<1
17.0,female,12,not,White,never,20-29,1
18.0,female,12,not,White,did not ride,20-29,4
17.0,female,12,not,Asian,did not ride,1-2,<1
18.0,female,12,not,White,never,30,3
17.0,female,12,not,White,never,,3
17.0,female,12,not,White,never,0,5+
18.0,male,12,not,White,never,0,1
18.0,male,12,not,White,did not ride,0,3
18.0,male,12,not,White,never,6-9,<1
18.0,male,12,not,White,did not ride,did not drive,do not watch
17.0,male,12,not,White,did not ride,6-9,do not watch
17.0,male,12,not,White,never,did not drive,do not watch
17.0,male,12,not,White,never,0,1
15.0,female,9,not,White,never,0,do not watch
14.0,female,9,not,White,never,0,2
15.0,female,9,not,White,never,1-2,4
14.0,female,9,not,Black or African American,never,0,3
14.0,male,9,not,White,never,0,4
14.0,male,9,not,White,never,did not drive,3
15.0,male,9,not,White,never,,3
14.0,male,9,not,White,never,0,<1
15.0,male,9,hispanic,,never,0,1
18.0,female,12,not,,,did not drive,5+
17.0,female,12,not,White,never,0,3
17.0,female,12,not,White,never,,3
17.0,female,12,not,Black or African American,did not ride,did not drive,3
18.0,female,12,not,Black or African American,did not ride,0,<1
18.0,female,12,not,Black or African American,,did not drive,1
18.0,female,12,not,Black or African American,did not ride,0,5+
17.0,female,12,not,,did not ride,3-5,2
17.0,female,11,not,Black or African American,never,6-9,<1
17.0,female,12,not,Black or African American,never,did not drive,5+
17.0,female,12,not,Black or African American,never,0,5+
16.0,female,11,not,Black or African American,never,0,3
18.0,female,12,hispanic,,never,0,3
16.0,female,11,not,Black or African American,never,0,1
18.0,male,12,not,Black or African American,never,0,4
17.0,male,12,not,Black or African American,never,did not drive,2
18.0,male,12,not,White,never,0,<1
17.0,male,12,not,Black or African American,did not ride,0,2
18.0,male,12,not,White,never,did not drive,do not watch
18.0,male,12,not,White,never,0,do not watch
18.0,male,12,not,Black or African American,did not ride,0,2
17.0,male,12,not,Black or African American,never,did not drive,<1
18.0,male,11,not,White,never,0,do not watch
18.0,male,12,not,Black or African American,never,30,5+
17.0,male,12,not,Black or African American,,0,4
18.0,male,12,not,Black or African American,never,0,
18.0,male,12,not,White,never,did not drive,3
18.0,male,12,hispanic,,most of time,0,3
17.0,male,10,not,Black or African American,never,,5+
16.0,female,11,not,Black or African American,did not ride,did not drive,do not watch
17.0,female,11,not,Black or African American,did not ride,did not drive,1
17.0,female,11,not,Black or African American,never,0,do not watch
16.0,female,11,not,,never,0,2
17.0,female,11,not,Black or African American,did not ride,did not drive,4
16.0,female,11,not,Black or African American,did not ride,0,4
16.0,female,11,not,,did not ride,did not drive,5+
17.0,female,11,not,White,did not ride,10-19,do not watch
16.0,female,11,not,,did not ride,0,5+
18.0,female,11,not,Black or African American,,0,5+
17.0,female,11,not,Black or African American,rarely,0,do not watch
17.0,male,12,not,Black or African American,never,0,3
18.0,male,11,not,Black or African American,never,1-2,5+
17.0,male,11,not,Black or African American,never,0,3
12.0,male,12,not,Black or African American,never,10-19,4
18.0,male,11,not,Black or African American,never,did not drive,do not watch
17.0,male,11,not,Black or African American,did not ride,0,
16.0,male,11,hispanic,,never,0,3
17.0,male,11,not,American Indian or Alaska Native,never,0,do not watch
17.0,male,11,not,White,never,did not drive,3
18.0,male,12,not,,sometimes,20-29,<1
17.0,male,11,not,,rarely,did not drive,5+
16.0,male,11,not,Black or African American,never,0,5+
17.0,male,11,not,,never,did not drive,2
17.0,male,11,not,Black or African American,never,0,4
16.0,male,11,not,,never,,2
17.0,male,12,hispanic,,did not ride,30,2
17.0,male,11,not,Black or African American,never,0,do not watch
16.0,male,11,not,Black or African American,did not ride,did not drive,3
15.0,female,9,hispanic,Black or African American,did not ride,did not drive,3
14.0,male,9,not,White,never,did not drive,3
15.0,female,9,not,White,did not ride,did not drive,5+
15.0,female,9,not,White,never,0,4
15.0,female,9,not,Black or African American,did not ride,did not drive,5+
,male,,,,,6-9,5+
15.0,male,9,not,Black or African American,never,1-2,5+
14.0,male,9,not,Black or African American,never,0,4
14.0,male,9,not,Black or African American,rarely,0,2
14.0,male,9,not,White,did not ride,did not drive,4
14.0,male,9,,Black or African American,never,did not drive,3
14.0,male,9,not,Black or African American,never,did not drive,2
15.0,male,9,hispanic,,did not ride,did not drive,do not watch
14.0,male,9,not,Black or African American,never,did not drive,5+
15.0,male,9,not,Black or African American,never,did not drive,5+
14.0,male,9,not,Black or African American,never,0,3
17.0,female,10,hispanic,American Indian or Alaska Native,did not ride,0,do not watch
16.0,female,10,not,Black or African American,rarely,did not drive,4
16.0,female,10,not,Black or African American,never,did not drive,<1
17.0,female,10,not,Black or African American,never,1-2,do not watch
15.0,female,10,not,Black or African American,did not ride,0,2
15.0,female,10,not,Black or African American,never,0,<1
16.0,female,10,not,White,did not ride,did not drive,do not watch
15.0,female,10,not,Black or African American,,did not drive,do not watch
16.0,female,10,hispanic,Black or African American,never,did not drive,3
16.0,female,10,not,White,never,3-5,1
16.0,female,10,not,White,did not ride,did not drive,3
16.0,female,10,not,White,never,did not drive,<1
15.0,female,10,hispanic,White,never,0,4
16.0,female,10,not,,did not ride,0,<1
16.0,female,10,hispanic,Black or African American,did not ride,did not drive,1
15.0,female,10,not,White,did not ride,0,3
17.0,male,11,not,White,never,did not drive,1
15.0,male,10,not,Black or African American,never,0,2
16.0,male,10,not,,did not ride,did not drive,do not watch
18.0,male,11,not,Asian,most of time,did not drive,do not watch
16.0,male,10,not,White,never,did not drive,2
16.0,male,10,hispanic,,never,did not drive,2
16.0,male,10,not,Black or African American,did not ride,did not drive,1
17.0,male,11,not,Black or African American,never,0,3
18.0,male,12,not,White,never,did not drive,
16.0,male,10,not,Black or African American,rarely,,5+
15.0,male,10,not,Black or African American,never,did not drive,3
16.0,male,10,not,Black or African American,never,did not drive,2
15.0,male,10,not,Black or African American,never,,<1
15.0,male,10,not,White,never,did not drive,<1
15.0,male,10,hispanic,,did not ride,did not drive,2
18.0,female,12,not,White,did not ride,1-2,2
18.0,female,12,hispanic,,did not ride,20-29,3
17.0,female,12,not,White,did not ride,30,1
18.0,female,12,not,White,never,0,3
18.0,female,12,not,Black or African American,did not ride,0,<1
17.0,female,12,not,,did not ride,,3
17.0,female,12,not,,never,0,<1
17.0,female,12,not,,did not ride,6-9,2
18.0,male,12,not,Black or African American,never,0,5+
17.0,male,12,not,White,never,30,3
17.0,male,12,not,White,never,30,2
18.0,male,12,not,Asian,did not ride,0,2
18.0,male,12,not,Black or African American,did not ride,did not drive,5+
17.0,male,12,not,,never,1-2,1
17.0,male,12,not,White,never,3-5,1
18.0,male,12,hispanic,White,never,did not drive,4
18.0,male,12,,White,rarely,1-2,2
18.0,male,12,not,White,never,0,1
18.0,male,12,not,White,never,20-29,1
16.0,female,11,not,Black or African American,never,1-2,do not watch
17.0,female,11,not,Black or African American,never,did not drive,2
17.0,female,11,not,,never,,1
16.0,female,11,not,White,never,1-2,3
17.0,female,11,not,White,always,6-9,do not watch
16.0,female,11,not,Black or African American,did not ride,0,do not watch
16.0,female,11,not,Asian,did not ride,0,1
17.0,female,11,not,Black or African American,never,did not drive,4
16.0,female,11,hispanic,,most of time,did not drive,1
17.0,female,11,not,Black or African American,never,0,2
17.0,female,11,not,White,never,0,2
16.0,female,11,not,Black or African American,never,did not drive,5+
17.0,female,11,,,never,0,do not watch
18.0,female,11,not,Black or African American,never,1-2,2
16.0,female,11,not,Black or African American,never,1-2,5+
17.0,female,11,not,Black or African American,did not ride,,4
17.0,female,11,hispanic,White,never,did not drive,2
17.0,female,11,not,White,never,1-2,3
16.0,male,11,not,Black or African American,never,did not drive,3
17.0,male,11,hispanic,,did not ride,0,2
16.0,male,11,not,White,never,30,do not watch
17.0,male,11,not,White,never,3-5,2
17.0,male,11,not,White,never,0,<1
17.0,male,11,not,White,sometimes,6-9,1
15.0,female,9,not,White,never,0,
16.0,female,9,not,Black or African American,most of time,30,do not watch
15.0,female,9,not,White,never,did not drive,5+
15.0,female,9,not,White,always,did not drive,4
15.0,female,9,not,Black or African American,did not ride,0,
14.0,male,9,not,Black or African American,did not ride,0,4
14.0,male,9,hispanic,White,never,did not drive,3
15.0,male,9,not,White,rarely,0,<1
15.0,male,9,not,White,most of time,0,
14.0,male,9,not,,never,did not drive,
14.0,male,9,hispanic,White,never,0,3
14.0,male,9,not,White,never,did not drive,do not watch
14.0,male,9,not,White,did not ride,,5+
15.0,male,9,not,Black or African American,did not ride,did not drive,3
16.0,male,10,not,Black or African American,did not ride,did not drive,3
15.0,male,10,not,White,never,0,2
15.0,male,10,not,White,sometimes,0,<1
16.0,male,10,not,White,never,0,1
16.0,female,10,not,White,never,0,1
16.0,female,10,not,White,never,did not drive,do not watch
16.0,female,10,not,White,never,,<1
17.0,female,11,hispanic,White,did not ride,did not drive,1
16.0,female,10,not,Black or African American,never,3-5,1
17.0,female,10,not,White,never,0,2
16.0,female,10,not,White,did not ride,did not drive,<1
16.0,female,10,not,White,did not ride,0,do not watch
16.0,female,10,hispanic,,did not ride,0,1
15.0,female,10,not,,did not ride,did not drive,<1
15.0,female,10,not,White,rarely,did not drive,do not watch
16.0,female,10,not,White,never,did not drive,2
16.0,female,10,hispanic,,never,1-2,<1
16.0,female,10,hispanic,,did not ride,3-5,<1
15.0,female,10,not,Asian,did not ride,0,2
17.0,female,12,not,White,never,6-9,1
18.0,female,12,not,,never,0,<1
18.0,female,12,hispanic,,never,30,2
18.0,female,12,hispanic,White,did not ride,did not drive,<1
18.0,female,12,hispanic,,never,0,4
18.0,female,12,hispanic,,most of time,did not drive,<1
17.0,female,12,hispanic,,did not ride,1-2,do not watch
18.0,female,12,not,White,never,1-2,1
18.0,female,12,hispanic,,never,3-5,1
18.0,male,12,not,White,never,0,<1
18.0,male,12,,Black or African American,rarely,did not drive,5+
18.0,male,12,not,White,did not ride,did not drive,do not watch
18.0,male,12,not,White,did not ride,0,<1
18.0,male,12,not,White,never,0,3
17.0,male,12,not,White,never,10-19,3
18.0,male,12,not,White,never,0,2
18.0,male,12,not,Black or African American,did not ride,6-9,do not watch
17.0,male,12,not,Black or African American,never,30,4
18.0,male,12,hispanic,Black or African American,never,3-5,<1
18.0,male,12,not,,never,0,1
18.0,male,12,hispanic,,did not ride,did not drive,5+
17.0,male,12,not,,never,did not drive,2
17.0,male,12,hispanic,White,never,10-19,2
16.0,female,10,not,Black or African American,never,0,5+
18.0,female,11,hispanic,,never,0,3
17.0,female,11,not,White,never,0,2
17.0,female,11,not,White,did not ride,did not drive,4
16.0,female,11,not,Black or African American,never,did not drive,<1
16.0,female,11,not,White,did not ride,0,do not watch
16.0,female,11,hispanic,White,did not ride,did not drive,4
16.0,female,11,not,Asian,never,did not drive,1
16.0,female,11,not,White,never,0,2
16.0,female,11,not,White,did not ride,6-9,3
17.0,female,11,hispanic,,never,1-2,2
17.0,female,11,hispanic,White,never,did not drive,2
17.0,female,11,not,,never,0,1
17.0,male,12,not,,did not ride,did not drive,<1
17.0,male,11,hispanic,,did not ride,0,4
17.0,male,11,not,White,rarely,,5+
17.0,male,11,hispanic,Black or African American,rarely,1-2,3
17.0,male,10,hispanic,White,never,1-2,<1
16.0,male,11,not,Black or African American,never,0,3
16.0,male,11,not,Black or African American,sometimes,,3
16.0,male,11,not,Black or African American,rarely,3-5,5+
17.0,male,11,hispanic,Native Hawaiian or Other Pacific Islander,did not ride,did not drive,do not watch
17.0,male,11,hispanic,,,0,2
16.0,male,10,hispanic,,never,did not drive,5+
17.0,male,10,not,White,never,1-2,<1
16.0,male,10,not,White,never,0,4
15.0,male,10,hispanic,,never,did not drive,2
16.0,male,10,hispanic,,never,,4
16.0,male,10,not,White,never,10-19,<1
17.0,male,10,hispanic,,never,0,5+
16.0,male,10,not,White,did not ride,0,<1
16.0,male,10,hispanic,,did not ride,0,3
16.0,male,10,not,American Indian or Alaska Native,never,0,
17.0,male,11,not,Black or African American,never,30,2
15.0,female,10,not,White,always,did not drive,2
16.0,male,10,not,White,never,1-2,<1
15.0,female,10,not,White,did not ride,0,2
16.0,female,10,not,White,never,,<1
16.0,female,10,hispanic,,never,did not drive,<1
16.0,female,10,not,White,did not ride,0,2
15.0,female,10,not,White,never,did not drive,1
16.0,female,10,not,Black or African American,did not ride,did not drive,5+
15.0,female,10,hispanic,White,never,1-2,<1
16.0,female,10,not,White,never,0,2
15.0,female,10,hispanic,,did not ride,did not drive,1
16.0,female,10,not,Black or African American,did not ride,0,3
16.0,female,10,not,White,did not ride,1-2,1
15.0,female,10,not,White,never,3-5,2
17.0,male,10,not,White,never,did not drive,do not watch
15.0,male,9,not,White,never,did not drive,<1
15.0,male,9,hispanic,,did not ride,1-2,2
14.0,male,9,not,Black or African American,never,0,3
14.0,male,9,not,Black or African American,did not ride,did not drive,4
15.0,male,9,not,,never,0,5+
15.0,male,9,hispanic,,never,0,4
15.0,male,9,not,,never,did not drive,3
14.0,male,9,not,Black or African American,did not ride,0,3
16.0,male,10,not,,did not ride,30,3
17.0,male,10,hispanic,,never,0,5+
14.0,male,9,hispanic,American Indian or Alaska Native,never,did not drive,2
15.0,male,9,hispanic,,never,did not drive,5+
15.0,male,9,hispanic,,never,0,3
16.0,male,10,hispanic,,never,20-29,2
15.0,male,9,not,White,never,1-2,2
15.0,female,9,not,White,did not ride,did not drive,2
14.0,female,9,hispanic,,never,did not drive,5+
14.0,female,9,not,Black or African American,did not ride,did not drive,2
15.0,female,9,not,Black or African American,did not ride,did not drive,<1
15.0,female,9,not,White,never,did not drive,3
14.0,female,9,hispanic,Native Hawaiian or Other Pacific Islander,never,did not drive,3
15.0,female,9,hispanic,,never,,2
14.0,female,9,not,,did not ride,did not drive,do not watch
14.0,female,9,hispanic,,never,0,3
15.0,female,9,not,White,did not ride,did not drive,<1
15.0,female,9,not,Black or African American,did not ride,0,5+
17.0,female,11,hispanic,,did not ride,0,2
16.0,female,11,not,White,never,1-2,do not watch
17.0,female,11,not,White,never,20-29,<1
16.0,female,11,not,Asian,did not ride,did not drive,3
17.0,female,11,not,White,did not ride,0,2
16.0,female,11,not,White,did not ride,,<1
17.0,female,11,not,White,never,0,1
17.0,female,11,not,White,rarely,6-9,do not watch
16.0,female,11,not,White,never,1-2,1
17.0,female,11,not,White,did not ride,0,2
16.0,female,11,not,White,never,1-2,4
16.0,male,11,not,White,never,3-5,2
16.0,male,11,not,White,never,did not drive,2
17.0,male,11,not,White,never,1-2,<1
17.0,male,11,hispanic,White,never,,do not watch
15.0,female,10,hispanic,,rarely,did not drive,2
16.0,female,10,not,White,never,did not drive,2
15.0,female,10,not,White,never,0,2
15.0,female,10,not,White,never,0,<1
17.0,female,10,hispanic,Native Hawaiian or Other Pacific Islander,never,0,3
15.0,female,10,not,American Indian or Alaska Native,never,0,2
15.0,female,10,not,White,never,0,3
16.0,female,10,hispanic,White,did not ride,0,do not watch
16.0,female,10,not,White,never,did not drive,3
17.0,female,10,not,Black or African American,did not ride,1-2,3
17.0,male,10,not,Black or African American,never,0,3
16.0,male,11,,White,never,3-5,1
16.0,male,10,not,White,did not ride,,4
16.0,male,10,not,Black or African American,never,did not drive,2
17.0,male,9,not,Black or African American,never,0,4
15.0,male,10,not,White,never,0,1
15.0,male,10,not,Black or African American,never,30,do not watch
16.0,male,10,not,,never,did not drive,5+
15.0,male,10,not,White,never,0,1
15.0,male,10,not,White,never,,4
15.0,female,9,not,Black or African American,did not ride,0,<1
14.0,female,9,not,White,never,0,2
15.0,female,9,hispanic,,never,did not drive,1
14.0,female,9,not,White,never,0,<1
14.0,female,9,hispanic,,never,did not drive,3
14.0,female,9,hispanic,White,did not ride,0,5+
14.0,female,9,not,White,never,did not drive,do not watch
14.0,female,9,hispanic,American Indian or Alaska Native,never,1-2,5+
15.0,female,9,not,White,did not ride,did not drive,5+
16.0,female,11,not,Asian,did not ride,did not drive,2
14.0,female,9,not,,never,,4
16.0,female,9,not,,never,0,5+
14.0,female,9,hispanic,,never,0,<1
14.0,female,9,not,Asian,never,did not drive,3
14.0,female,9,not,White,never,did not drive,3
15.0,female,9,,White,never,0,1
14.0,female,9,not,Black or African American,never,did not drive,3
,male,,,,,,2
16.0,male,9,not,White,never,0,2
15.0,male,9,not,White,never,did not drive,1
14.0,male,9,not,White,never,did not drive,4
14.0,male,9,hispanic,White,never,did not drive,<1
12.0,male,9,not,Asian,always,30,5+
14.0,male,9,not,White,never,,<1
14.0,male,9,hispanic,,never,did not drive,1
15.0,male,9,not,White,never,0,1
13.0,male,9,not,White,,did not drive,2
14.0,male,9,not,American Indian or Alaska Native,never,1-2,4
14.0,male,9,not,Black or African American,never,did not drive,2
15.0,male,9,not,White,never,,2
14.0,male,9,not,Black or African American,never,,5+
16.0,male,10,not,,never,,4
15.0,male,9,not,Black or African American,never,did not drive,2
18.0,male,12,not,Black or African American,did not ride,20-29,do not watch
18.0,male,12,not,White,never,3-5,3
17.0,male,12,not,Black or African American,never,0,5+
18.0,male,12,not,White,never,0,<1
17.0,male,12,not,White,never,,4
17.0,male,12,not,Black or African American,never,0,
18.0,male,12,not,White,never,0,1
17.0,male,12,not,White,never,0,5+
18.0,male,12,not,White,never,,do not watch
17.0,male,12,hispanic,White,never,1-2,
17.0,male,12,not,White,never,30,3
18.0,male,12,not,Black or African American,never,0,2
17.0,male,12,not,Black or African American,never,0,
17.0,male,12,not,Black or African American,never,20-29,<1
18.0,female,12,not,Black or African American,did not ride,0,do not watch
17.0,female,12,not,,did not ride,30,do not watch
18.0,female,12,not,Black or African American,never,,5+
18.0,female,12,not,Black or African American,never,3-5,5+
18.0,female,12,not,White,did not ride,30,do not watch
17.0,female,12,not,White,never,0,3
17.0,female,12,not,White,did not ride,,3
17.0,female,12,not,White,did not ride,10-19,3
18.0,female,12,not,White,never,0,
17.0,female,12,hispanic,,did not ride,,5+
18.0,female,12,not,White,never,,<1
17.0,female,12,not,White,did not ride,1-2,2
18.0,female,12,not,,never,,4
14.0,female,9,not,White,did not ride,did not drive,do not watch
14.0,male,9,not,White,most of time,did not drive,1
15.0,male,9,not,Asian,rarely,did not drive,<1
,male,,,,,,2
15.0,male,9,not,White,never,did not drive,2
15.0,male,9,not,White,never,did not drive,5+
14.0,male,9,not,White,never,did not drive,2
14.0,male,9,hispanic,,never,1-2,3
14.0,male,9,not,Asian,never,0,5+
15.0,male,9,not,White,did not ride,did not drive,2
15.0,male,9,not,White,never,30,<1
14.0,male,9,not,Native Hawaiian or Other Pacific Islander,never,,3
14.0,male,9,not,Black or African American,never,0,5+
15.0,male,9,not,White,never,did not drive,1
14.0,male,9,not,Black or African American,rarely,0,1
14.0,male,9,not,White,never,0,<1
15.0,male,9,not,Asian,did not ride,0,do not watch
14.0,male,9,hispanic,,never,0,5+
15.0,male,9,not,White,did not ride,did not drive,2
15.0,male,9,not,,rarely,0,1
14.0,male,9,not,Asian,never,did not drive,5+
14.0,female,9,not,White,never,,1
14.0,female,9,not,Asian,sometimes,0,2
15.0,female,9,not,,never,,3
14.0,female,9,not,Black or African American,never,0,1
15.0,female,9,not,White,never,0,3
15.0,female,9,hispanic,,never,did not drive,5+
15.0,female,9,not,White,never,did not drive,<1
15.0,female,9,not,White,sometimes,did not drive,3
14.0,female,9,not,White,never,did not drive,1
14.0,female,9,not,,did not ride,did not drive,5+
16.0,female,9,not,Black or African American,never,did not drive,2
14.0,female,9,not,White,never,did not drive,1
16.0,male,10,not,Asian,,did not drive,<1
16.0,male,10,not,White,never,0,3
14.0,male,10,not,Asian,always,did not drive,<1
15.0,male,10,not,White,always,0,3
16.0,male,10,not,White,sometimes,0,<1
15.0,male,10,not,White,did not ride,0,<1
16.0,male,10,not,White,never,0,2
16.0,male,10,not,Asian,never,3-5,1
15.0,male,10,not,Black or African American,rarely,did not drive,2
16.0,male,10,not,,never,6-9,<1
16.0,male,10,not,White,sometimes,0,3
16.0,male,10,not,White,most of time,0,1
16.0,male,10,not,Black or African American,did not ride,did not drive,do not watch
16.0,male,10,not,Asian,did not ride,did not drive,1
16.0,female,10,not,White,never,0,<1
16.0,female,10,not,White,never,0,do not watch
16.0,female,10,not,White,never,1-2,1
16.0,female,10,not,White,never,0,2
15.0,female,10,not,,never,did not drive,2
15.0,female,10,not,Black or African American,did not ride,did not drive,2
16.0,female,10,not,Black or African American,never,did not drive,<1
15.0,female,10,not,White,most of time,0,do not watch
15.0,female,10,not,Asian,never,did not drive,<1
15.0,female,10,not,White,sometimes,0,2
15.0,female,10,not,White,did not ride,0,1
15.0,female,10,not,White,did not ride,did not drive,do not watch
16.0,female,10,not,White,never,did not drive,do not watch
14.0,female,10,not,White,rarely,0,<1
16.0,female,10,not,Asian,never,did not drive,<1
16.0,female,10,not,White,never,did not drive,2
16.0,female,10,not,White,rarely,0,1
16.0,female,10,not,Asian,never,,do not watch
15.0,female,10,not,White,never,0,1
15.0,female,10,not,White,rarely,did not drive,do not watch
15.0,female,10,not,,did not ride,did not drive,do not watch
16.0,female,11,not,,did not ride,0,<1
16.0,male,11,not,Asian,never,did not drive,<1
16.0,male,11,not,Black or African American,never,3-5,2
16.0,male,11,not,Black or African American,did not ride,0,5+
17.0,male,11,hispanic,White,never,0,2
17.0,male,11,not,Asian,did not ride,0,do not watch
17.0,male,11,hispanic,,never,did not drive,1
16.0,male,11,not,White,never,0,2
16.0,male,11,not,White,always,did not drive,do not watch
16.0,male,11,not,White,never,6-9,2
17.0,male,11,hispanic,,did not ride,1-2,do not watch
17.0,male,11,not,White,never,20-29,<1
16.0,male,11,not,White,rarely,6-9,<1
16.0,male,11,not,Asian,never,0,3
16.0,male,11,not,Asian,did not ride,did not drive,1
18.0,female,11,not,White,rarely,0,do not watch
16.0,female,11,not,White,never,did not drive,2
16.0,female,11,not,White,never,did not drive,1
17.0,female,11,hispanic,,rarely,1-2,1
17.0,female,11,not,White,never,20-29,1
17.0,female,11,not,White,never,30,<1
16.0,female,11,not,White,did not ride,3-5,1
17.0,female,12,not,,never,3-5,2
18.0,male,12,hispanic,White,rarely,0,
18.0,female,12,not,Native Hawaiian or Other Pacific Islander,never,0,2
18.0,male,12,not,White,never,did not drive,4
18.0,male,12,not,Black or African American,rarely,0,do not watch
18.0,male,12,not,Asian,did not ride,0,1
18.0,male,12,not,White,never,20-29,<1
18.0,male,12,,White,always,0,2
17.0,male,12,not,White,did not ride,0,<1
17.0,male,12,not,White,did not ride,10-19,1
17.0,male,12,not,White,never,30,2
18.0,female,12,not,White,most of time,20-29,do not watch
17.0,female,12,not,White,never,1-2,2
17.0,female,12,not,White,did not ride,30,4
18.0,female,12,not,White,never,3-5,<1
17.0,female,12,not,White,did not ride,0,5+
18.0,female,12,not,,rarely,3-5,2
18.0,female,12,not,White,did not ride,6-9,4
17.0,female,12,hispanic,Black or African American,did not ride,3-5,5+
17.0,female,12,not,Black or African American,did not ride,0,1
17.0,female,12,not,Asian,never,1-2,do not watch
18.0,female,12,not,Asian,did not ride,did not drive,do not watch
15.0,male,9,not,White,never,,4
15.0,female,9,not,White,did not ride,did not drive,1
15.0,male,9,not,White,never,did not drive,
15.0,male,9,not,White,never,0,1
14.0,male,9,not,White,never,did not drive,2
15.0,male,9,,,never,0,2
15.0,male,9,,White,never,1-2,<1
15.0,male,9,not,White,never,0,1
14.0,female,9,not,White,never,0,<1
14.0,female,9,not,White,never,did not drive,2
14.0,female,9,not,White,never,did not drive,1
14.0,female,9,not,White,sometimes,did not drive,2
14.0,female,9,not,White,never,did not drive,<1
14.0,female,9,not,Asian,never,did not drive,1
14.0,female,9,not,White,never,0,1
15.0,female,9,not,White,never,did not drive,
15.0,female,9,not,White,rarely,did not drive,3
15.0,female,9,not,White,never,0,<1
15.0,female,9,not,White,never,did not drive,2
15.0,female,9,,White,never,0,<1
14.0,female,9,,White,never,0,do not watch
14.0,female,9,not,White,never,did not drive,2
14.0,female,9,not,White,rarely,did not drive,2
15.0,female,9,not,White,always,did not drive,2
14.0,female,9,not,White,never,did not drive,1
15.0,female,9,not,White,never,did not drive,<1
14.0,female,9,not,White,never,did not drive,3
13.0,male,9,not,White,always,did not drive,do not watch
18.0,male,12,not,White,never,10-19,1
17.0,male,12,not,White,never,,<1
18.0,male,12,not,White,did not ride,0,1
18.0,male,12,not,White,never,10-19,4
18.0,male,12,not,White,did not ride,1-2,5+
17.0,male,12,not,White,never,6-9,2
18.0,male,12,not,White,never,0,1
18.0,male,12,not,White,never,did not drive,2
17.0,female,12,not,White,did not ride,30,<1
17.0,female,12,not,White,never,0,do not watch
18.0,female,12,not,White,most of time,0,2
17.0,female,12,not,White,never,10-19,5+
17.0,female,12,not,White,never,6-9,2
18.0,female,12,not,White,did not ride,10-19,5+
18.0,female,12,not,,always,0,1
18.0,female,12,not,White,did not ride,1-2,<1
17.0,female,11,not,White,never,6-9,3
17.0,male,11,not,,rarely,0,<1
16.0,male,11,not,White,never,0,<1
16.0,male,11,not,White,never,0,2
17.0,male,11,not,White,never,0,2
17.0,male,11,not,White,never,10-19,1
17.0,male,11,not,White,did not ride,20-29,1
17.0,male,11,not,American Indian or Alaska Native,never,20-29,1
17.0,male,11,,White,did not ride,0,1
16.0,male,11,not,White,never,,1
17.0,female,11,not,White,did not ride,30,<1
17.0,female,11,not,White,never,6-9,do not watch
17.0,female,11,not,White,did not ride,0,do not watch
17.0,female,11,not,White,never,20-29,1
16.0,female,11,not,White,never,1-2,1
16.0,female,11,not,White,did not ride,did not drive,1
17.0,female,11,not,White,never,20-29,<1
17.0,female,11,not,White,never,0,
16.0,female,11,not,,never,did not drive,1
17.0,female,11,not,White,never,6-9,2
17.0,female,11,not,White,did not ride,1-2,2
16.0,female,10,not,White,rarely,did not drive,2
16.0,female,10,not,White,never,0,4
16.0,male,10,hispanic,White,,did not drive,do not watch
16.0,male,10,not,White,rarely,did not drive,5+
16.0,male,10,not,White,never,0,2
15.0,male,10,not,White,never,did not drive,<1
15.0,male,10,not,White,never,0,2
15.0,male,10,not,White,never,0,1
15.0,male,10,hispanic,,rarely,did not drive,<1
15.0,male,10,not,Black or African American,never,did not drive,3
16.0,male,10,not,White,never,0,1
16.0,female,10,not,White,most of time,0,<1
16.0,female,10,not,White,never,1-2,1
15.0,female,10,not,White,never,0,2
15.0,female,10,not,Asian,never,did not drive,2
16.0,female,10,not,White,never,did not drive,5+
15.0,female,10,not,White,sometimes,did not drive,2
15.0,female,10,not,White,most of time,did not drive,do not watch
15.0,female,10,not,White,never,0,1
15.0,female,10,not,White,never,did not drive,do not watch
15.0,male,10,not,White,always,did not drive,<1
15.0,male,10,not,White,did not ride,did not drive,1
15.0,female,10,not,White,did not ride,0,do not watch
15.0,female,10,not,White,never,did not drive,2
15.0,female,10,not,White,always,did not drive,do not watch
15.0,female,10,not,White,always,did not drive,1
16.0,male,10,not,White,never,6-9,<1
15.0,male,10,not,,never,0,2
16.0,male,10,not,White,always,did not drive,2
16.0,male,10,not,White,never,0,<1
16.0,male,10,not,White,never,3-5,2
15.0,male,10,not,White,never,0,3
16.0,male,10,hispanic,White,never,0,1
16.0,male,10,not,White,always,0,<1
16.0,female,10,not,White,always,did not drive,do not watch
15.0,female,10,not,White,always,0,do not watch
15.0,female,10,not,White,never,0,1
15.0,female,10,hispanic,White,rarely,0,<1
16.0,female,10,not,White,always,did not drive,<1
16.0,female,10,not,White,did not ride,did not drive,do not watch
16.0,female,10,not,White,most of time,1-2,do not watch
15.0,female,10,not,White,always,0,2
15.0,female,10,not,White,sometimes,0,<1
15.0,female,10,hispanic,White,did not ride,did not drive,do not watch
15.0,female,10,not,White,rarely,did not drive,<1
15.0,female,10,not,White,never,did not drive,1
15.0,female,10,not,White,never,0,2
17.0,female,11,not,White,did not ride,0,<1
16.0,male,11,not,White,always,0,1
17.0,female,11,not,White,did not ride,did not drive,2
16.0,female,11,hispanic,White,never,30,<1
17.0,female,11,not,White,never,0,3
17.0,female,11,not,White,never,0,1
16.0,female,11,not,White,never,10-19,3
17.0,female,11,not,White,did not ride,did not drive,3
17.0,female,11,not,Native Hawaiian or Other Pacific Islander,did not ride,,3
17.0,male,11,not,White,did not ride,10-19,do not watch
17.0,male,11,not,White,never,0,do not watch
17.0,male,11,not,White,did not ride,20-29,1
17.0,male,11,not,White,did not ride,0,2
16.0,male,11,not,White,most of time,0,2
16.0,male,11,not,White,most of time,0,<1
16.0,male,11,not,White,never,0,do not watch
17.0,male,11,not,White,never,0,5+
17.0,male,11,not,White,never,0,1
17.0,male,11,not,White,never,did not drive,1
16.0,male,11,not,White,did not ride,0,1
17.0,male,11,not,White,never,10-19,3
17.0,male,11,not,White,never,0,2
16.0,male,11,not,White,never,0,2
17.0,male,11,not,White,always,0,do not watch
16.0,male,11,not,White,never,3-5,2
17.0,male,11,not,White,never,10-19,1
16.0,male,11,not,White,never,30,4
17.0,male,11,not,White,did not ride,did not drive,1
17.0,male,11,not,White,did not ride,1-2,2
17.0,male,11,not,White,never,1-2,1
16.0,male,11,not,White,never,6-9,<1
17.0,male,11,not,White,never,0,do not watch
17.0,female,12,not,White,always,1-2,<1
17.0,female,12,not,White,never,1-2,2
18.0,female,12,not,Asian,did not ride,20-29,1
18.0,female,12,not,White,never,20-29,3
18.0,female,12,not,White,never,0,3
18.0,female,12,not,Asian,most of time,1-2,do not watch
17.0,female,12,not,White,rarely,3-5,2
17.0,female,12,not,White,,did not drive,5+
18.0,female,12,not,White,never,0,3
18.0,female,12,not,White,did not ride,10-19,2
17.0,male,12,not,White,did not ride,0,3
18.0,male,12,not,White,did not ride,1-2,1
17.0,male,12,not,White,never,30,2
17.0,male,12,not,White,sometimes,1-2,<1
17.0,male,12,not,White,most of time,0,1
17.0,male,12,not,White,most of time,1-2,1
15.0,male,9,not,White,never,0,2
14.0,female,9,not,White,never,did not drive,2
15.0,female,9,not,White,sometimes,did not drive,1
14.0,female,9,not,White,rarely,did not drive,do not watch
14.0,female,9,not,White,never,,<1
14.0,female,9,not,White,never,did not drive,1
14.0,female,9,not,White,sometimes,did not drive,2
15.0,female,9,not,,never,0,<1
14.0,female,9,not,White,most of time,did not drive,<1
15.0,female,9,not,White,rarely,did not drive,<1
14.0,female,9,not,White,never,did not drive,<1
14.0,female,9,not,White,never,did not drive,do not watch
15.0,male,9,not,White,never,0,2
14.0,male,9,not,White,never,0,do not watch
13.0,male,other,not,,rarely,did not drive,1
15.0,male,9,not,White,never,did not drive,<1
15.0,male,9,not,White,never,0,<1
14.0,male,9,not,Asian,never,did not drive,1
14.0,male,other,not,White,rarely,did not drive,<1
14.0,male,9,not,White,never,did not drive,1
14.0,male,9,not,White,never,did not drive,1
15.0,male,9,not,White,rarely,did not drive,2
15.0,male,9,not,White,never,1-2,3
15.0,male,9,not,White,never,did not drive,1
15.0,male,9,not,White,never,0,<1
15.0,male,9,not,White,never,0,
13.0,male,other,not,White,most of time,did not drive,do not watch
13.0,male,other,not,White,never,did not drive,1
15.0,male,9,not,White,rarely,0,<1
14.0,male,9,not,White,never,did not drive,<1
13.0,male,other,not,White,most of time,did not drive,<1
15.0,male,9,not,White,never,0,2
15.0,male,9,not,White,never,0,<1
18.0,female,12,not,White,did not ride,0,1
,female,,,,,0,2
18.0,female,12,not,White,sometimes,30,3
18.0,female,12,not,White,never,30,1
17.0,female,12,not,White,,0,4
18.0,female,12,not,White,sometimes,6-9,<1
17.0,female,12,not,White,never,30,1
18.0,female,12,not,White,never,0,do not watch
16.0,female,12,not,White,never,20-29,1
18.0,female,12,not,White,sometimes,30,1
18.0,female,12,not,White,did not ride,30,<1
17.0,female,12,not,White,,6-9,<1
17.0,female,12,hispanic,,most of time,30,do not watch
18.0,male,12,not,Black or African American,,1-2,2
18.0,male,12,not,White,always,0,do not watch
17.0,male,12,not,,never,0,<1
18.0,male,12,not,,did not ride,3-5,3
17.0,male,12,not,,did not ride,,
18.0,male,12,hispanic,American Indian or Alaska Native,never,30,5+
17.0,male,12,not,White,never,30,1
18.0,male,12,not,White,never,30,2
17.0,male,12,not,White,never,0,3
18.0,male,12,not,White,never,30,do not watch
18.0,male,12,not,White,did not ride,3-5,2
18.0,male,12,not,White,never,10-19,2
17.0,male,12,not,White,never,,1
18.0,male,12,not,White,never,,<1
18.0,male,12,not,White,always,did not drive,1
18.0,male,12,not,White,never,20-29,1
18.0,male,12,not,White,never,0,1
16.0,female,11,not,,did not ride,,3
17.0,female,11,not,White,sometimes,1-2,do not watch
17.0,female,12,not,White,sometimes,1-2,1
17.0,female,11,not,White,did not ride,,3
17.0,female,11,not,White,did not ride,30,<1
17.0,female,11,not,White,never,0,<1
16.0,female,11,not,White,did not ride,10-19,2
16.0,female,11,not,White,did not ride,3-5,3
16.0,female,11,not,White,did not ride,0,<1
17.0,female,11,not,White,never,30,<1
16.0,female,11,not,White,never,0,do not watch
16.0,female,11,not,White,never,30,3
17.0,female,11,not,White,did not ride,did not drive,<1
16.0,female,11,hispanic,Native Hawaiian or Other Pacific Islander,never,did not drive,5+
17.0,female,11,not,White,did not ride,10-19,1
16.0,female,11,not,White,most of time,1-2,1
17.0,female,11,not,White,most of time,20-29,1
16.0,female,11,not,White,never,did not drive,1
16.0,female,11,hispanic,Native Hawaiian or Other Pacific Islander,never,0,1
17.0,female,11,not,White,did not ride,,<1
,male,,,,,30,<1
17.0,male,11,not,White,did not ride,30,2
17.0,male,11,not,White,rarely,30,1
17.0,male,11,not,Asian,never,3-5,<1
16.0,male,10,not,White,did not ride,0,2
17.0,male,11,not,White,never,1-2,3
16.0,male,11,not,Asian,never,0,2
17.0,male,11,not,Black or African American,never,30,2
17.0,male,11,hispanic,Black or African American,never,1-2,4
17.0,male,11,not,White,never,1-2,2
16.0,male,11,not,White,never,0,do not watch
17.0,male,11,not,White,most of time,1-2,4
15.0,female,10,not,White,did not ride,,2
15.0,female,10,not,Black or African American,did not ride,did not drive,2
16.0,female,10,not,White,most of time,0,3
15.0,female,10,not,White,did not ride,0,1
15.0,female,10,not,White,did not ride,did not drive,do not watch
16.0,female,10,not,Black or African American,never,did not drive,4
16.0,female,10,,White,did not ride,20-29,2
16.0,female,10,not,,never,did not drive,<1
16.0,male,10,not,White,never,did not drive,2
16.0,male,10,not,White,never,30,2
16.0,male,10,not,White,never,0,<1
16.0,male,10,hispanic,White,never,did not drive,do not watch
16.0,male,10,not,White,never,0,4
16.0,male,10,not,Black or African American,never,30,<1
16.0,male,10,not,White,rarely,1-2,
17.0,male,10,not,White,sometimes,0,<1
16.0,male,10,not,White,never,0,2
14.0,female,9,not,,never,did not drive,4
16.0,female,9,not,White,did not ride,0,3
14.0,female,9,not,Asian,did not ride,0,5+
15.0,female,9,not,White,never,did not drive,<1
15.0,female,9,,White,sometimes,0,<1
15.0,female,9,hispanic,White,always,did not drive,2
15.0,female,9,not,White,never,0,1
15.0,female,9,not,White,,,do not watch
14.0,female,9,,Asian,never,did not drive,do not watch
15.0,female,9,not,White,did not ride,did not drive,<1
15.0,female,9,not,White,sometimes,0,1
15.0,female,9,not,White,did not ride,0,4
15.0,female,9,hispanic,,never,did not drive,5+
15.0,female,9,not,Native Hawaiian or Other Pacific Islander,did not ride,did not drive,<1
15.0,male,9,not,White,never,did not drive,4
15.0,male,9,not,White,never,0,3
15.0,male,9,not,Black or African American,never,0,<1
15.0,male,9,not,,never,0,2
15.0,male,9,not,White,did not ride,0,<1
15.0,male,9,not,White,never,did not drive,3
15.0,male,9,not,White,never,3-5,
16.0,male,9,not,American Indian or Alaska Native,,0,2
15.0,male,9,not,White,did not ride,0,2
14.0,male,9,not,White,never,0,1
14.0,male,9,not,White,never,3-5,1
15.0,male,9,,White,never,0,do not watch
14.0,male,9,not,White,always,did not drive,do not watch
15.0,male,9,not,White,did not ride,did not drive,1
14.0,male,9,not,Black or African American,never,0,<1
15.0,male,9,not,White,rarely,0,2
14.0,male,9,not,White,,did not drive,2
15.0,male,9,not,White,never,did not drive,do not watch
15.0,male,9,not,White,never,did not drive,1
15.0,male,9,not,Black or African American,never,0,4
15.0,female,9,not,White,did not ride,0,<1
15.0,female,9,not,White,never,0,3
15.0,female,9,not,White,never,0,2
15.0,female,9,hispanic,,never,did not drive,do not watch
14.0,female,9,not,White,never,did not drive,2
14.0,female,9,not,White,never,0,4
15.0,female,9,not,White,never,0,<1
15.0,female,9,not,White,always,0,<1
14.0,male,9,not,White,did not ride,0,2
16.0,male,9,not,White,never,6-9,do not watch
16.0,male,10,not,White,never,0,2
16.0,male,10,not,White,never,0,1
14.0,male,9,not,White,did not ride,did not drive,1
14.0,male,9,not,White,never,0,<1
15.0,male,9,not,White,never,,2
15.0,male,9,not,White,,1-2,2
15.0,male,9,not,White,did not ride,did not drive,2
15.0,male,9,not,White,never,0,2
15.0,male,9,not,,never,did not drive,<1
15.0,male,9,not,White,never,20-29,2
17.0,female,12,not,,did not ride,30,<1
17.0,female,12,not,White,did not ride,,<1
18.0,female,12,not,White,did not ride,0,2
18.0,female,12,not,White,did not ride,0,2
17.0,female,12,not,White,did not ride,30,3
17.0,female,12,not,White,did not ride,20-29,5+
18.0,male,12,not,White,did not ride,6-9,2
18.0,male,12,not,White,did not ride,1-2,2
18.0,male,12,not,White,did not ride,10-19,2
17.0,male,12,not,Black or African American,never,0,3
18.0,male,12,not,White,never,0,2
18.0,male,12,not,White,never,30,do not watch
18.0,male,12,not,,never,0,<1
18.0,male,12,not,White,never,0,do not watch
18.0,male,12,not,White,always,3-5,3
18.0,male,12,not,White,never,1-2,<1
18.0,male,12,not,White,never,30,<1
17.0,male,12,not,White,did not ride,did not drive,do not watch
18.0,male,12,not,White,did not ride,did not drive,3
17.0,female,11,not,American Indian or Alaska Native,never,30,<1
17.0,female,11,not,White,did not ride,1-2,do not watch
17.0,female,11,not,White,did not ride,6-9,2
16.0,female,11,not,White,did not ride,did not drive,3
16.0,female,11,not,White,did not ride,0,2
17.0,female,11,not,White,did not ride,0,2
16.0,male,11,not,White,never,0,2
17.0,female,11,not,White,did not ride,did not drive,3
17.0,female,11,not,White,did not ride,,<1
16.0,male,11,not,White,never,6-9,2
17.0,male,11,not,White,never,0,2
18.0,male,11,not,White,never,0,do not watch
17.0,male,11,not,White,did not ride,0,2
17.0,male,11,not,White,never,0,do not watch
18.0,male,12,not,White,never,0,2
17.0,male,11,not,White,never,did not drive,<1
17.0,male,11,not,White,,1-2,<1
17.0,male,11,not,White,did not ride,,do not watch
17.0,male,11,not,White,never,0,1
16.0,female,10,not,White,did not ride,1-2,<1
15.0,female,10,not,White,never,did not drive,<1
16.0,female,10,not,White,never,0,1
16.0,female,10,not,White,never,10-19,1
16.0,female,10,not,White,never,0,1
16.0,female,10,not,White,never,0,1
16.0,female,10,not,White,never,0,do not watch
15.0,female,10,not,White,never,1-2,2
16.0,female,10,not,White,did not ride,30,1
16.0,female,10,not,White,never,1-2,do not watch
16.0,female,10,not,Black or African American,did not ride,did not drive,1
16.0,male,10,not,White,never,30,1
16.0,male,10,not,White,never,0,2
16.0,male,10,not,White,never,0,3
16.0,male,10,not,White,did not ride,0,do not watch
16.0,male,10,not,White,never,0,2
18.0,female,12,not,White,never,1-2,5+
18.0,female,12,not,White,did not ride,3-5,5+
18.0,female,12,not,White,did not ride,20-29,3
17.0,female,12,not,American Indian or Alaska Native,did not ride,30,5+
18.0,female,12,not,White,did not ride,3-5,do not watch
18.0,female,12,not,White,never,6-9,2
18.0,female,12,not,White,did not ride,did not drive,5+
18.0,male,12,,White,did not ride,did not drive,
17.0,male,12,not,White,did not ride,0,2
18.0,male,12,not,White,never,1-2,2
18.0,male,12,not,White,did not ride,30,2
18.0,male,12,not,White,never,3-5,2
18.0,male,12,not,White,never,6-9,<1
18.0,male,12,not,White,did not ride,10-19,1
17.0,male,12,not,Native Hawaiian or Other Pacific Islander,never,10-19,do not watch
18.0,male,12,not,White,did not ride,0,3
17.0,male,12,not,White,did not ride,30,2
18.0,male,12,not,White,never,20-29,1
18.0,male,12,hispanic,White,never,20-29,4
18.0,male,12,not,White,did not ride,0,2
16.0,female,10,not,White,did not ride,did not drive,2
15.0,female,10,not,White,never,30,3
16.0,female,10,not,White,never,20-29,1
16.0,female,10,not,White,never,3-5,<1
16.0,female,10,not,White,most of time,0,1
15.0,female,10,not,White,never,0,<1
15.0,female,10,not,White,did not ride,did not drive,2
15.0,female,10,not,White,never,0,2
15.0,female,10,not,White,most of time,0,<1
16.0,female,10,not,White,never,0,3
16.0,male,10,not,American Indian or Alaska Native,never,0,3
17.0,male,10,hispanic,White,,1-2,3
18.0,male,12,not,White,never,3-5,2
16.0,male,10,not,White,never,0,do not watch
16.0,male,10,not,White,did not ride,0,3
16.0,male,10,not,White,never,30,3
15.0,male,10,not,White,never,0,2
16.0,male,10,not,White,did not ride,0,1
15.0,male,10,not,White,rarely,0,2
17.0,male,10,not,White,did not ride,10-19,5+
16.0,male,10,not,White,sometimes,did not drive,<1
15.0,male,9,not,White,did not ride,0,2
16.0,male,9,not,White,never,did not drive,5+
14.0,male,9,not,White,never,0,2
16.0,male,9,not,White,never,1-2,1
14.0,male,9,hispanic,White,did not ride,did not drive,4
15.0,male,9,not,White,did not ride,0,<1
16.0,male,9,not,White,never,0,3
15.0,male,9,not,White,never,1-2,<1
15.0,male,9,hispanic,,did not ride,did not drive,2
14.0,male,9,not,White,never,did not drive,<1
14.0,male,9,not,White,never,did not drive,2
15.0,male,9,hispanic,,did not ride,did not drive,1
15.0,male,9,not,White,did not ride,did not drive,<1
15.0,male,9,not,White,never,did not drive,1
15.0,male,9,not,White,most of time,0,2
14.0,male,9,not,White,rarely,0,3
15.0,female,9,not,White,never,did not drive,2
17.0,female,11,not,White,did not ride,30,1
15.0,female,9,not,White,never,0,1
15.0,female,9,not,White,never,0,5+
14.0,female,9,not,White,did not ride,0,3
15.0,female,9,not,White,did not ride,0,<1
15.0,female,9,not,,did not ride,0,<1
14.0,female,9,not,White,did not ride,0,2
15.0,female,9,not,White,never,0,1
15.0,female,9,not,White,rarely,1-2,4
15.0,female,9,not,White,never,0,4
17.0,female,11,not,White,never,1-2,1
16.0,female,11,not,White,never,30,5+
12.0,female,other,not,White,never,30,5+
17.0,female,11,not,White,did not ride,30,do not watch
16.0,female,11,not,White,never,0,3
17.0,female,11,not,White,did not ride,30,1
17.0,female,11,not,White,never,6-9,2
17.0,male,11,not,White,did not ride,did not drive,4
17.0,male,11,not,White,never,0,1
17.0,male,11,not,White,rarely,6-9,1
17.0,male,11,not,White,did not ride,0,3
18.0,male,11,not,White,never,20-29,4
18.0,male,11,not,White,never,,1
17.0,male,11,not,White,did not ride,0,<1
16.0,male,11,not,White,never,30,do not watch
18.0,male,11,not,White,did not ride,0,<1
17.0,male,12,not,White,never,10-19,1
16.0,male,11,not,White,never,0,4
17.0,male,11,not,White,never,6-9,4
17.0,male,11,not,White,never,20-29,2
17.0,male,11,not,White,never,20-29,1
17.0,female,11,hispanic,,did not ride,did not drive,2
17.0,male,11,not,Black or African American,never,1-2,1
16.0,male,11,not,Black or African American,did not ride,0,5+
16.0,male,11,not,Black or African American,did not ride,0,2
16.0,male,11,not,Black or African American,did not ride,,1
17.0,male,11,not,Black or African American,never,did not drive,1
16.0,female,11,not,Black or African American,never,1-2,4
17.0,female,11,not,Black or African American,never,0,4
17.0,female,11,not,Black or African American,did not ride,did not drive,<1
16.0,female,11,not,Black or African American,did not ride,0,do not watch
16.0,female,11,not,Black or African American,did not ride,0,2
17.0,male,12,not,Black or African American,never,30,4
17.0,male,12,not,White,never,6-9,5+
18.0,female,12,not,Black or African American,did not ride,0,do not watch
18.0,female,12,not,Black or African American,never,0,4
17.0,female,12,not,Black or African American,did not ride,0,<1
17.0,female,12,hispanic,,did not ride,1-2,<1
18.0,female,12,not,Black or African American,did not ride,1-2,2
18.0,female,12,not,Black or African American,did not ride,3-5,1
17.0,female,12,not,Black or African American,never,1-2,5+
17.0,female,12,not,Black or African American,did not ride,30,1
,female,,,,,1-2,5+
15.0,male,10,not,Black or African American,never,0,3
16.0,male,10,not,,did not ride,did not drive,4
15.0,male,10,not,White,never,0,1
15.0,female,10,not,Black or African American,did not ride,did not drive,<1
17.0,female,10,not,Black or African American,did not ride,,5+
17.0,female,10,not,Black or African American,did not ride,did not drive,2
17.0,female,10,not,White,did not ride,0,5+
16.0,female,10,not,Black or African American,did not ride,0,2
18.0,female,9,hispanic,Asian,always,0,5+
17.0,female,10,not,White,did not ride,0,<1
15.0,female,10,not,Black or African American,did not ride,0,<1
15.0,female,10,not,Black or African American,did not ride,did not drive,5+
17.0,male,10,not,American Indian or Alaska Native,never,3-5,<1
16.0,male,10,not,Black or African American,never,3-5,5+
,female,,,,,did not drive,<1
16.0,female,10,not,Black or African American,did not ride,0,2
15.0,female,10,not,White,did not ride,0,4
16.0,female,10,not,Black or African American,never,0,5+
17.0,female,10,not,Black or African American,did not ride,0,4
18.0,male,12,not,Black or African American,did not ride,3-5,3
17.0,male,12,not,Black or African American,never,0,do not watch
18.0,male,12,hispanic,White,did not ride,1-2,<1
18.0,male,12,not,White,never,1-2,3
18.0,male,12,not,Black or African American,did not ride,30,2
17.0,male,12,not,Black or African American,did not ride,3-5,4
18.0,male,12,not,Black or African American,did not ride,6-9,5+
17.0,male,12,not,Black or African American,did not ride,30,do not watch
17.0,female,12,not,Black or African American,never,1-2,1
18.0,female,12,not,Black or African American,did not ride,3-5,do not watch
18.0,female,12,not,Black or African American,did not ride,0,5+
18.0,female,12,not,Black or African American,never,1-2,3
18.0,female,12,not,Black or African American,did not ride,0,3
18.0,female,12,not,Black or African American,did not ride,30,5+
18.0,female,12,not,Black or African American,did not ride,6-9,3
18.0,female,12,not,Black or African American,did not ride,1-2,1
17.0,female,12,not,Black or African American,did not ride,10-19,1
16.0,male,11,not,Black or African American,never,1-2,1
16.0,female,11,not,Black or African American,did not ride,1-2,<1
18.0,male,12,not,Black or African American,never,0,do not watch
16.0,male,11,not,Black or African American,never,0,2
18.0,male,11,not,Black or African American,did not ride,1-2,4
18.0,male,11,not,Black or African American,never,0,5+
16.0,female,11,not,Black or African American,never,did not drive,<1
17.0,female,11,not,Black or African American,did not ride,0,5+
17.0,female,11,not,Black or African American,did not ride,0,5+
16.0,female,11,not,Black or African American,never,did not drive,5+
18.0,female,11,not,Black or African American,did not ride,0,do not watch
16.0,female,11,not,Black or African American,did not ride,0,do not watch
17.0,female,11,not,Black or African American,did not ride,0,2
16.0,female,11,not,Black or African American,,0,3
17.0,female,11,not,Black or African American,did not ride,did not drive,2
18.0,female,11,not,Black or African American,never,did not drive,1
17.0,female,11,not,Black or African American,did not ride,0,3
18.0,male,12,not,Black or African American,never,0,3
18.0,female,12,not,Black or African American,never,,do not watch
17.0,male,12,not,Black or African American,never,1-2,5+
17.0,male,12,not,Black or African American,did not ride,did not drive,5+
18.0,male,12,not,Black or African American,never,0,2
18.0,female,12,not,Black or African American,most of time,,<1
18.0,female,12,not,Black or African American,did not ride,did not drive,2
18.0,female,12,not,,did not ride,did not drive,do not watch
18.0,female,12,not,Black or African American,never,did not drive,<1
18.0,female,12,not,Black or African American,never,0,1
18.0,female,12,not,Black or African American,did not ride,0,3
18.0,female,12,not,Black or African American,did not ride,0,do not watch
18.0,female,12,not,Black or African American,did not ride,0,5+
17.0,female,12,not,Black or African American,did not ride,0,1
18.0,female,12,not,Black or African American,did not ride,did not drive,5+
17.0,male,11,not,Black or African American,never,,5+
18.0,male,11,not,Black or African American,most of time,0,3
,,,,,,,3
17.0,male,12,not,Black or African American,never,0,
18.0,male,12,not,Black or African American,never,30,do not watch
18.0,male,11,not,Black or African American,never,0,5+
17.0,female,11,not,Black or African American,did not ride,0,3
17.0,female,11,not,Black or African American,sometimes,0,2
17.0,female,11,not,Black or African American,did not ride,0,2
18.0,female,12,not,Black or African American,never,0,5+
16.0,female,11,not,Black or African American,,did not drive,2
17.0,female,11,not,Black or African American,always,3-5,<1
17.0,female,11,not,Black or African American,did not ride,did not drive,3
17.0,female,11,not,Black or African American,did not ride,0,4
18.0,female,12,not,Black or African American,,1-2,3
18.0,female,11,not,Black or African American,rarely,3-5,3
18.0,female,11,not,Black or African American,never,did not drive,3
18.0,female,12,not,Black or African American,never,0,2
16.0,female,11,not,Black or African American,rarely,0,5+
17.0,female,11,not,Black or African American,did not ride,did not drive,1
16.0,female,11,not,Black or African American,did not ride,did not drive,5+
16.0,female,11,not,Black or African American,never,did not drive,3
17.0,female,11,not,Black or African American,did not ride,did not drive,3
16.0,female,11,not,Black or African American,did not ride,did not drive,2
16.0,male,11,not,Black or African American,never,0,3
17.0,male,11,not,Black or African American,never,did not drive,3
16.0,male,11,not,Black or African American,never,0,4
17.0,male,11,not,Black or African American,never,6-9,<1
16.0,male,11,not,Black or African American,never,,3
17.0,male,11,not,Black or African American,never,1-2,5+
16.0,male,11,not,Black or African American,never,3-5,3
18.0,male,12,not,Black or African American,never,0,4
15.0,female,9,not,Black or African American,never,did not drive,3
18.0,female,9,hispanic,Black or African American,never,0,do not watch
17.0,female,9,not,Black or African American,never,0,1
15.0,male,9,not,Black or African American,never,did not drive,2
15.0,male,9,not,Black or African American,rarely,0,1
16.0,male,9,not,Black or African American,did not ride,0,2
15.0,male,9,not,Black or African American,never,30,5+
16.0,female,9,not,Black or African American,never,,3
15.0,female,9,not,Black or African American,never,0,5+
16.0,female,9,not,Black or African American,did not ride,did not drive,5+
15.0,male,9,not,White,never,,3
15.0,male,9,not,Black or African American,never,0,5+
14.0,male,9,not,Black or African American,never,0,5+
16.0,male,9,not,Black or African American,never,6-9,do not watch
16.0,male,11,not,Black or African American,never,20-29,5+
17.0,male,10,not,Black or African American,never,0,3
15.0,female,9,not,,never,did not drive,1
17.0,male,10,not,Black or African American,never,0,1
16.0,male,10,not,Black or African American,did not ride,0,5+
16.0,female,10,not,Black or African American,did not ride,did not drive,
15.0,female,10,not,Black or African American,did not ride,did not drive,5+
16.0,female,10,not,Black or African American,did not ride,6-9,5+
15.0,female,10,not,Black or African American,did not ride,0,5+
16.0,female,10,not,Black or African American,,0,3
15.0,female,10,not,Black or African American,never,did not drive,2
16.0,female,10,not,Black or African American,never,30,2
16.0,female,10,not,Black or African American,sometimes,6-9,3
16.0,female,10,not,Black or African American,never,did not drive,5+
16.0,female,10,not,Black or African American,never,1-2,5+
17.0,male,10,hispanic,White,,0,1
16.0,male,10,not,,never,1-2,do not watch
16.0,male,10,not,Black or African American,did not ride,did not drive,4
16.0,male,10,not,Black or African American,did not ride,0,3
16.0,male,10,not,Black or African American,never,3-5,3
16.0,male,10,not,Black or African American,never,,5+
17.0,male,10,not,Black or African American,never,0,2
,male,10,not,Black or African American,did not ride,,do not watch
17.0,male,11,not,Black or African American,never,0,3
18.0,female,12,not,Black or African American,did not ride,1-2,5+
18.0,female,12,not,Black or African American,,did not drive,<1
18.0,female,12,not,Black or African American,rarely,0,2
18.0,female,12,not,Black or African American,never,,3
18.0,female,12,not,Black or African American,did not ride,0,3
18.0,female,12,not,Black or African American,did not ride,did not drive,2
18.0,female,12,not,Black or African American,did not ride,did not drive,3
18.0,female,12,not,Black or African American,did not ride,1-2,<1
17.0,female,12,not,Black or African American,did not ride,1-2,5+
17.0,female,12,not,Black or African American,never,1-2,2
18.0,female,12,not,Black or African American,did not ride,did not drive,2
18.0,female,12,not,Black or African American,,0,do not watch
18.0,male,12,not,Black or African American,did not ride,0,4
18.0,male,12,not,Black or African American,never,3-5,5+
18.0,male,12,not,Black or African American,did not ride,,5+
17.0,male,12,not,Black or African American,did not ride,30,<1
17.0,male,12,not,Black or African American,rarely,30,2
17.0,male,12,not,Black or African American,never,did not drive,4
18.0,male,12,not,Black or African American,never,did not drive,4
18.0,male,12,not,Black or African American,never,did not drive,5+
17.0,male,12,not,Black or African American,never,0,1
18.0,male,12,not,Black or African American,sometimes,0,3
15.0,male,10,not,Black or African American,never,did not drive,3
17.0,male,10,not,Black or African American,never,1-2,4
17.0,male,11,not,,never,did not drive,2
18.0,female,12,not,Black or African American,never,30,do not watch
16.0,female,10,not,Black or African American,rarely,0,5+
16.0,female,10,not,Black or African American,did not ride,30,5+
16.0,female,10,not,Black or African American,never,0,3
17.0,female,10,not,Black or African American,did not ride,0,<1
16.0,female,10,not,Black or African American,never,3-5,5+
15.0,female,10,not,Black or African American,never,did not drive,5+
16.0,female,10,not,Black or African American,did not ride,did not drive,5+
15.0,female,10,not,,never,did not drive,4
15.0,female,10,not,Black or African American,did not ride,0,4
16.0,male,9,not,Black or African American,never,did not drive,do not watch
15.0,male,9,not,Black or African American,did not ride,0,5+
14.0,male,9,not,Black or African American,never,0,4
15.0,male,9,not,Black or African American,never,did not drive,3
15.0,male,9,not,Black or African American,never,0,4
16.0,male,9,not,Black or African American,never,3-5,do not watch
16.0,male,10,not,Black or African American,did not ride,did not drive,do not watch
15.0,male,9,not,Black or African American,never,0,5+
14.0,female,9,not,Black or African American,rarely,did not drive,<1
16.0,female,9,not,Black or African American,never,0,4
15.0,female,9,not,Black or African American,never,did not drive,5+
15.0,female,9,not,Black or African American,never,did not drive,5+
14.0,female,9,not,Black or African American,sometimes,,3
16.0,female,9,not,Black or African American,never,0,<1
15.0,male,9,not,Black or African American,never,,5+
16.0,male,10,not,Black or African American,never,0,3
14.0,male,9,not,Black or African American,never,6-9,5+
14.0,male,9,not,Black or African American,never,0,3
15.0,male,9,not,Black or African American,never,1-2,4
14.0,male,9,not,Black or African American,never,did not drive,3
15.0,male,9,not,Black or African American,never,0,5+
15.0,male,9,not,Black or African American,never,0,2
14.0,male,9,not,Black or African American,never,,5+
15.0,male,9,not,Black or African American,never,0,2
15.0,male,9,not,Black or African American,never,did not drive,<1
14.0,male,9,not,Black or African American,never,0,5+
14.0,female,9,not,Black or African American,did not ride,did not drive,3
14.0,female,9,not,Black or African American,did not ride,0,4
15.0,female,9,not,Black or African American,did not ride,did not drive,do not watch
14.0,female,9,not,Black or African American,never,0,3
15.0,female,9,not,Black or African American,never,0,4
15.0,female,9,not,Black or African American,did not ride,did not drive,2
15.0,female,9,hispanic,,never,0,do not watch
14.0,female,9,not,Black or African American,did not ride,did not drive,5+
15.0,female,9,not,Black or African American,never,0,3
14.0,female,9,not,Black or African American,never,30,3
15.0,female,9,not,Black or African American,did not ride,did not drive,5+
15.0,female,9,not,Black or African American,never,0,1
14.0,female,9,not,Black or African American,never,0,5+
15.0,female,9,not,Black or African American,never,did not drive,3
15.0,female,9,not,Black or African American,never,,2
14.0,female,9,not,Black or African American,never,0,3
15.0,female,9,not,Black or African American,never,did not drive,5+
15.0,female,9,not,Black or African American,did not ride,0,<1
14.0,female,9,not,Black or African American,never,0,do not watch
17.0,female,12,not,Black or African American,,0,do not watch
18.0,female,12,not,Black or African American,did not ride,0,5+
18.0,female,12,not,Black or African American,never,1-2,5+
18.0,female,12,not,Black or African American,did not ride,6-9,do not watch
17.0,female,12,not,Black or African American,never,3-5,3
18.0,female,12,not,,did not ride,3-5,2
18.0,female,12,not,Black or African American,did not ride,0,3
18.0,female,12,not,Black or African American,never,0,2
17.0,female,12,not,Black or African American,did not ride,did not drive,2
18.0,female,12,not,Black or African American,did not ride,did not drive,2
18.0,female,12,not,Black or African American,did not ride,did not drive,do not watch
17.0,female,12,not,Black or African American,never,,1
17.0,male,12,not,Black or African American,never,0,5+
18.0,male,12,not,Black or African American,,30,4
18.0,male,12,not,Black or African American,never,3-5,<1
18.0,female,12,not,Black or African American,rarely,0,3
17.0,female,12,not,Black or African American,never,0,2
17.0,female,12,not,Black or African American,did not ride,0,3
18.0,male,12,not,Black or African American,never,10-19,5+
18.0,male,12,not,Black or African American,did not ride,,3
18.0,male,12,not,Black or African American,never,30,do not watch
17.0,male,12,not,Black or African American,never,did not drive,1
17.0,male,12,not,Black or African American,did not ride,3-5,do not watch
18.0,male,12,not,Black or African American,never,0,4
17.0,male,12,not,Black or African American,did not ride,20-29,2
18.0,male,12,not,Black or African American,never,0,5+
17.0,female,11,not,Black or African American,did not ride,did not drive,5+
17.0,female,11,not,Black or African American,never,,5+
16.0,female,11,not,Black or African American,never,0,5+
16.0,female,11,not,Black or African American,did not ride,did not drive,5+
16.0,female,11,not,Black or African American,did not ride,did not drive,4
17.0,female,11,not,Black or African American,did not ride,0,<1
17.0,female,11,not,Black or African American,sometimes,0,5+
16.0,female,11,not,Black or African American,never,0,5+
17.0,female,11,not,Black or African American,never,0,<1
16.0,male,11,not,Black or African American,did not ride,did not drive,3
17.0,male,11,not,Black or African American,never,0,2
16.0,male,11,not,Black or African American,never,,do not watch
16.0,male,11,not,Black or African American,never,did not drive,<1
17.0,male,12,not,Black or African American,never,0,2
17.0,male,11,not,,rarely,10-19,2
17.0,male,11,not,Black or African American,never,0,4
17.0,male,11,not,Black or African American,did not ride,0,5+
17.0,male,11,not,Black or African American,never,0,2
17.0,male,11,not,Black or African American,did not ride,1-2,4
16.0,male,11,not,Black or African American,did not ride,1-2,2
16.0,male,11,not,Black or African American,never,did not drive,5+
16.0,male,11,not,Black or African American,did not ride,0,3
17.0,male,11,not,Black or African American,did not ride,0,do not watch
17.0,male,11,not,Black or African American,never,did not drive,3
18.0,male,11,not,Black or African American,did not ride,0,5+
17.0,male,11,not,,never,0,5+
17.0,male,11,not,Black or African American,never,1-2,5+
16.0,female,11,not,Black or African American,did not ride,6-9,1
18.0,female,12,not,Black or African American,never,,3
18.0,female,11,not,Black or African American,sometimes,did not drive,<1
18.0,female,12,not,Black or African American,did not ride,10-19,5+
18.0,female,12,not,Black or African American,did not ride,0,5+
17.0,female,11,not,Black or African American,never,0,5+
17.0,female,11,not,Black or African American,did not ride,10-19,5+
18.0,female,11,not,Black or African American,did not ride,did not drive,3
18.0,male,12,not,Black or African American,never,3-5,2
,male,12,not,Black or African American,never,0,1
18.0,male,11,not,Black or African American,never,0,5+
18.0,male,12,not,Black or African American,did not ride,3-5,3
17.0,male,12,not,American Indian or Alaska Native,did not ride,did not drive,do not watch
18.0,male,12,not,Black or African American,never,30,5+
18.0,male,12,not,Black or African American,did not ride,30,2
17.0,female,12,not,Black or African American,did not ride,,4
18.0,female,12,not,Black or African American,never,10-19,do not watch
18.0,female,12,not,Black or African American,never,0,5+
18.0,female,12,not,Black or African American,rarely,10-19,5+
18.0,female,12,not,Black or African American,did not ride,0,3
18.0,female,12,not,Black or African American,never,3-5,<1
17.0,female,12,not,Black or African American,never,did not drive,5+
18.0,female,12,not,Black or African American,did not ride,0,3
18.0,female,12,not,Black or African American,never,did not drive,3
17.0,female,11,not,Black or African American,never,did not drive,3
17.0,female,10,not,Black or African American,never,0,<1
18.0,female,10,not,Black or African American,did not ride,1-2,do not watch
15.0,female,10,not,Black or African American,did not ride,0,3
16.0,female,10,not,Black or African American,never,,5+
16.0,female,10,not,Black or African American,did not ride,did not drive,do not watch
16.0,female,10,not,Black or African American,sometimes,1-2,3
17.0,female,10,not,Black or African American,never,0,5+
17.0,male,10,not,Black or African American,rarely,0,1
15.0,male,10,not,Black or African American,never,0,3
16.0,male,10,not,Black or African American,rarely,1-2,3
16.0,male,11,not,Black or African American,rarely,did not drive,2
15.0,male,10,not,Black or African American,never,0,5+
16.0,male,10,not,Black or African American,never,3-5,5+
17.0,male,10,not,Black or African American,did not ride,0,2
17.0,male,10,not,Black or African American,did not ride,1-2,1
15.0,male,10,not,Black or African American,did not ride,0,5+
15.0,male,10,not,Black or African American,did not ride,6-9,4
16.0,male,10,not,Black or African American,never,0,2
17.0,male,10,not,Black or African American,never,0,<1
15.0,male,10,not,Black or African American,never,0,1
16.0,male,9,not,Black or African American,never,0,5+
15.0,male,9,not,Black or African American,never,did not drive,4
17.0,male,9,not,Black or African American,never,did not drive,5+
15.0,male,9,not,Black or African American,never,3-5,5+
15.0,male,9,not,Black or African American,never,did not drive,5+
15.0,male,9,not,Black or African American,never,0,2
15.0,male,9,not,Black or African American,never,did not drive,2
15.0,male,9,not,Black or African American,always,did not drive,5+
15.0,male,9,not,Black or African American,rarely,0,4
15.0,male,9,not,Black or African American,never,10-19,4
15.0,female,9,not,Black or African American,did not ride,0,5+
15.0,female,9,not,Black or African American,did not ride,0,
15.0,female,9,not,Black or African American,never,did not drive,do not watch
14.0,female,9,not,Black or African American,rarely,did not drive,5+
15.0,female,9,not,Black or African American,did not ride,did not drive,2
15.0,female,9,not,Black or African American,never,did not drive,<1
15.0,female,9,not,Black or African American,never,did not drive,5+
14.0,female,9,not,Black or African American,never,did not drive,4
14.0,female,9,not,Black or African American,did not ride,did not drive,do not watch
15.0,female,9,not,Black or African American,never,0,5+
15.0,female,9,not,Black or African American,rarely,0,do not watch
14.0,female,9,not,,rarely,0,4
15.0,female,9,not,Black or African American,rarely,0,5+
15.0,female,9,not,Black or African American,never,20-29,5+
15.0,female,9,not,,did not ride,0,2
15.0,female,9,not,Black or African American,never,0,5+
15.0,female,9,not,Black or African American,did not ride,did not drive,5+
16.0,female,9,not,Black or African American,did not ride,0,4
15.0,female,10,not,Black or African American,never,did not drive,do not watch
16.0,female,10,not,Black or African American,did not ride,did not drive,3
16.0,male,10,hispanic,,never,did not drive,5+
16.0,male,10,not,Black or African American,did not ride,0,<1
17.0,male,10,not,Black or African American,never,0,3
17.0,male,10,not,Black or African American,did not ride,0,3
16.0,male,10,not,Black or African American,never,0,3
16.0,male,10,not,Black or African American,did not ride,0,do not watch
15.0,male,10,not,Black or African American,never,1-2,<1
17.0,male,11,not,Black or African American,never,0,do not watch
15.0,male,10,not,Black or African American,never,30,2
15.0,female,10,not,Black or African American,never,did not drive,5+
16.0,female,10,not,Black or African American,never,10-19,2
15.0,female,10,not,Black or African American,never,30,1
17.0,female,11,not,Black or African American,did not ride,did not drive,5+
17.0,female,11,not,Black or African American,never,0,5+
16.0,female,10,not,,never,0,3
15.0,female,10,not,Black or African American,did not ride,0,5+
18.0,female,11,not,Black or African American,rarely,0,3
15.0,female,10,not,Black or African American,never,,4
17.0,female,10,not,Black or African American,did not ride,0,3
15.0,male,9,not,White,did not ride,0,3
15.0,male,9,not,White,never,0,1
15.0,male,9,not,White,never,0,do not watch
14.0,female,9,not,White,never,0,2
15.0,female,9,not,Black or African American,never,0,5+
14.0,female,9,not,White,did not ride,0,4
15.0,female,9,not,White,never,did not drive,4
15.0,female,9,not,White,did not ride,0,3
14.0,female,9,not,White,did not ride,0,<1
15.0,female,9,not,,did not ride,1-2,3
14.0,female,9,not,White,never,6-9,2
15.0,female,9,not,Black or African American,did not ride,did not drive,<1
15.0,female,9,not,White,did not ride,did not drive,3
14.0,female,9,not,White,did not ride,did not drive,2
14.0,female,9,not,Black or African American,never,,5+
16.0,female,9,hispanic,Native Hawaiian or Other Pacific Islander,did not ride,,do not watch
14.0,female,9,not,White,did not ride,did not drive,2
18.0,male,11,not,White,never,3-5,5+
16.0,male,11,hispanic,,never,0,2
17.0,male,11,not,White,never,1-2,2
17.0,male,11,not,White,did not ride,10-19,1
16.0,male,11,not,Black or African American,never,did not drive,do not watch
16.0,male,11,not,White,did not ride,did not drive,2
16.0,male,11,not,White,did not ride,0,3
16.0,male,11,not,White,never,30,<1
17.0,male,11,not,White,never,30,3
17.0,female,11,not,White,did not ride,30,<1
16.0,female,11,not,White,did not ride,20-29,<1
17.0,female,11,not,White,did not ride,10-19,5+
17.0,female,11,not,White,did not ride,0,<1
16.0,female,11,not,White,never,1-2,2
16.0,female,11,not,White,did not ride,10-19,do not watch
17.0,male,11,not,White,never,0,<1
18.0,male,11,hispanic,White,never,0,do not watch
17.0,female,11,not,White,did not ride,3-5,2
16.0,female,11,not,Black or African American,never,did not drive,4
15.0,male,10,not,White,never,0,4
16.0,male,10,not,White,did not ride,1-2,4
16.0,male,10,not,Black or African American,never,1-2,4
16.0,male,10,not,White,did not ride,did not drive,2
17.0,female,10,not,White,never,did not drive,5+
18.0,female,12,not,White,never,,1
16.0,female,10,hispanic,White,never,1-2,1
17.0,female,10,not,White,did not ride,did not drive,3
18.0,male,12,not,White,never,30,<1
18.0,male,12,not,White,never,10-19,2
17.0,male,12,hispanic,White,did not ride,1-2,<1
18.0,male,12,not,Black or African American,did not ride,1-2,5+
18.0,male,12,not,White,never,0,<1
18.0,male,12,not,Black or African American,never,6-9,<1
18.0,male,12,not,White,did not ride,,do not watch
18.0,male,12,not,White,never,3-5,2
17.0,female,12,not,White,did not ride,0,<1
18.0,female,12,not,White,never,30,1
17.0,female,12,not,White,did not ride,did not drive,2
18.0,female,12,not,White,did not ride,1-2,2
18.0,female,12,not,,never,0,2
18.0,female,12,not,White,never,20-29,4
18.0,female,12,hispanic,White,did not ride,30,4
18.0,female,12,not,Black or African American,did not ride,0,2
18.0,female,12,not,White,did not ride,0,5+
18.0,female,12,not,White,did not ride,6-9,do not watch
17.0,female,12,not,Black or African American,did not ride,1-2,3
18.0,female,12,not,White,did not ride,30,4
15.0,male,9,not,White,never,did not drive,3
14.0,male,9,not,White,never,0,<1
14.0,male,9,not,White,did not ride,did not drive,1
14.0,male,9,not,White,never,did not drive,2
14.0,male,9,not,White,never,,2
16.0,male,9,not,Black or African American,did not ride,0,2
15.0,male,9,not,White,did not ride,did not drive,2
15.0,female,9,hispanic,,did not ride,0,2
16.0,female,9,hispanic,White,did not ride,1-2,3
14.0,female,9,not,Black or African American,most of time,0,4
15.0,female,9,not,White,never,0,<1
15.0,female,9,not,White,never,0,3
14.0,female,9,hispanic,,never,did not drive,2
14.0,female,9,not,White,sometimes,did not drive,<1
14.0,female,9,hispanic,White,did not ride,0,1
16.0,female,9,not,White,never,0,1
15.0,female,9,not,White,did not ride,0,do not watch
14.0,female,9,not,White,never,did not drive,2
16.0,female,11,not,Black or African American,did not ride,0,5+
17.0,female,11,not,White,did not ride,10-19,<1
16.0,female,11,not,White,did not ride,10-19,2
17.0,female,11,not,White,never,0,5+
16.0,female,11,not,Black or African American,did not ride,did not drive,3
18.0,female,12,not,White,never,1-2,do not watch
17.0,female,11,not,,did not ride,did not drive,3
17.0,male,11,not,White,did not ride,,2
16.0,male,11,not,White,did not ride,3-5,<1
17.0,male,11,not,White,did not ride,did not drive,do not watch
17.0,male,11,not,White,never,30,1
17.0,male,11,not,White,did not ride,30,2
16.0,male,11,not,White,did not ride,0,3
18.0,male,11,not,Black or African American,always,0,<1
16.0,male,11,not,White,did not ride,3-5,3
16.0,female,10,not,White,did not ride,did not drive,4
16.0,female,10,not,American Indian or Alaska Native,never,30,5+
16.0,female,10,not,Black or African American,never,0,2
17.0,female,10,not,White,never,0,1
16.0,female,10,not,White,did not ride,30,2
15.0,female,10,not,White,did not ride,,4
16.0,female,10,not,White,did not ride,0,<1
17.0,female,11,not,White,did not ride,3-5,<1
16.0,male,10,hispanic,,did not ride,0,<1
17.0,male,11,not,White,did not ride,1-2,<1
16.0,male,10,hispanic,,never,1-2,2
16.0,male,10,not,White,did not ride,20-29,1
17.0,male,10,not,White,did not ride,0,do not watch
17.0,male,10,not,White,never,0,2
17.0,male,10,hispanic,,did not ride,30,3
18.0,male,12,not,White,did not ride,30,1
18.0,male,12,not,White,did not ride,3-5,4
17.0,male,12,not,Black or African American,never,,1
18.0,male,12,not,White,never,6-9,4
18.0,male,12,not,Black or African American,never,1-2,5+
17.0,male,12,not,Black or African American,did not ride,3-5,1
18.0,male,12,not,White,never,30,<1
17.0,male,12,not,,did not ride,0,2
17.0,male,12,not,White,did not ride,10-19,<1
17.0,male,12,not,White,never,,1
18.0,male,12,not,White,did not ride,did not drive,3
18.0,female,12,not,White,always,0,1
18.0,female,12,not,Black or African American,did not ride,30,do not watch
18.0,female,12,not,,did not ride,20-29,4
17.0,female,12,not,White,never,20-29,<1
18.0,female,12,not,,did not ride,0,2
17.0,female,12,not,Black or African American,did not ride,0,5+
17.0,female,12,not,White,never,10-19,do not watch
17.0,female,12,not,White,never,0,5+
17.0,female,12,not,White,did not ride,30,5+
18.0,female,12,not,White,never,3-5,2
16.0,female,11,not,Black or African American,never,0,5+
16.0,female,11,not,,never,1-2,5+
16.0,female,10,not,,never,did not drive,2
16.0,female,11,not,,never,did not drive,5+
17.0,female,11,not,,did not ride,did not drive,4
16.0,female,11,not,,never,0,3
16.0,female,11,not,,did not ride,0,2
17.0,female,11,not,American Indian or Alaska Native,never,30,<1
17.0,male,11,not,White,did not ride,0,1
17.0,male,11,not,White,did not ride,1-2,4
18.0,male,11,not,White,never,did not drive,3
16.0,male,11,not,White,never,30,5+
17.0,male,11,not,White,did not ride,1-2,3
16.0,male,11,not,Black or African American,did not ride,did not drive,3
17.0,male,11,not,White,did not ride,0,5+
17.0,male,11,not,White,never,6-9,4
17.0,male,11,not,Black or African American,never,did not drive,5+
16.0,male,11,not,White,never,1-2,
17.0,male,11,not,White,never,0,do not watch
16.0,male,11,not,Black or African American,never,did not drive,2
16.0,male,11,not,Black or African American,never,3-5,5+
16.0,male,11,not,White,never,did not drive,3
16.0,male,11,not,Black or African American,did not ride,0,3
16.0,male,11,not,Black or African American,never,0,2
16.0,male,11,not,Black or African American,never,1-2,3
16.0,male,10,not,White,did not ride,0,2
16.0,male,10,hispanic,,never,3-5,1
15.0,male,10,not,American Indian or Alaska Native,rarely,0,5+
15.0,male,10,not,White,did not ride,0,4
16.0,male,10,not,White,never,did not drive,do not watch
16.0,male,10,not,White,rarely,0,3
16.0,male,10,not,White,never,0,<1
16.0,male,10,not,White,rarely,0,1
15.0,male,10,not,White,did not ride,0,1
15.0,male,10,,Black or African American,,did not drive,5+
15.0,male,10,not,White,never,did not drive,1
15.0,male,10,not,Black or African American,never,0,
16.0,male,10,not,Black or African American,never,0,1
15.0,male,10,not,White,never,did not drive,<1
16.0,male,10,not,White,never,30,5+
16.0,female,10,hispanic,,never,30,4
15.0,female,10,not,,most of time,0,5+
16.0,female,10,not,White,sometimes,0,1
15.0,female,10,not,White,did not ride,did not drive,<1
15.0,female,10,not,White,did not ride,0,3
16.0,female,10,hispanic,,never,0,<1
16.0,female,10,not,,did not ride,3-5,3
15.0,female,10,not,White,never,did not drive,<1
17.0,female,10,not,White,did not ride,did not drive,3
16.0,female,10,not,Black or African American,never,0,
18.0,male,12,not,White,never,30,do not watch
18.0,male,12,hispanic,White,never,0,2
18.0,male,12,not,White,never,3-5,2
17.0,male,12,not,White,did not ride,0,do not watch
18.0,male,12,not,,did not ride,0,do not watch
18.0,male,12,not,White,did not ride,6-9,<1
17.0,male,12,hispanic,,never,0,4
18.0,male,12,not,,never,3-5,4
17.0,male,12,not,,never,30,4
18.0,male,12,not,White,never,30,4
17.0,male,12,not,White,never,30,2
17.0,female,12,not,Black or African American,did not ride,3-5,4
18.0,female,12,not,Black or African American,did not ride,0,2
18.0,female,12,not,White,never,1-2,2
17.0,female,12,not,White,did not ride,did not drive,do not watch
17.0,female,12,not,White,did not ride,0,2
14.0,female,9,not,Black or African American,never,did not drive,1
15.0,female,9,hispanic,American Indian or Alaska Native,never,did not drive,3
14.0,female,9,not,,never,,2
15.0,female,9,not,White,did not ride,0,2
15.0,female,9,not,Black or African American,rarely,,2
14.0,female,9,not,Native Hawaiian or Other Pacific Islander,did not ride,1-2,2
15.0,female,9,not,Black or African American,did not ride,did not drive,5+
15.0,female,9,not,White,did not ride,did not drive,4
14.0,female,9,not,Black or African American,did not ride,did not drive,
17.0,female,9,hispanic,White,did not ride,0,2
15.0,male,9,not,White,never,did not drive,<1
15.0,male,9,not,White,never,0,2
15.0,male,9,not,White,never,did not drive,3
15.0,male,9,not,White,never,did not drive,3
15.0,male,9,not,White,never,did not drive,3
15.0,male,9,not,White,did not ride,did not drive,<1
14.0,male,9,not,White,never,0,3
15.0,male,10,hispanic,White,did not ride,did not drive,do not watch
15.0,male,10,not,,never,did not drive,3
15.0,male,10,not,,never,did not drive,<1
15.0,female,10,not,White,did not ride,did not drive,2
16.0,female,10,not,,always,0,2
15.0,female,10,not,Black or African American,never,0,5+
16.0,female,10,not,,never,0,4
15.0,male,10,not,White,never,,2
15.0,female,10,not,,never,did not drive,2
15.0,male,10,not,Black or African American,did not ride,did not drive,do not watch
16.0,female,10,hispanic,,did not ride,0,2
16.0,male,10,not,White,never,did not drive,<1
16.0,male,10,not,Black or African American,never,did not drive,5+
15.0,male,10,not,Black or African American,never,1-2,2
16.0,female,10,not,Black or African American,did not ride,1-2,3
16.0,male,10,not,Black or African American,never,did not drive,5+
15.0,male,10,not,Black or African American,never,did not drive,3
15.0,male,10,not,Black or African American,never,0,do not watch
15.0,male,10,not,,never,0,3
17.0,female,10,not,Black or African American,did not ride,3-5,do not watch
15.0,female,10,not,Black or African American,did not ride,did not drive,<1
16.0,female,10,not,Black or African American,did not ride,did not drive,<1
15.0,male,10,not,Black or African American,most of time,0,3
16.0,female,10,not,Black or African American,never,1-2,2
15.0,male,10,not,Black or African American,did not ride,did not drive,4
15.0,male,10,hispanic,Black or African American,never,0,2
16.0,male,10,hispanic,Native Hawaiian or Other Pacific Islander,never,did not drive,1
16.0,male,10,not,Black or African American,rarely,0,do not watch
16.0,male,10,not,Black or African American,sometimes,did not drive,
16.0,male,10,hispanic,Black or African American,did not ride,did not drive,5+
16.0,male,10,not,Black or African American,did not ride,3-5,3
16.0,female,10,not,Black or African American,did not ride,0,3
16.0,female,10,not,Black or African American,sometimes,0,5+
15.0,female,10,not,Black or African American,did not ride,1-2,2
16.0,female,10,not,Black or African American,never,did not drive,do not watch
15.0,female,10,hispanic,,never,0,3
15.0,female,10,hispanic,,,did not drive,<1
15.0,female,10,not,Black or African American,did not ride,0,5+
15.0,female,10,not,Black or African American,did not ride,did not drive,1
16.0,female,10,not,Black or African American,never,0,
16.0,female,10,not,Black or African American,,0,3
16.0,female,10,not,White,never,0,do not watch
15.0,female,10,not,,did not ride,did not drive,2
16.0,female,11,not,Black or African American,rarely,0,5+
17.0,female,11,not,Black or African American,never,did not drive,4
16.0,female,11,not,Black or African American,did not ride,did not drive,4
16.0,female,11,not,Black or African American,did not ride,did not drive,4
16.0,female,11,not,Black or African American,did not ride,,4
17.0,female,11,hispanic,,did not ride,0,5+
16.0,female,11,not,,did not ride,0,2
17.0,female,11,not,White,never,0,do not watch
17.0,male,11,not,Black or African American,never,0,3
18.0,male,11,not,Black or African American,never,did not drive,do not watch
17.0,male,11,not,White,never,0,<1
16.0,male,11,not,Black or African American,did not ride,0,3
17.0,male,11,hispanic,White,never,0,<1
17.0,male,11,not,Black or African American,rarely,0,3
16.0,male,11,not,Black or African American,did not ride,0,4
16.0,male,11,not,,never,30,5+
17.0,male,11,hispanic,,never,did not drive,3
16.0,male,11,not,Black or African American,did not ride,0,5+
17.0,male,11,not,Native Hawaiian or Other Pacific Islander,never,,5+
16.0,male,11,not,,never,20-29,3
16.0,male,11,hispanic,,never,,3
16.0,male,11,not,,did not ride,20-29,3
18.0,male,11,not,Black or African American,never,30,<1
17.0,male,11,hispanic,,never,did not drive,<1
17.0,male,11,not,,did not ride,6-9,5+
16.0,male,11,hispanic,Black or African American,never,0,<1
16.0,male,10,not,Black or African American,never,did not drive,3
16.0,male,10,not,White,never,1-2,2
15.0,male,10,not,Black or African American,did not ride,did not drive,3
17.0,male,10,not,White,never,0,<1
16.0,male,10,not,Black or African American,never,1-2,2
16.0,male,10,not,Black or African American,never,did not drive,3
17.0,female,10,not,Black or African American,did not ride,0,5+
16.0,male,10,not,Black or African American,rarely,0,1
16.0,male,10,not,Black or African American,never,0,4
16.0,male,10,not,Black or African American,rarely,0,2
16.0,female,10,not,Black or African American,never,0,4
15.0,female,10,not,Black or African American,did not ride,did not drive,2
16.0,female,10,not,Black or African American,did not ride,did not drive,5+
15.0,female,10,not,Black or African American,did not ride,0,4
16.0,female,10,hispanic,,never,,<1
15.0,female,10,not,Black or African American,never,3-5,
16.0,male,11,not,Black or African American,never,1-2,4
16.0,male,11,not,Native Hawaiian or Other Pacific Islander,did not ride,30,5+
16.0,male,11,hispanic,Black or African American,never,did not drive,4
17.0,male,11,hispanic,White,did not ride,did not drive,2
17.0,male,11,not,,did not ride,did not drive,5+
18.0,male,11,not,,never,10-19,5+
18.0,male,11,not,Black or African American,never,did not drive,5+
16.0,male,11,not,Black or African American,never,0,
17.0,male,11,not,Black or African American,never,0,
17.0,male,11,not,,did not ride,1-2,<1
17.0,male,11,not,Black or African American,sometimes,0,3
16.0,female,11,not,Black or African American,,10-19,2
17.0,female,11,not,Black or African American,did not ride,0,3
16.0,female,11,not,Black or African American,did not ride,did not drive,2
16.0,female,11,not,Black or African American,did not ride,did not drive,5+
14.0,female,9,not,Black or African American,never,0,5+
15.0,female,9,not,Black or African American,did not ride,did not drive,2
14.0,female,9,not,Black or African American,never,,2
14.0,female,9,not,Black or African American,never,0,5+
16.0,female,9,not,Black or African American,never,0,<1
15.0,female,9,not,,never,0,4
16.0,female,10,hispanic,,rarely,10-19,4
15.0,female,9,not,American Indian or Alaska Native,did not ride,0,do not watch
15.0,female,9,not,Black or African American,never,0,<1
15.0,female,9,not,Black or African American,never,0,5+
15.0,female,9,not,Black or African American,did not ride,,5+
14.0,male,9,not,American Indian or Alaska Native,never,0,3
15.0,male,9,not,Black or African American,never,did not drive,3
14.0,male,9,not,Black or African American,never,did not drive,3
15.0,male,9,hispanic,,never,did not drive,3
15.0,male,9,not,,never,did not drive,<1
15.0,male,9,not,Black or African American,did not ride,did not drive,5+
16.0,male,9,not,Black or African American,did not ride,did not drive,<1
14.0,male,9,hispanic,,did not ride,did not drive,<1
14.0,male,9,not,Black or African American,never,did not drive,5+
16.0,male,9,not,White,rarely,0,4
14.0,male,9,not,Black or African American,did not ride,did not drive,5+
14.0,male,9,not,Black or African American,never,0,2
18.0,male,12,hispanic,,rarely,0,5+
18.0,male,12,not,,did not ride,3-5,4
17.0,male,12,not,Black or African American,did not ride,did not drive,<1
16.0,male,12,not,Black or African American,did not ride,1-2,3
18.0,male,12,not,Black or African American,never,10-19,4
17.0,male,12,not,,never,did not drive,<1
17.0,female,12,not,Black or African American,did not ride,0,5+
17.0,female,12,not,Black or African American,never,0,2
17.0,female,12,not,Black or African American,did not ride,0,do not watch
17.0,female,12,hispanic,,did not ride,30,1
18.0,female,12,hispanic,,never,6-9,3
18.0,female,12,not,Black or African American,never,0,do not watch
18.0,female,12,not,Black or African American,did not ride,3-5,3
17.0,female,12,not,Black or African American,did not ride,3-5,3
18.0,female,12,hispanic,Black or African American,did not ride,0,2
17.0,female,12,not,Black or African American,did not ride,0,<1
17.0,female,12,not,,did not ride,10-19,1
17.0,female,12,hispanic,,did not ride,0,do not watch
17.0,female,11,not,Black or African American,never,0,2
18.0,female,12,not,Black or African American,did not ride,0,5+
17.0,female,12,not,White,did not ride,did not drive,2
17.0,female,12,not,Black or African American,never,did not drive,
18.0,female,12,not,Black or African American,did not ride,6-9,5+
17.0,male,12,not,Black or African American,never,10-19,5+
18.0,male,12,hispanic,Native Hawaiian or Other Pacific Islander,never,30,2
18.0,male,12,not,Black or African American,did not ride,,do not watch
18.0,male,12,not,Black or African American,never,did not drive,2
18.0,male,12,not,Black or African American,never,0,5+
18.0,male,12,hispanic,Black or African American,never,0,3
18.0,male,11,not,Asian,did not ride,0,
18.0,male,12,not,Native Hawaiian or Other Pacific Islander,did not ride,0,do not watch
17.0,male,12,not,White,did not ride,0,<1
17.0,male,12,not,Black or African American,did not ride,30,3
18.0,male,12,not,Black or African American,did not ride,did not drive,<1
17.0,female,12,not,Black or African American,did not ride,did not drive,2
18.0,female,12,not,American Indian or Alaska Native,rarely,did not drive,3
18.0,female,12,not,Black or African American,never,30,4
18.0,female,12,not,,did not ride,30,5+
17.0,female,12,not,,never,30,5+
17.0,female,12,not,Black or African American,did not ride,6-9,4
18.0,female,12,not,Black or African American,never,0,5+
17.0,female,12,hispanic,Native Hawaiian or Other Pacific Islander,did not ride,did not drive,<1
17.0,female,12,hispanic,Black or African American,sometimes,0,3
16.0,female,11,not,Black or African American,did not ride,0,<1
16.0,female,11,not,Black or African American,did not ride,0,3
16.0,female,11,not,Black or African American,did not ride,did not drive,3
17.0,female,11,not,Black or African American,did not ride,0,3
17.0,female,11,not,Black or African American,did not ride,did not drive,3
15.0,female,11,not,White,always,0,do not watch
17.0,female,11,not,Asian,most of time,0,1
16.0,male,11,not,,always,0,<1
16.0,male,11,not,,never,1-2,do not watch
16.0,male,11,not,White,did not ride,0,2
17.0,male,11,hispanic,Black or African American,never,did not drive,2
17.0,male,11,hispanic,White,never,20-29,do not watch
16.0,female,11,not,Black or African American,did not ride,did not drive,do not watch
16.0,male,11,not,Black or African American,did not ride,0,<1
16.0,male,11,not,,never,did not drive,5+
16.0,male,11,not,Black or African American,never,did not drive,2
17.0,female,11,not,Asian,never,,do not watch
17.0,female,11,not,White,most of time,did not drive,5+
17.0,female,11,not,Black or African American,never,0,3
17.0,female,11,not,Black or African American,did not ride,30,do not watch
17.0,female,11,not,Black or African American,did not ride,did not drive,<1
16.0,female,11,hispanic,,did not ride,did not drive,4
16.0,female,11,not,Black or African American,never,0,5+
16.0,female,11,not,White,did not ride,0,do not watch
16.0,male,11,not,,did not ride,0,3
17.0,male,11,not,Black or African American,did not ride,,1
17.0,male,11,not,Black or African American,never,0,5+
17.0,female,12,not,White,never,30,do not watch
17.0,male,12,not,,did not ride,30,do not watch
17.0,female,12,not,Black or African American,did not ride,1-2,do not watch
17.0,female,12,not,Black or African American,did not ride,0,2
17.0,female,12,not,Asian,did not ride,6-9,2
16.0,female,12,not,Asian,rarely,did not drive,do not watch
18.0,female,12,not,,did not ride,did not drive,3
17.0,female,12,not,,did not ride,did not drive,do not watch
17.0,female,12,not,White,did not ride,0,3
17.0,female,12,not,,did not ride,did not drive,do not watch
17.0,female,12,not,White,did not ride,0,1
18.0,female,12,not,Black or African American,never,1-2,5+
17.0,male,12,not,White,did not ride,0,2
17.0,female,12,not,,rarely,,5+
17.0,male,12,not,Black or African American,did not ride,0,do not watch
18.0,male,12,not,Black or African American,did not ride,1-2,1
18.0,male,12,,,did not ride,30,1
18.0,male,12,hispanic,White,did not ride,10-19,4
18.0,male,12,not,Black or African American,never,30,3
17.0,male,12,hispanic,Black or African American,never,10-19,3
17.0,male,12,not,Black or African American,never,0,3
18.0,male,12,not,Black or African American,did not ride,did not drive,do not watch
18.0,male,12,hispanic,White,did not ride,0,3
17.0,male,12,not,Black or African American,did not ride,did not drive,<1
18.0,male,12,not,Black or African American,never,,do not watch
17.0,male,12,not,Black or African American,never,0,5+
17.0,male,12,not,White,always,0,1
17.0,female,12,not,,did not ride,did not drive,5+
17.0,female,12,not,Black or African American,did not ride,did not drive,5+
17.0,female,12,not,,never,0,1
17.0,female,12,not,Black or African American,did not ride,0,2
18.0,female,12,not,White,most of time,did not drive,5+
18.0,female,12,not,Black or African American,did not ride,30,3
18.0,female,12,not,White,never,1-2,do not watch
17.0,female,12,not,Black or African American,did not ride,0,5+
17.0,female,11,not,,never,0,1
18.0,female,12,not,,sometimes,1-2,<1
18.0,female,12,not,Black or African American,did not ride,,1
17.0,female,12,not,Black or African American,did not ride,0,5+
17.0,female,12,not,Black or African American,did not ride,1-2,1
18.0,female,12,not,Black or African American,did not ride,0,
16.0,female,10,not,Asian,did not ride,0,1
15.0,female,10,not,,never,did not drive,3
15.0,female,10,not,White,did not ride,0,2
16.0,female,10,not,Black or African American,never,did not drive,5+
15.0,female,10,not,Black or African American,never,did not drive,2
15.0,female,10,not,White,did not ride,did not drive,4
15.0,female,10,not,Black or African American,did not ride,0,5+
15.0,female,10,not,Black or African American,never,0,1
16.0,female,10,not,White,did not ride,did not drive,<1
16.0,male,10,not,White,never,0,<1
15.0,male,10,not,Black or African American,did not ride,0,1
16.0,male,10,not,Black or African American,never,0,5+
16.0,male,10,hispanic,,never,0,<1
16.0,male,10,not,Black or African American,,0,2
15.0,male,10,not,White,most of time,0,2
16.0,male,10,not,White,never,0,<1
15.0,male,10,not,Black or African American,never,did not drive,1
15.0,male,9,not,Black or African American,did not ride,did not drive,3
16.0,female,10,not,White,always,0,<1
16.0,female,10,hispanic,Black or African American,did not ride,0,4
16.0,female,10,not,White,never,3-5,<1
17.0,female,10,not,Black or African American,never,0,<1
15.0,female,10,not,White,never,did not drive,<1
16.0,female,10,not,,did not ride,0,5+
15.0,female,10,not,Black or African American,did not ride,0,do not watch
16.0,male,10,not,Black or African American,did not ride,did not drive,do not watch
16.0,male,10,not,White,did not ride,0,2
15.0,male,10,hispanic,,never,0,5+
16.0,male,10,not,Black or African American,never,did not drive,2
16.0,male,10,hispanic,,never,0,4
16.0,male,10,not,White,did not ride,did not drive,2
16.0,male,10,not,Black or African American,did not ride,did not drive,3
16.0,male,10,not,Black or African American,did not ride,did not drive,5+
15.0,male,10,not,White,rarely,0,2
17.0,male,10,not,White,did not ride,0,do not watch
15.0,male,10,hispanic,Black or African American,did not ride,did not drive,5+
14.0,female,9,not,Black or African American,never,did not drive,<1
14.0,female,9,not,Black or African American,never,,4
14.0,female,9,not,Black or African American,never,did not drive,2
15.0,female,9,not,Black or African American,never,did not drive,3
14.0,female,9,not,,never,did not drive,do not watch
15.0,female,9,not,,never,0,<1
15.0,female,9,not,Black or African American,did not ride,,2
14.0,female,,not,,rarely,0,4
14.0,male,9,not,,never,did not drive,5+
14.0,male,9,not,,rarely,did not drive,4
14.0,male,9,not,White,did not ride,did not drive,2
15.0,male,9,hispanic,Black or African American,did not ride,0,4
14.0,male,9,not,Black or African American,never,0,do not watch
14.0,male,9,not,Black or African American,did not ride,did not drive,2
15.0,male,9,not,Black or African American,never,did not drive,4
15.0,male,9,not,,did not ride,did not drive,do not watch
15.0,male,9,not,Black or African American,,0,4
15.0,male,9,not,White,sometimes,0,do not watch
15.0,male,9,not,,sometimes,did not drive,do not watch
16.0,male,9,not,White,never,3-5,5+
14.0,male,9,not,Black or African American,never,0,3
15.0,male,9,not,Black or African American,never,0,4
15.0,male,9,not,,never,,5+
15.0,male,9,not,Black or African American,never,1-2,1
14.0,female,9,hispanic,,never,did not drive,do not watch
15.0,female,9,not,Black or African American,did not ride,did not drive,5+
15.0,female,9,not,,did not ride,did not drive,do not watch
14.0,female,9,hispanic,,did not ride,did not drive,5+
15.0,female,9,not,Black or African American,never,0,3
15.0,female,9,not,Black or African American,never,0,3
14.0,female,9,not,Native Hawaiian or Other Pacific Islander,never,did not drive,1
14.0,female,9,hispanic,Black or African American,never,did not drive,5+
14.0,female,9,hispanic,,never,,<1
14.0,female,9,not,White,did not ride,did not drive,1
15.0,female,9,not,White,never,,1
14.0,female,9,not,White,never,,1
15.0,female,9,not,Asian,never,did not drive,5+
15.0,male,9,not,White,never,0,2
15.0,male,9,not,White,never,did not drive,2
14.0,male,9,not,White,never,0,2
14.0,male,9,not,White,rarely,did not drive,4
15.0,male,9,not,White,never,did not drive,4
14.0,male,9,not,White,never,did not drive,1
14.0,male,9,not,White,always,did not drive,2
14.0,male,9,not,White,never,0,3
14.0,male,9,hispanic,,rarely,did not drive,2
17.0,female,11,not,White,never,did not drive,4
16.0,female,11,not,Black or African American,did not ride,did not drive,3
17.0,female,11,not,White,never,0,2
17.0,female,11,not,White,never,1-2,1
16.0,female,11,hispanic,White,sometimes,0,3
16.0,female,11,not,White,never,0,5+
17.0,male,11,not,White,did not ride,did not drive,2
16.0,male,11,not,White,never,did not drive,
17.0,male,11,not,White,never,0,3
16.0,male,11,not,White,never,did not drive,1
16.0,male,11,hispanic,White,never,0,3
17.0,male,11,not,White,never,10-19,<1
17.0,male,11,not,White,never,did not drive,<1
18.0,male,12,not,White,never,20-29,2
17.0,male,12,not,White,never,0,1
18.0,male,12,not,White,never,0,2
17.0,male,12,not,White,never,3-5,<1
17.0,female,12,not,White,never,1-2,1
17.0,female,12,not,White,did not ride,0,3
17.0,female,12,not,White,never,0,<1
18.0,female,12,not,White,never,0,2
18.0,female,12,not,White,never,did not drive,2
18.0,female,12,not,White,never,0,2
17.0,female,12,not,White,never,30,2
17.0,female,12,not,White,never,30,do not watch
,female,,,,,0,<1
15.0,female,10,not,White,never,did not drive,4
16.0,female,10,not,White,never,0,do not watch
16.0,female,10,not,White,never,0,<1
15.0,female,10,not,White,most of time,did not drive,1
16.0,female,10,hispanic,Black or African American,never,did not drive,4
16.0,female,10,not,White,never,did not drive,do not watch
16.0,female,10,not,Black or African American,did not ride,0,2
16.0,male,10,not,White,never,0,1
16.0,male,10,not,White,never,0,2
16.0,male,10,not,White,always,did not drive,2
16.0,male,10,not,White,never,0,5+
15.0,male,10,not,White,most of time,did not drive,2
16.0,male,10,not,White,never,did not drive,3
16.0,male,10,not,American Indian or Alaska Native,never,0,3
15.0,female,9,not,Native Hawaiian or Other Pacific Islander,did not ride,,5+
14.0,female,9,not,Black or African American,never,did not drive,5+
14.0,female,9,not,Asian,did not ride,did not drive,1
15.0,female,9,not,,did not ride,,2
15.0,female,9,not,Native Hawaiian or Other Pacific Islander,never,,3
15.0,female,9,not,,did not ride,did not drive,4
15.0,female,9,not,White,never,did not drive,3
14.0,female,9,not,American Indian or Alaska Native,sometimes,did not drive,<1
17.0,female,10,not,Black or African American,never,0,<1
15.0,female,9,not,Black or African American,never,did not drive,4
15.0,female,9,not,,never,,<1
16.0,male,9,not,Black or African American,did not ride,did not drive,3
15.0,male,9,hispanic,,never,did not drive,2
15.0,male,9,not,White,always,did not drive,3
15.0,male,9,hispanic,,never,,3
15.0,male,9,hispanic,,rarely,did not drive,3
16.0,male,10,hispanic,,never,0,<1
15.0,male,9,hispanic,,never,0,3
15.0,male,9,hispanic,,never,did not drive,4
17.0,male,10,hispanic,,always,did not drive,2
15.0,male,9,not,Black or African American,never,did not drive,<1
15.0,male,9,not,Black or African American,never,,3
16.0,male,9,not,,did not ride,did not drive,do not watch
15.0,male,9,hispanic,Black or African American,did not ride,0,1
16.0,male,9,not,,never,did not drive,2
15.0,female,10,hispanic,White,did not ride,did not drive,2
15.0,female,10,hispanic,White,never,did not drive,2
15.0,female,10,not,White,rarely,did not drive,2
15.0,female,10,not,,did not ride,did not drive,2
15.0,female,10,not,White,did not ride,0,<1
15.0,female,10,hispanic,,never,did not drive,2
16.0,female,10,hispanic,White,did not ride,did not drive,<1
15.0,female,10,not,White,did not ride,,3
16.0,female,10,not,White,did not ride,did not drive,1
15.0,female,10,not,White,never,did not drive,do not watch
15.0,female,10,hispanic,,rarely,did not drive,do not watch
16.0,female,10,not,American Indian or Alaska Native,always,0,1
16.0,male,10,,White,always,did not drive,
16.0,male,10,hispanic,White,never,did not drive,3
15.0,male,10,not,White,never,did not drive,2
15.0,male,10,not,White,never,0,3
15.0,male,10,hispanic,American Indian or Alaska Native,did not ride,did not drive,2
16.0,male,11,not,White,never,did not drive,1
15.0,male,10,not,White,never,0,3
14.0,female,9,not,White,never,did not drive,3
14.0,female,9,hispanic,,never,did not drive,5+
14.0,female,9,not,White,did not ride,did not drive,<1
14.0,female,9,not,White,did not ride,0,4
14.0,male,9,not,White,never,did not drive,<1
14.0,male,9,not,White,rarely,0,2
14.0,male,9,not,Black or African American,never,did not drive,5+
14.0,male,9,hispanic,Black or African American,did not ride,0,5+
14.0,male,9,hispanic,,never,,3
14.0,male,9,hispanic,White,did not ride,did not drive,2
14.0,male,9,not,,never,0,2
14.0,male,9,hispanic,,never,0,3
16.0,male,10,not,White,never,did not drive,1
15.0,male,9,not,Black or African American,never,,5+
15.0,male,9,hispanic,White,rarely,0,do not watch
16.0,female,11,hispanic,,did not ride,did not drive,<1
16.0,female,11,not,White,did not ride,did not drive,1
17.0,female,11,not,White,did not ride,1-2,5+
16.0,female,11,not,White,never,did not drive,<1
17.0,female,11,hispanic,White,never,0,5+
16.0,female,11,not,White,most of time,0,4
17.0,female,11,not,White,did not ride,did not drive,1
16.0,female,11,not,White,did not ride,,2
16.0,female,11,hispanic,,never,did not drive,3
17.0,male,11,hispanic,,rarely,did not drive,1
17.0,male,11,hispanic,,never,1-2,3
17.0,male,11,not,White,never,1-2,do not watch
17.0,male,11,hispanic,White,never,0,do not watch
17.0,male,11,not,White,did not ride,0,do not watch
17.0,male,11,hispanic,White,did not ride,did not drive,1
18.0,female,12,not,White,did not ride,30,do not watch
17.0,male,12,hispanic,,did not ride,1-2,3
17.0,male,12,not,White,did not ride,1-2,1
17.0,male,12,not,Asian,never,1-2,4
17.0,male,12,not,White,never,0,1
17.0,male,12,hispanic,White,never,10-19,3
18.0,male,12,hispanic,White,never,did not drive,3
18.0,male,12,not,White,did not ride,20-29,<1
17.0,male,12,hispanic,,never,30,<1
16.0,male,12,hispanic,White,never,0,1
17.0,male,12,not,,never,0,3
18.0,male,12,hispanic,White,never,3-5,2
18.0,female,12,hispanic,,rarely,0,3
17.0,female,12,hispanic,White,never,,4
17.0,female,12,not,White,did not ride,0,3
17.0,female,12,hispanic,American Indian or Alaska Native,did not ride,did not drive,<1
17.0,female,12,not,White,did not ride,0,<1
17.0,female,12,hispanic,White,never,1-2,3
18.0,female,12,not,White,did not ride,did not drive,5+
17.0,female,12,not,White,did not ride,10-19,3
18.0,female,12,not,White,never,3-5,do not watch
17.0,female,12,hispanic,White,rarely,0,4
16.0,female,10,hispanic,White,never,did not drive,1
16.0,female,10,not,Native Hawaiian or Other Pacific Islander,did not ride,0,5+
14.0,female,10,not,Asian,did not ride,0,do not watch
15.0,female,10,not,Asian,did not ride,did not drive,2
16.0,female,10,not,White,never,0,3
15.0,female,10,hispanic,White,never,did not drive,3
16.0,female,10,hispanic,,never,0,2
15.0,female,10,hispanic,White,never,did not drive,3
17.0,female,10,hispanic,Native Hawaiian or Other Pacific Islander,did not ride,6-9,do not watch
16.0,female,10,not,White,did not ride,did not drive,3
16.0,female,10,hispanic,White,never,did not drive,1
15.0,male,10,not,White,,did not drive,2
15.0,male,10,not,White,never,did not drive,4
16.0,male,10,not,Black or African American,never,did not drive,4
16.0,male,10,not,Black or African American,never,did not drive,2
16.0,male,10,not,Black or African American,did not ride,did not drive,4
17.0,male,10,not,Black or African American,did not ride,0,
16.0,male,10,not,Native Hawaiian or Other Pacific Islander,rarely,did not drive,4
15.0,male,10,not,White,rarely,did not drive,3
16.0,male,10,not,White,never,30,3
16.0,male,10,not,Black or African American,never,did not drive,<1
16.0,male,10,not,White,never,0,3
17.0,male,10,not,Black or African American,never,0,do not watch
17.0,male,11,not,Black or African American,never,0,do not watch
16.0,male,11,not,Black or African American,did not ride,0,<1
16.0,male,11,not,Black or African American,never,0,4
16.0,male,11,not,Black or African American,never,6-9,3
17.0,male,11,not,White,never,0,<1
16.0,male,11,not,Black or African American,,did not drive,2
17.0,male,11,not,White,never,did not drive,<1
16.0,male,11,not,White,never,0,2
16.0,male,11,not,Black or African American,never,did not drive,1
17.0,male,11,not,Black or African American,did not ride,did not drive,2
16.0,female,11,not,American Indian or Alaska Native,did not ride,0,
17.0,female,11,hispanic,,did not ride,did not drive,2
16.0,female,11,not,Black or African American,most of time,0,3
15.0,female,11,not,Asian,did not ride,did not drive,do not watch
16.0,female,11,not,Black or African American,did not ride,0,5+
16.0,female,11,not,Black or African American,never,did not drive,5+
17.0,female,11,not,Black or African American,did not ride,did not drive,4
16.0,female,11,not,Black or African American,never,did not drive,4
18.0,male,12,not,,did not ride,0,4
18.0,male,12,hispanic,,did not ride,did not drive,2
17.0,male,12,hispanic,White,never,0,3
17.0,male,12,not,Black or African American,never,did not drive,do not watch
18.0,male,12,hispanic,White,never,0,2
18.0,male,12,hispanic,White,never,,1
18.0,male,12,not,White,never,0,1
18.0,male,12,not,White,did not ride,,4
17.0,male,12,not,Black or African American,never,0,<1
17.0,male,12,hispanic,,did not ride,0,<1
17.0,female,12,hispanic,,did not ride,1-2,5+
17.0,female,12,not,Asian,did not ride,0,do not watch
18.0,female,12,hispanic,Native Hawaiian or Other Pacific Islander,always,30,
18.0,female,12,hispanic,White,did not ride,did not drive,<1
18.0,female,12,not,,never,1-2,5+
17.0,female,12,not,Black or African American,rarely,0,4
18.0,female,12,not,Black or African American,did not ride,0,5+
14.0,male,9,hispanic,,never,0,do not watch
14.0,male,9,not,White,never,did not drive,1
14.0,male,9,not,Black or African American,did not ride,did not drive,1
14.0,male,9,not,White,never,did not drive,2
15.0,male,9,not,Black or African American,did not ride,,<1
14.0,male,9,hispanic,Black or African American,never,did not drive,3
14.0,male,9,not,Black or African American,never,did not drive,<1
15.0,male,9,not,White,never,did not drive,2
18.0,male,9,,,did not ride,,
15.0,female,9,not,Black or African American,never,,<1
14.0,female,9,not,Black or African American,did not ride,did not drive,1
14.0,female,9,,Black or African American,did not ride,did not drive,5+
14.0,female,9,not,White,never,did not drive,3
15.0,female,9,not,Black or African American,never,did not drive,do not watch
15.0,female,9,hispanic,,rarely,did not drive,3
15.0,female,9,not,Black or African American,did not ride,did not drive,do not watch
15.0,female,9,hispanic,,did not ride,0,1
14.0,female,9,not,Black or African American,did not ride,did not drive,5+
14.0,female,9,not,Asian,did not ride,did not drive,<1
16.0,female,11,not,Asian,rarely,did not drive,1
17.0,female,11,not,Asian,always,did not drive,1
16.0,female,11,not,White,always,0,do not watch
16.0,female,11,not,Asian,most of time,did not drive,do not watch
18.0,female,12,not,Asian,did not ride,20-29,1
17.0,female,11,not,Asian,sometimes,did not drive,<1
17.0,female,12,not,Asian,did not ride,0,<1
17.0,female,11,not,White,always,0,3
16.0,female,11,not,Asian,never,did not drive,do not watch
15.0,female,10,not,White,always,did not drive,1
17.0,female,12,not,White,never,3-5,4
18.0,male,12,not,Asian,most of time,0,<1
18.0,male,12,not,Asian,,0,4
17.0,male,11,not,White,never,0,1
17.0,male,11,not,Asian,did not ride,did not drive,<1
17.0,male,11,not,Asian,never,did not drive,3
16.0,male,11,not,Asian,most of time,0,<1
17.0,male,11,not,Black or African American,never,0,2
17.0,male,11,hispanic,White,never,1-2,5+
16.0,male,11,not,Asian,did not ride,1-2,1
17.0,male,12,hispanic,Asian,never,0,1
18.0,male,12,hispanic,,never,0,1
18.0,male,12,not,Asian,never,0,do not watch
17.0,male,11,not,Asian,did not ride,1-2,1
17.0,male,11,not,Asian,did not ride,1-2,5+
16.0,male,11,not,Asian,never,did not drive,do not watch
17.0,male,12,not,White,did not ride,30,5+
16.0,male,11,not,White,never,3-5,3
18.0,male,12,not,White,did not ride,20-29,3
15.0,male,10,hispanic,,never,did not drive,3
17.0,male,12,not,Asian,did not ride,,do not watch
16.0,male,10,hispanic,,did not ride,0,<1
17.0,female,12,not,White,never,did not drive,do not watch
16.0,female,10,not,White,never,0,3
17.0,female,12,not,Asian,did not ride,0,do not watch
17.0,female,12,not,White,never,did not drive,3
18.0,female,12,hispanic,,did not ride,did not drive,2
18.0,female,12,not,White,did not ride,1-2,1
18.0,female,12,not,White,never,3-5,4
17.0,female,12,not,White,rarely,did not drive,do not watch
18.0,female,12,not,Asian,never,0,do not watch
17.0,female,12,not,White,most of time,did not drive,3
17.0,female,12,not,White,did not ride,10-19,<1
17.0,female,11,not,White,most of time,3-5,<1
18.0,female,12,hispanic,,rarely,did not drive,3
18.0,male,12,not,Asian,always,0,<1
17.0,male,11,not,Asian,never,0,<1
18.0,male,12,not,White,rarely,10-19,5+
14.0,male,9,not,White,never,did not drive,do not watch
16.0,female,11,not,Asian,always,did not drive,do not watch
17.0,female,12,not,Asian,did not ride,did not drive,<1
17.0,female,11,not,White,did not ride,0,<1
16.0,female,10,not,Asian,did not ride,0,4
15.0,female,10,not,Asian,never,did not drive,do not watch
16.0,female,11,not,White,always,0,do not watch
15.0,female,10,not,Asian,never,did not drive,do not watch
15.0,female,10,not,Asian,did not ride,did not drive,1
16.0,female,10,not,Asian,never,,4
16.0,female,11,hispanic,White,never,0,do not watch
16.0,female,10,not,Asian,did not ride,did not drive,do not watch
18.0,female,12,hispanic,White,always,0,do not watch
17.0,male,12,not,White,never,1-2,2
17.0,male,12,not,White,always,0,1
18.0,male,12,not,White,did not ride,1-2,do not watch
16.0,male,10,hispanic,,never,did not drive,do not watch
15.0,male,10,hispanic,,rarely,0,1
15.0,male,9,hispanic,White,never,did not drive,3
16.0,male,11,hispanic,White,always,0,3
17.0,male,12,not,Asian,did not ride,0,3
17.0,male,12,not,Asian,did not ride,0,1
15.0,male,10,not,White,did not ride,did not drive,<1
17.0,male,11,not,White,never,0,3
17.0,male,12,not,Asian,never,did not drive,2
16.0,male,10,not,White,never,did not drive,3
17.0,female,12,not,Asian,did not ride,0,<1
18.0,female,12,not,White,did not ride,3-5,1
17.0,female,11,not,Asian,never,did not drive,do not watch
18.0,female,12,not,White,did not ride,0,3
16.0,female,10,not,Asian,did not ride,did not drive,<1
17.0,female,11,not,Asian,did not ride,did not drive,do not watch
17.0,female,12,not,Asian,never,did not drive,<1
17.0,male,11,not,Asian,did not ride,0,<1
15.0,male,9,hispanic,,never,0,do not watch
18.0,male,12,not,Asian,never,,do not watch
18.0,male,12,not,White,rarely,30,2
17.0,male,11,not,Asian,never,did not drive,do not watch
18.0,male,12,not,Asian,sometimes,0,<1
18.0,male,9,hispanic,,never,30,5+
16.0,male,10,not,White,did not ride,0,2
15.0,male,10,not,Asian,rarely,did not drive,2
18.0,male,12,not,White,never,30,<1
16.0,male,10,not,Asian,did not ride,did not drive,<1
16.0,male,10,not,Asian,did not ride,did not drive,do not watch
15.0,male,10,not,Asian,rarely,did not drive,1
17.0,male,11,not,Asian,did not ride,0,do not watch
16.0,male,10,not,White,never,0,<1
18.0,male,12,not,Asian,did not ride,0,1
18.0,male,12,not,Asian,did not ride,did not drive,do not watch
17.0,male,12,not,White,always,0,1
16.0,male,11,not,Asian,always,did not drive,1
18.0,male,12,not,White,sometimes,0,do not watch
18.0,male,12,not,Asian,did not ride,did not drive,2
17.0,male,12,not,Asian,did not ride,did not drive,do not watch
15.0,male,10,not,Asian,did not ride,did not drive,<1
17.0,male,12,not,Asian,did not ride,did not drive,2
17.0,male,11,not,White,never,0,1
18.0,male,12,not,Asian,did not ride,did not drive,do not watch
15.0,male,9,not,White,most of time,did not drive,1
15.0,female,10,not,Black or African American,never,did not drive,1
16.0,female,10,not,Asian,rarely,0,do not watch
17.0,female,12,not,Asian,did not ride,did not drive,<1
15.0,female,10,not,White,did not ride,did not drive,2
16.0,female,11,not,Asian,did not ride,0,1
16.0,female,10,not,Asian,did not ride,did not drive,do not watch
14.0,female,9,hispanic,,never,did not drive,do not watch
17.0,female,12,not,Asian,did not ride,did not drive,do not watch
17.0,female,12,not,Asian,rarely,did not drive,1
15.0,female,10,not,Asian,did not ride,did not drive,2
18.0,female,12,not,White,rarely,0,2
16.0,female,10,not,Asian,never,did not drive,do not watch
16.0,female,11,not,White,did not ride,0,3
16.0,female,11,not,White,most of time,0,do not watch
16.0,female,10,not,White,did not ride,,5+
16.0,female,11,not,,did not ride,0,2
17.0,female,12,not,Asian,never,did not drive,3
15.0,female,10,not,Black or African American,did not ride,did not drive,3
18.0,female,12,not,Asian,never,did not drive,do not watch
16.0,female,10,not,,never,did not drive,do not watch
17.0,female,12,not,White,did not ride,6-9,1
15.0,female,10,not,Asian,did not ride,did not drive,<1
15.0,female,10,hispanic,,did not ride,0,<1
17.0,female,12,not,Asian,never,0,2
17.0,female,12,not,Asian,never,0,do not watch
16.0,female,11,not,White,did not ride,0,1
17.0,female,11,not,Asian,never,0,<1
16.0,female,11,not,White,did not ride,0,4
16.0,female,11,not,Asian,did not ride,did not drive,2
14.0,female,9,not,White,never,did not drive,2
14.0,female,9,not,White,did not ride,,1
14.0,female,9,not,White,never,did not drive,2
14.0,female,9,not,Asian,did not ride,did not drive,2
14.0,female,9,not,White,sometimes,did not drive,3
15.0,female,9,not,White,never,,do not watch
15.0,female,9,not,White,did not ride,did not drive,4
14.0,female,9,not,Black or African American,sometimes,0,2
15.0,female,9,not,White,did not ride,did not drive,2
14.0,female,9,hispanic,White,never,did not drive,3
15.0,female,9,not,Black or African American,did not ride,did not drive,<1
15.0,female,9,hispanic,Native Hawaiian or Other Pacific Islander,rarely,did not drive,5+
14.0,female,9,not,White,sometimes,did not drive,<1
14.0,female,9,not,Asian,did not ride,did not drive,1
14.0,female,9,not,Black or African American,did not ride,0,4
14.0,female,9,hispanic,Native Hawaiian or Other Pacific Islander,did not ride,did not drive,4
15.0,female,9,not,Black or African American,never,did not drive,do not watch
14.0,female,9,not,White,never,,do not watch
16.0,female,10,not,White,did not ride,did not drive,3
15.0,female,10,not,Asian,did not ride,did not drive,1
15.0,female,10,hispanic,White,never,did not drive,do not watch
16.0,female,10,not,Native Hawaiian or Other Pacific Islander,sometimes,0,<1
16.0,female,10,hispanic,White,did not ride,did not drive,3
15.0,female,10,not,Black or African American,did not ride,did not drive,do not watch
15.0,female,10,not,Black or African American,did not ride,did not drive,3
15.0,female,10,hispanic,,never,did not drive,2
16.0,female,10,not,,rarely,1-2,2
16.0,female,10,not,White,did not ride,did not drive,1
16.0,female,10,not,White,never,0,1
16.0,female,10,not,White,never,0,5+
15.0,female,10,hispanic,White,did not ride,did not drive,do not watch
15.0,female,10,not,Black or African American,never,0,2
15.0,female,10,not,White,did not ride,0,3
15.0,female,10,not,White,never,0,<1
15.0,female,10,hispanic,White,never,0,2
16.0,female,11,not,White,never,0,do not watch
16.0,female,10,hispanic,,never,0,5+
18.0,female,12,not,Asian,never,0,1
17.0,female,12,not,White,did not ride,0,3
18.0,female,12,not,White,never,0,3
17.0,female,12,not,White,never,0,2
17.0,female,12,not,White,rarely,did not drive,2
17.0,female,12,not,Black or African American,always,0,2
17.0,female,12,not,White,,3-5,4
18.0,female,12,hispanic,White,never,did not drive,<1
17.0,female,12,not,White,never,1-2,3
17.0,female,12,not,White,never,did not drive,3
17.0,female,12,not,Black or African American,did not ride,did not drive,4
18.0,female,12,not,White,never,0,2
17.0,female,12,not,White,did not ride,0,1
17.0,female,12,not,White,never,0,2
17.0,female,12,not,White,most of time,0,2
18.0,female,12,not,Black or African American,did not ride,0,3
17.0,female,12,not,American Indian or Alaska Native,never,0,4
17.0,female,12,not,Asian,did not ride,did not drive,<1
17.0,female,12,not,White,never,0,1
16.0,female,11,not,White,did not ride,did not drive,2
17.0,female,11,not,White,always,0,3
16.0,female,11,not,White,did not ride,0,2
16.0,female,11,hispanic,,did not ride,0,do not watch
17.0,female,11,not,White,never,did not drive,<1
17.0,female,11,not,White,did not ride,did not drive,<1
17.0,female,11,not,White,did not ride,0,3
16.0,female,11,not,White,did not ride,did not drive,1
17.0,female,11,not,Black or African American,did not ride,0,2
17.0,female,11,hispanic,,never,0,<1
16.0,female,11,not,White,never,0,3
16.0,female,11,not,White,,did not drive,2
16.0,female,11,hispanic,,sometimes,did not drive,2
18.0,female,11,not,White,never,0,1
16.0,female,11,not,White,never,0,1
17.0,female,11,not,White,did not ride,30,<1
17.0,female,11,not,White,did not ride,0,2
17.0,female,11,not,White,did not ride,0,do not watch
17.0,female,11,not,White,never,0,<1
16.0,female,11,not,White,did not ride,,<1
16.0,female,11,not,White,never,10-19,<1
,female,,,,,10-19,<1
17.0,female,11,not,White,rarely,3-5,2
17.0,male,11,not,White,never,20-29,4
17.0,male,11,not,Black or African American,never,0,1
17.0,male,11,not,White,never,10-19,3
17.0,male,11,not,White,did not ride,0,4
16.0,male,11,not,White,never,20-29,1
17.0,male,11,not,White,did not ride,0,<1
16.0,male,11,not,Asian,did not ride,30,5+
17.0,male,11,not,White,did not ride,0,2
17.0,male,11,not,White,most of time,3-5,2
16.0,male,11,not,White,did not ride,,do not watch
17.0,male,11,not,White,never,6-9,<1
16.0,male,11,not,,never,0,2
17.0,male,11,not,White,sometimes,0,3
17.0,male,11,not,Asian,never,0,3
17.0,male,11,not,Black or African American,did not ride,3-5,2
16.0,male,11,not,Asian,did not ride,1-2,1
15.0,female,10,not,White,most of time,0,2
16.0,female,10,not,White,did not ride,0,1
16.0,female,10,not,White,never,0,1
15.0,female,10,hispanic,White,never,0,2
15.0,female,10,not,White,never,did not drive,<1
15.0,female,10,not,White,never,0,1
15.0,female,10,not,White,did not ride,0,<1
16.0,female,10,not,White,never,3-5,do not watch
16.0,female,10,not,White,rarely,0,2
16.0,male,10,not,White,did not ride,10-19,<1
15.0,male,10,not,White,never,0,do not watch
16.0,male,10,not,White,never,1-2,1
16.0,male,10,not,White,never,30,1
16.0,male,10,not,White,did not ride,0,do not watch
15.0,male,10,not,White,never,,3
16.0,male,10,hispanic,,never,20-29,4
15.0,male,10,hispanic,White,did not ride,did not drive,do not watch
16.0,male,10,not,White,did not ride,0,1
16.0,male,10,,Black or African American,rarely,0,3
17.0,female,12,not,White,never,1-2,1
17.0,female,12,not,White,never,3-5,1
17.0,female,12,not,White,did not ride,30,<1
17.0,female,12,not,White,never,3-5,<1
17.0,female,12,not,White,never,20-29,2
18.0,female,12,not,White,did not ride,6-9,do not watch
17.0,female,12,not,White,did not ride,1-2,1
18.0,female,12,not,White,did not ride,6-9,<1
18.0,male,12,not,White,sometimes,0,1
18.0,male,12,not,White,did not ride,30,<1
17.0,male,12,not,White,never,0,2
17.0,male,12,not,White,did not ride,10-19,<1
18.0,male,12,not,White,never,10-19,2
17.0,male,12,not,White,did not ride,3-5,1
17.0,male,12,not,Black or African American,did not ride,20-29,3
18.0,male,12,not,White,did not ride,,do not watch
18.0,male,12,not,White,never,30,do not watch
18.0,male,12,not,White,sometimes,1-2,1
18.0,male,12,not,White,most of time,10-19,do not watch
18.0,male,12,not,White,rarely,30,1
18.0,male,12,not,White,did not ride,20-29,2
15.0,female,9,not,Black or African American,never,0,3
16.0,female,10,not,White,did not ride,did not drive,do not watch
16.0,female,9,not,White,did not ride,,4
16.0,female,9,not,White,never,30,3
16.0,female,10,not,White,never,did not drive,
16.0,female,10,not,White,did not ride,did not drive,5+
14.0,female,9,not,White,rarely,0,5+
14.0,female,9,not,Black or African American,never,did not drive,5+
16.0,female,10,not,White,never,0,2
15.0,female,9,not,White,never,did not drive,<1
15.0,female,9,not,White,never,did not drive,<1
15.0,male,9,not,White,never,0,3
14.0,male,9,not,White,never,0,3
16.0,male,9,not,,never,did not drive,5+
15.0,male,9,not,American Indian or Alaska Native,never,did not drive,4
15.0,male,9,not,White,sometimes,did not drive,3
17.0,male,10,not,American Indian or Alaska Native,did not ride,0,<1
18.0,female,12,not,White,did not ride,0,3
18.0,female,12,not,White,never,0,do not watch
17.0,female,11,not,White,never,10-19,2
17.0,female,12,not,White,did not ride,0,do not watch
17.0,female,11,not,Black or African American,did not ride,1-2,1
18.0,female,12,not,White,never,0,2
18.0,female,12,not,White,did not ride,20-29,2
17.0,female,12,not,,did not ride,0,4
17.0,female,11,not,White,did not ride,,<1
17.0,female,12,not,White,did not ride,30,1
16.0,female,11,not,White,never,6-9,2
17.0,female,12,not,White,did not ride,20-29,4
17.0,female,11,not,White,did not ride,did not drive,2
16.0,female,11,not,White,never,10-19,<1
18.0,female,12,hispanic,,did not ride,0,4
18.0,male,11,not,White,did not ride,30,2
17.0,male,12,not,White,never,0,5+
18.0,male,12,not,,never,20-29,3
18.0,male,12,not,White,did not ride,0,do not watch
18.0,male,12,not,White,never,0,3
17.0,male,12,not,White,never,0,4
16.0,male,11,not,White,never,1-2,<1
18.0,male,12,not,White,did not ride,3-5,1
17.0,male,11,not,White,never,0,1
17.0,male,11,not,White,did not ride,0,2
17.0,male,11,not,White,never,0,5+
15.0,female,9,not,White,never,did not drive,<1
15.0,female,9,not,White,did not ride,did not drive,2
15.0,female,9,not,White,did not ride,did not drive,do not watch
15.0,female,9,not,White,never,,3
14.0,female,9,not,White,did not ride,did not drive,<1
14.0,female,9,not,White,never,did not drive,3
15.0,female,10,not,White,rarely,0,2
14.0,female,9,not,White,did not ride,,2
14.0,female,9,not,White,never,did not drive,1
15.0,female,9,not,White,never,did not drive,1
15.0,female,9,not,White,did not ride,did not drive,<1
14.0,female,9,not,White,did not ride,did not drive,<1
14.0,female,9,hispanic,White,did not ride,did not drive,3
14.0,female,9,not,White,never,did not drive,do not watch
15.0,female,9,not,White,most of time,did not drive,4
15.0,male,9,not,White,never,0,5+
15.0,male,9,not,,never,0,<1
15.0,male,9,not,White,never,did not drive,1
16.0,male,10,not,Black or African American,never,did not drive,1
15.0,male,9,not,White,never,did not drive,1
14.0,male,9,not,White,never,did not drive,2
15.0,male,10,not,White,never,did not drive,1
15.0,male,9,not,White,most of time,did not drive,3
16.0,male,10,not,White,never,did not drive,2
18.0,female,12,not,White,never,0,5+
17.0,female,11,not,White,did not ride,,<1
17.0,female,12,not,White,never,did not drive,2
18.0,male,11,not,White,never,did not drive,2
17.0,male,11,not,Black or African American,never,,5+
17.0,male,11,not,White,never,0,3
18.0,male,12,not,,did not ride,did not drive,5+
18.0,male,12,not,White,did not ride,did not drive,2
17.0,male,11,not,White,never,,do not watch
18.0,male,12,not,,never,did not drive,do not watch
17.0,male,11,not,White,never,did not drive,2
15.0,male,10,not,White,never,did not drive,2
15.0,female,10,not,White,did not ride,did not drive,3
15.0,female,10,not,White,did not ride,did not drive,1
15.0,female,10,not,White,did not ride,did not drive,5+
16.0,female,10,not,White,did not ride,,2
15.0,female,10,not,Black or African American,did not ride,0,<1
15.0,female,10,not,White,never,0,5+
15.0,female,10,not,White,rarely,did not drive,1
15.0,female,10,hispanic,,did not ride,did not drive,do not watch
15.0,female,10,not,White,never,did not drive,3
15.0,female,10,not,White,did not ride,did not drive,3
15.0,female,10,not,White,never,did not drive,5+
15.0,female,10,not,White,never,did not drive,3
16.0,female,10,not,White,did not ride,3-5,<1
15.0,male,10,not,White,did not ride,did not drive,3
15.0,male,10,not,White,never,did not drive,5+
16.0,male,10,not,White,never,0,3
15.0,male,10,not,White,did not ride,10-19,3
15.0,male,10,not,White,never,did not drive,2
16.0,male,10,not,White,rarely,0,3
16.0,male,10,not,White,did not ride,0,2
15.0,male,10,not,White,never,did not drive,2
16.0,male,10,not,White,never,0,2
15.0,male,10,not,White,never,,2
15.0,male,10,not,White,never,did not drive,2
16.0,male,10,not,White,did not ride,3-5,<1
15.0,male,10,not,White,never,,3
15.0,male,10,not,White,never,did not drive,3
15.0,male,10,not,White,never,,<1
16.0,male,9,not,White,never,did not drive,<1
15.0,male,9,not,White,did not ride,0,3
15.0,female,9,not,,did not ride,did not drive,2
14.0,female,9,,White,never,did not drive,1
14.0,female,9,not,American Indian or Alaska Native,never,did not drive,<1
14.0,female,9,hispanic,,never,did not drive,3
14.0,female,9,hispanic,White,did not ride,did not drive,3
15.0,female,9,hispanic,American Indian or Alaska Native,did not ride,did not drive,2
15.0,female,9,not,White,never,0,5+
14.0,female,9,not,White,never,did not drive,do not watch
14.0,female,9,not,White,did not ride,did not drive,2
14.0,female,9,not,White,did not ride,did not drive,3
14.0,female,9,not,White,never,did not drive,<1
14.0,female,9,hispanic,White,never,0,2
15.0,male,9,not,White,never,0,1
14.0,male,9,not,,rarely,did not drive,1
14.0,male,9,not,White,never,did not drive,1
14.0,male,9,not,White,never,did not drive,1
15.0,male,9,not,,rarely,did not drive,3
14.0,male,9,hispanic,,never,0,1
14.0,male,9,hispanic,,never,did not drive,1
15.0,male,9,not,White,never,did not drive,5+
15.0,male,9,not,,never,0,3
15.0,male,9,not,White,never,did not drive,5+
18.0,male,11,not,Black or African American,did not ride,30,5+
16.0,male,11,not,White,sometimes,1-2,3
17.0,female,11,not,White,never,30,2
16.0,female,11,not,White,never,0,do not watch
16.0,female,11,not,White,never,30,3
16.0,female,11,not,White,never,0,4
17.0,female,11,not,White,did not ride,1-2,4
16.0,female,11,not,White,did not ride,0,3
17.0,male,11,not,White,rarely,0,<1
17.0,male,11,not,White,did not ride,did not drive,<1
16.0,male,11,not,White,never,3-5,2
17.0,male,11,not,White,never,0,2
16.0,male,11,not,White,did not ride,0,<1
16.0,male,11,not,White,never,0,2
17.0,male,11,not,White,never,0,2
17.0,male,11,not,White,never,10-19,3
17.0,male,11,not,White,never,30,2
16.0,male,11,not,White,never,0,1
17.0,male,11,not,White,did not ride,3-5,<1
17.0,male,11,not,White,did not ride,30,2
18.0,male,11,not,White,never,did not drive,4
17.0,male,11,not,White,did not ride,did not drive,<1
16.0,male,11,not,White,did not ride,0,5+
16.0,male,11,not,White,never,30,1
16.0,male,11,not,White,never,0,2
17.0,male,11,not,,never,did not drive,3
18.0,male,12,not,White,did not ride,0,<1
18.0,male,12,not,White,did not ride,0,do not watch
17.0,female,12,not,American Indian or Alaska Native,did not ride,,do not watch
17.0,male,12,hispanic,,never,10-19,1
18.0,male,12,not,,always,1-2,<1
18.0,male,12,not,White,did not ride,1-2,1
18.0,male,12,hispanic,,never,30,do not watch
17.0,male,12,not,White,never,20-29,1
18.0,male,12,not,White,did not ride,6-9,2
17.0,male,12,not,White,never,1-2,3
17.0,male,12,hispanic,White,did not ride,3-5,<1
18.0,male,12,not,White,never,0,5+
18.0,male,12,not,White,did not ride,30,3
18.0,male,12,not,White,never,20-29,<1
18.0,male,12,not,White,never,10-19,2
18.0,male,12,not,White,never,10-19,3
18.0,female,12,not,White,never,did not drive,1
17.0,female,12,hispanic,,did not ride,1-2,<1
18.0,female,12,not,White,did not ride,0,5+
18.0,female,12,not,White,always,0,2
18.0,female,12,not,White,did not ride,10-19,2
17.0,female,12,not,White,never,0,do not watch
18.0,female,12,,Native Hawaiian or Other Pacific Islander,did not ride,,3
18.0,female,12,not,,did not ride,did not drive,<1
18.0,female,12,not,White,sometimes,10-19,1
14.0,female,9,not,White,did not ride,,5+
15.0,female,9,not,White,never,did not drive,3
14.0,female,9,not,,did not ride,did not drive,2
15.0,female,9,hispanic,American Indian or Alaska Native,never,did not drive,1
16.0,female,9,not,White,never,did not drive,4
14.0,female,9,not,White,sometimes,did not drive,2
14.0,female,9,not,,did not ride,did not drive,<1
17.0,male,9,not,Asian,always,did not drive,5+
15.0,male,9,not,White,never,did not drive,1
15.0,male,9,not,Black or African American,did not ride,did not drive,<1
15.0,male,9,hispanic,White,never,did not drive,4
15.0,male,9,not,White,never,,<1
16.0,male,9,not,White,never,0,3
15.0,male,9,not,White,never,did not drive,3
15.0,male,9,not,White,never,0,3
15.0,male,9,hispanic,,never,0,3
15.0,male,9,hispanic,White,rarely,did not drive,<1
15.0,male,9,not,White,never,did not drive,4
15.0,male,9,hispanic,White,never,0,do not watch
15.0,male,9,hispanic,,rarely,did not drive,3
14.0,female,9,hispanic,American Indian or Alaska Native,did not ride,did not drive,1
14.0,female,9,not,White,never,,<1
15.0,female,9,not,White,did not ride,did not drive,2
15.0,male,9,not,,never,did not drive,2
14.0,male,9,hispanic,White,never,did not drive,3
15.0,male,9,hispanic,White,rarely,30,4
15.0,female,9,not,White,did not ride,did not drive,4
18.0,female,12,hispanic,,never,0,4
17.0,female,12,not,,never,0,3
18.0,female,12,not,White,did not ride,3-5,do not watch
18.0,female,12,not,White,did not ride,0,1
17.0,female,12,hispanic,,did not ride,did not drive,2
18.0,female,12,not,White,did not ride,0,1
17.0,female,12,not,White,never,30,1
18.0,male,12,not,White,did not ride,0,4
18.0,male,12,hispanic,,never,0,1
18.0,male,12,not,White,never,10-19,<1
18.0,male,12,hispanic,Black or African American,never,0,<1
18.0,male,12,not,White,never,0,1
18.0,male,12,not,White,most of time,10-19,<1
18.0,male,12,not,White,always,0,1
18.0,male,12,not,,never,0,1
18.0,male,12,not,White,never,3-5,2
18.0,male,12,hispanic,White,did not ride,6-9,1
18.0,male,12,not,White,never,0,2
18.0,male,12,not,White,never,30,3
18.0,male,12,hispanic,White,never,6-9,2
18.0,male,12,not,White,rarely,0,2
18.0,male,12,not,White,did not ride,1-2,3
17.0,male,11,not,White,never,1-2,2
17.0,female,11,not,White,did not ride,0,do not watch
16.0,female,11,not,White,never,0,do not watch
17.0,female,11,not,White,never,3-5,do not watch
16.0,female,11,not,White,did not ride,did not drive,3
16.0,female,11,hispanic,,did not ride,20-29,4
17.0,female,11,not,White,never,20-29,2
17.0,female,11,not,White,never,0,do not watch
17.0,female,11,not,,never,30,4
17.0,female,11,not,White,never,0,<1
16.0,female,11,not,White,did not ride,0,<1
17.0,female,11,hispanic,,did not ride,30,<1
17.0,male,11,not,White,rarely,10-19,2
17.0,male,11,not,White,always,0,4
17.0,male,11,not,White,never,30,<1
17.0,male,11,not,White,most of time,0,do not watch
17.0,male,11,hispanic,,never,0,3
17.0,male,11,not,White,never,did not drive,do not watch
18.0,male,11,not,White,did not ride,did not drive,2
17.0,male,11,not,White,did not ride,1-2,<1
17.0,male,11,not,White,never,3-5,<1
17.0,male,11,hispanic,,did not ride,30,1
17.0,male,11,not,American Indian or Alaska Native,never,0,<1
18.0,male,12,hispanic,,did not ride,did not drive,4
17.0,male,12,not,White,never,1-2,<1
18.0,male,12,not,White,did not ride,0,1
18.0,female,12,not,White,sometimes,0,do not watch
18.0,female,12,not,Black or African American,never,0,do not watch
17.0,female,12,hispanic,,never,0,do not watch
18.0,female,12,hispanic,Native Hawaiian or Other Pacific Islander,did not ride,0,2
18.0,female,12,not,White,did not ride,did not drive,3
17.0,female,12,not,White,never,did not drive,<1
18.0,female,12,not,White,never,6-9,1
18.0,female,12,not,White,never,0,3
18.0,female,12,not,White,sometimes,0,2
18.0,female,12,not,White,did not ride,0,<1
18.0,female,12,not,White,never,3-5,2
18.0,female,12,not,White,did not ride,30,2
18.0,female,12,hispanic,,never,3-5,4
18.0,female,12,not,White,never,30,2
17.0,female,11,not,White,never,,1
18.0,female,12,not,White,never,6-9,2
18.0,female,12,hispanic,Asian,did not ride,3-5,do not watch
13.0,female,9,not,Asian,did not ride,30,5+
17.0,male,12,,Black or African American,rarely,6-9,1
18.0,female,12,hispanic,American Indian or Alaska Native,did not ride,0,3
17.0,male,12,not,White,never,3-5,2
15.0,female,10,not,White,did not ride,did not drive,do not watch
16.0,female,10,hispanic,,did not ride,0,3
16.0,female,10,hispanic,White,did not ride,did not drive,<1
16.0,female,10,not,,never,0,1
16.0,female,10,not,White,never,0,do not watch
16.0,female,10,not,White,never,,5+
16.0,female,10,hispanic,American Indian or Alaska Native,did not ride,,4
15.0,female,10,not,White,never,did not drive,do not watch
15.0,male,10,not,,never,0,3
16.0,male,10,not,White,never,3-5,2
15.0,male,10,hispanic,White,never,did not drive,2
16.0,male,10,not,Black or African American,never,did not drive,1
16.0,male,10,hispanic,,did not ride,did not drive,2
17.0,female,12,hispanic,,did not ride,0,do not watch
18.0,female,12,hispanic,,did not ride,20-29,2
18.0,male,12,not,White,never,30,4
17.0,male,12,,,never,0,1
18.0,male,12,hispanic,,never,3-5,2
18.0,male,12,hispanic,White,did not ride,did not drive,2
18.0,male,12,not,White,never,did not drive,5+
18.0,male,12,not,White,never,0,2
16.0,female,11,not,White,did not ride,0,1
17.0,female,11,hispanic,White,did not ride,6-9,<1
16.0,female,11,hispanic,American Indian or Alaska Native,never,did not drive,3
16.0,female,11,hispanic,White,never,0,3
17.0,female,11,not,White,did not ride,0,3
16.0,female,11,hispanic,,did not ride,did not drive,<1
17.0,female,11,hispanic,White,did not ride,did not drive,5+
17.0,male,11,hispanic,,never,0,1
16.0,male,11,hispanic,,never,30,5+
16.0,male,11,hispanic,,never,0,<1
17.0,male,11,hispanic,,never,did not drive,<1
17.0,female,11,hispanic,,did not ride,0,3
16.0,female,11,hispanic,,never,0,4
16.0,female,11,hispanic,Black or African American,never,0,2
15.0,male,10,hispanic,,never,1-2,2
16.0,male,10,hispanic,,never,1-2,3
16.0,male,10,hispanic,,rarely,1-2,<1
17.0,male,10,not,White,rarely,0,4
15.0,male,10,hispanic,White,never,0,<1
16.0,male,10,hispanic,American Indian or Alaska Native,never,0,5+
16.0,male,10,hispanic,American Indian or Alaska Native,never,1-2,1
16.0,female,10,hispanic,,never,did not drive,3
17.0,female,10,hispanic,,rarely,did not drive,3
16.0,female,10,hispanic,,did not ride,30,5+
16.0,female,10,hispanic,,never,30,<1
15.0,female,10,hispanic,,never,did not drive,<1
16.0,female,10,hispanic,White,rarely,0,2
17.0,male,11,not,White,never,3-5,3
17.0,male,11,not,White,sometimes,20-29,<1
17.0,male,11,not,White,never,0,2
17.0,male,11,not,,never,1-2,3
16.0,male,11,not,White,never,3-5,<1
17.0,male,11,not,Black or African American,never,10-19,2
17.0,male,11,not,White,never,3-5,do not watch
17.0,male,11,hispanic,,did not ride,30,5+
16.0,male,11,hispanic,White,did not ride,1-2,2
17.0,male,11,not,White,never,0,1
16.0,male,11,hispanic,White,never,0,do not watch
17.0,male,11,hispanic,,did not ride,0,<1
17.0,male,11,hispanic,,never,0,5+
16.0,male,11,hispanic,,never,,1
18.0,male,11,hispanic,White,never,0,do not watch
16.0,female,11,hispanic,,never,1-2,4
17.0,female,11,not,White,never,30,<1
17.0,female,11,not,White,rarely,did not drive,4
14.0,male,9,hispanic,,never,did not drive,2
15.0,female,9,hispanic,,did not ride,did not drive,2
15.0,female,9,hispanic,,never,0,
15.0,female,9,hispanic,White,did not ride,3-5,do not watch
15.0,female,9,not,White,did not ride,0,3
14.0,female,9,not,White,never,1-2,2
14.0,female,9,hispanic,White,never,0,5+
15.0,female,9,not,White,did not ride,did not drive,3
14.0,female,9,hispanic,White,did not ride,did not drive,2
15.0,female,9,not,White,never,0,3
18.0,male,12,hispanic,Black or African American,never,3-5,<1
17.0,male,12,hispanic,Black or African American,never,30,4
18.0,male,12,not,Asian,did not ride,,do not watch
17.0,male,12,hispanic,White,never,30,3
18.0,male,12,not,,did not ride,6-9,<1
17.0,male,12,not,White,did not ride,,2
17.0,male,12,not,White,never,0,<1
17.0,male,12,not,White,did not ride,1-2,3
18.0,male,12,hispanic,White,never,30,<1
18.0,male,12,not,White,never,20-29,do not watch
18.0,male,12,not,White,did not ride,0,3
18.0,male,12,not,White,never,30,3
18.0,male,12,hispanic,American Indian or Alaska Native,never,20-29,5+
18.0,male,12,hispanic,,never,0,2
17.0,female,12,not,White,never,20-29,2
18.0,female,12,not,White,did not ride,did not drive,do not watch
18.0,female,12,hispanic,White,never,1-2,do not watch
16.0,male,11,not,White,did not ride,0,5+
15.0,female,10,not,White,never,6-9,<1
16.0,female,10,not,White,sometimes,0,5+
15.0,female,10,not,White,never,0,1
15.0,female,10,not,White,always,0,do not watch
15.0,female,10,not,White,did not ride,did not drive,1
15.0,female,10,hispanic,,never,did not drive,4
17.0,male,11,not,White,did not ride,1-2,2
16.0,male,11,not,White,never,1-2,1
17.0,male,11,not,White,never,1-2,2
17.0,male,11,not,White,never,30,2
17.0,male,11,hispanic,,did not ride,0,<1
16.0,male,11,hispanic,,did not ride,,5+
17.0,male,11,not,White,never,,<1
16.0,male,11,hispanic,White,never,1-2,4
17.0,male,11,not,White,did not ride,0,<1
18.0,female,11,hispanic,White,never,0,<1
17.0,female,11,not,White,never,0,2
16.0,female,11,not,White,did not ride,0,1
17.0,female,11,not,White,never,10-19,<1
17.0,female,11,not,White,never,30,<1
16.0,female,11,not,White,never,3-5,1
17.0,female,11,hispanic,White,did not ride,did not drive,<1
18.0,female,11,hispanic,,never,3-5,3
15.0,female,9,not,,never,0,2
14.0,male,9,hispanic,,never,0,2
15.0,male,9,hispanic,White,never,0,5+
14.0,male,9,not,White,never,0,1
14.0,male,9,hispanic,,never,0,2
15.0,male,9,hispanic,White,never,1-2,1
14.0,male,9,hispanic,,sometimes,0,1
14.0,male,9,hispanic,,,did not drive,3
16.0,male,,hispanic,Black or African American,did not ride,0,<1
16.0,male,9,hispanic,White,always,1-2,1
18.0,male,12,not,White,did not ride,30,do not watch
18.0,male,12,hispanic,White,sometimes,30,5+
17.0,male,12,hispanic,American Indian or Alaska Native,never,30,2
18.0,male,12,not,White,did not ride,30,<1
18.0,male,12,hispanic,American Indian or Alaska Native,never,30,<1
17.0,male,12,not,White,never,30,2
18.0,male,12,hispanic,,never,1-2,3
17.0,male,12,not,White,did not ride,30,3
17.0,male,12,not,White,never,30,2
18.0,male,12,not,White,did not ride,0,2
17.0,male,12,not,White,did not ride,0,1
17.0,male,12,hispanic,,never,0,1
18.0,male,12,hispanic,,never,,2
18.0,female,12,hispanic,White,never,0,2
17.0,female,12,not,White,did not ride,30,1
17.0,female,12,hispanic,White,did not ride,1-2,4
17.0,female,12,not,White,never,0,3
16.0,male,10,hispanic,White,did not ride,3-5,<1
16.0,male,10,not,White,never,20-29,<1
16.0,male,10,hispanic,,never,30,<1
16.0,male,10,hispanic,White,never,30,2
16.0,male,10,not,American Indian or Alaska Native,never,did not drive,3
16.0,male,10,hispanic,American Indian or Alaska Native,never,0,<1
16.0,male,10,hispanic,,never,0,2
15.0,male,10,not,Black or African American,never,0,1
15.0,male,10,not,White,never,did not drive,do not watch
16.0,male,10,hispanic,,never,0,5+
15.0,female,10,hispanic,,did not ride,3-5,1
15.0,female,10,not,White,never,30,3
16.0,female,10,hispanic,White,never,,1
15.0,female,10,hispanic,,never,did not drive,3
16.0,female,10,not,White,never,1-2,4
15.0,female,10,hispanic,,never,0,1
16.0,female,10,hispanic,,did not ride,,1
16.0,female,10,not,White,never,0,2
16.0,female,10,not,White,never,0,<1
17.0,male,10,hispanic,,never,did not drive,1
15.0,male,10,hispanic,,never,30,4
17.0,male,10,not,White,never,0,2
16.0,male,10,hispanic,,never,20-29,3
15.0,male,10,not,White,never,0,<1
16.0,male,10,hispanic,,never,30,1
16.0,male,10,hispanic,,never,0,2
17.0,female,11,hispanic,,never,did not drive,3
17.0,female,11,hispanic,Black or African American,never,0,1
18.0,female,11,hispanic,,never,1-2,2
16.0,male,11,hispanic,White,never,20-29,<1
17.0,male,11,hispanic,American Indian or Alaska Native,never,10-19,2
17.0,male,11,not,White,never,0,<1
17.0,male,11,not,White,never,30,1
17.0,male,12,hispanic,White,did not ride,20-29,do not watch
18.0,male,12,hispanic,American Indian or Alaska Native,never,0,3
17.0,female,12,hispanic,White,never,30,<1
17.0,female,12,hispanic,White,never,30,<1
18.0,female,12,hispanic,White,did not ride,30,1
15.0,female,9,not,Black or African American,rarely,did not drive,4
15.0,female,9,not,Black or African American,never,0,4
15.0,female,9,not,White,did not ride,did not drive,do not watch
15.0,female,9,not,White,never,did not drive,4
14.0,female,9,not,White,did not ride,did not drive,2
15.0,female,9,not,White,never,0,<1
15.0,female,9,not,,never,did not drive,4
15.0,female,9,not,White,never,did not drive,3
15.0,female,9,not,White,never,did not drive,2
14.0,female,9,not,Black or African American,did not ride,,5+
15.0,female,9,not,White,did not ride,1-2,2
15.0,female,9,not,White,did not ride,0,4
15.0,female,9,not,Black or African American,rarely,did not drive,4
15.0,female,9,not,White,did not ride,0,2
15.0,female,9,not,White,never,0,2
15.0,female,9,not,White,never,did not drive,
15.0,female,9,not,,did not ride,0,5+
15.0,female,9,not,Black or African American,never,did not drive,1
15.0,female,9,not,White,never,did not drive,do not watch
15.0,female,9,not,White,never,did not drive,1
15.0,female,9,not,White,never,did not drive,2
15.0,female,9,not,White,never,0,3
15.0,female,9,not,Black or African American,never,0,4
14.0,female,9,not,White,never,did not drive,1
14.0,female,9,hispanic,Asian,did not ride,did not drive,2
14.0,female,9,not,,did not ride,did not drive,do not watch
14.0,female,9,not,White,did not ride,did not drive,<1
15.0,female,9,hispanic,Black or African American,did not ride,0,do not watch
14.0,female,9,not,Black or African American,did not ride,0,4
14.0,female,9,not,White,did not ride,0,2
15.0,female,9,not,White,did not ride,,2
14.0,female,9,not,White,sometimes,0,3
14.0,female,9,not,,never,0,do not watch
16.0,female,9,hispanic,,did not ride,did not drive,do not watch
16.0,female,9,hispanic,,never,0,1
17.0,female,11,not,,never,did not drive,<1
17.0,female,11,not,White,did not ride,did not drive,3
16.0,female,11,not,Black or African American,never,0,<1
16.0,female,11,not,White,never,did not drive,4
18.0,female,11,not,American Indian or Alaska Native,did not ride,did not drive,5+
16.0,female,11,not,Black or African American,did not ride,0,do not watch
16.0,female,11,not,White,never,did not drive,5+
17.0,male,11,not,Black or African American,never,0,4
16.0,male,11,not,Black or African American,never,,5+
16.0,male,11,not,White,never,0,1
17.0,male,11,not,Black or African American,never,3-5,5+
16.0,male,11,not,White,never,did not drive,2
17.0,male,11,not,White,never,30,4
17.0,male,11,not,Black or African American,did not ride,0,3
16.0,male,11,not,White,never,0,2
16.0,male,11,not,Black or African American,never,30,2
17.0,male,11,not,White,never,30,3
17.0,male,11,not,White,,0,2
18.0,female,12,not,White,,0,<1
18.0,female,12,not,White,did not ride,0,2
17.0,female,12,not,White,never,3-5,4
17.0,female,12,not,White,did not ride,0,2
18.0,female,12,not,Black or African American,did not ride,0,<1
17.0,female,12,not,White,did not ride,1-2,1
18.0,female,12,not,White,never,0,3
17.0,female,12,not,White,sometimes,0,2
17.0,female,12,not,White,did not ride,did not drive,3
17.0,female,12,not,White,did not ride,0,3
17.0,female,12,not,White,did not ride,30,5+
17.0,male,12,not,White,never,did not drive,4
17.0,male,12,not,White,never,0,1
18.0,male,12,not,White,did not ride,0,3
18.0,male,12,not,Black or African American,did not ride,,4
18.0,male,12,not,White,never,0,1
18.0,male,12,hispanic,,did not ride,0,5+
18.0,male,12,not,White,never,0,3
18.0,male,12,not,White,did not ride,1-2,<1
18.0,male,12,not,White,did not ride,30,1
16.0,male,10,not,Black or African American,never,did not drive,4
15.0,male,10,,White,never,0,1
16.0,male,10,not,Black or African American,did not ride,0,2
15.0,male,10,not,American Indian or Alaska Native,never,did not drive,<1
16.0,male,10,not,Black or African American,did not ride,,5+
16.0,male,10,not,White,never,0,3
16.0,male,10,not,White,,did not drive,3
16.0,male,10,not,White,did not ride,did not drive,3
16.0,male,10,not,White,never,0,3
16.0,male,10,not,White,never,3-5,5+
16.0,male,10,not,White,never,0,5+
15.0,male,10,hispanic,,never,0,5+
16.0,male,10,not,White,never,0,1
15.0,male,10,not,White,did not ride,did not drive,2
16.0,male,10,not,White,did not ride,did not drive,2
15.0,male,10,not,White,most of time,did not drive,<1
16.0,male,10,not,White,never,0,2
16.0,male,10,not,American Indian or Alaska Native,never,30,<1
16.0,male,10,not,Black or African American,did not ride,,5+
15.0,male,10,not,White,never,0,1
16.0,male,10,not,White,never,30,1
15.0,male,10,not,Black or African American,never,0,
15.0,male,10,not,Asian,most of time,did not drive,2
16.0,male,10,not,White,never,0,do not watch
16.0,male,10,,White,never,20-29,2
17.0,male,10,not,White,did not ride,did not drive,5+
18.0,male,10,hispanic,White,never,30,do not watch
16.0,male,10,not,White,never,0,3
17.0,male,12,not,Asian,did not ride,10-19,2
17.0,male,12,not,Black or African American,rarely,0,2
18.0,male,12,not,White,sometimes,0,2
17.0,male,12,not,Asian,did not ride,3-5,3
18.0,male,12,hispanic,,did not ride,0,2
18.0,male,12,hispanic,,rarely,did not drive,3
18.0,male,12,not,Asian,never,30,<1
18.0,male,12,not,Black or African American,did not ride,did not drive,do not watch
18.0,male,12,hispanic,White,did not ride,did not drive,<1
17.0,male,12,not,Black or African American,did not ride,0,1
17.0,male,12,not,Asian,always,3-5,2
17.0,male,12,not,Asian,did not ride,0,2
18.0,male,12,not,Asian,did not ride,0,1
18.0,male,12,hispanic,White,did not ride,0,2
17.0,male,12,hispanic,Black or African American,never,0,5+
17.0,male,12,hispanic,,never,0,<1
17.0,male,12,not,Asian,sometimes,0,3
18.0,female,12,not,,did not ride,0,do not watch
17.0,female,12,not,Asian,did not ride,1-2,<1
18.0,female,12,hispanic,White,did not ride,did not drive,<1
17.0,female,12,not,White,did not ride,0,<1
17.0,female,12,hispanic,Black or African American,did not ride,did not drive,2
17.0,female,12,not,Black or African American,never,20-29,1
17.0,female,12,hispanic,White,did not ride,0,4
17.0,female,12,not,Asian,did not ride,3-5,<1
16.0,male,9,not,White,always,did not drive,<1
16.0,female,9,not,Asian,always,did not drive,do not watch
14.0,female,9,not,White,never,did not drive,4
14.0,female,9,not,Black or African American,,did not drive,<1
14.0,male,9,not,White,did not ride,did not drive,<1
14.0,female,9,not,Black or African American,sometimes,did not drive,5+
14.0,female,9,not,Black or African American,never,0,5+
14.0,female,9,not,Black or African American,did not ride,did not drive,5+
15.0,female,9,not,Black or African American,never,did not drive,5+
15.0,female,9,hispanic,,rarely,did not drive,2
15.0,female,9,not,Black or African American,never,0,4
15.0,female,9,not,White,did not ride,did not drive,3
16.0,female,9,hispanic,,rarely,0,2
14.0,female,9,not,White,rarely,did not drive,5+
14.0,female,9,,Black or African American,did not ride,did not drive,do not watch
14.0,female,9,not,,never,did not drive,5+
15.0,male,9,not,Black or African American,never,0,2
14.0,male,9,not,Black or African American,never,did not drive,2
14.0,male,9,not,American Indian or Alaska Native,never,3-5,5+
14.0,male,9,not,Black or African American,never,did not drive,4
14.0,male,9,not,Black or African American,never,,5+
15.0,male,9,not,Black or African American,never,0,4
15.0,male,9,,Black or African American,never,0,do not watch
14.0,male,9,not,White,never,0,2
15.0,male,9,not,Black or African American,never,did not drive,5+
15.0,male,9,not,Black or African American,did not ride,0,5+
15.0,male,9,not,Black or African American,sometimes,did not drive,3
14.0,male,9,not,,never,0,4
15.0,male,9,not,Black or African American,did not ride,did not drive,5+
14.0,male,9,not,Black or African American,,0,
14.0,male,9,not,White,never,,do not watch
14.0,male,9,not,White,never,,
15.0,male,9,not,White,never,did not drive,2
18.0,female,12,,Black or African American,did not ride,did not drive,3
17.0,female,12,not,White,did not ride,20-29,2
18.0,female,12,not,White,never,did not drive,do not watch
18.0,female,12,not,Black or African American,did not ride,,5+
18.0,female,12,,Black or African American,did not ride,0,<1
18.0,female,12,not,White,never,1-2,1
17.0,female,12,not,Black or African American,never,30,<1
17.0,male,12,not,Black or African American,did not ride,did not drive,do not watch
17.0,male,12,not,Black or African American,did not ride,0,4
18.0,male,other,not,White,never,20-29,3
18.0,male,12,not,Black or African American,did not ride,10-19,5+
16.0,male,11,not,Black or African American,did not ride,0,do not watch
18.0,male,12,not,Black or African American,never,6-9,1
17.0,male,12,not,White,never,0,do not watch
16.0,female,10,not,Black or African American,did not ride,0,5+
16.0,female,10,not,,rarely,30,do not watch
16.0,female,10,not,Black or African American,did not ride,,4
15.0,female,10,,,did not ride,did not drive,2
16.0,female,10,not,,never,,1
17.0,female,11,not,Black or African American,never,did not drive,4
16.0,female,10,not,Black or African American,did not ride,0,5+
15.0,female,10,not,Black or African American,never,0,<1
16.0,male,10,not,Black or African American,did not ride,0,do not watch
16.0,male,10,not,,never,0,3
,male,11,not,Black or African American,did not ride,,
16.0,male,10,not,Black or African American,never,0,5+
15.0,male,10,not,Black or African American,never,,4
15.0,male,10,not,Black or African American,never,did not drive,5+
17.0,male,10,not,White,never,0,2
16.0,male,10,not,,did not ride,did not drive,3
15.0,male,10,not,Black or African American,did not ride,did not drive,4
14.0,male,9,not,Black or African American,sometimes,0,3
17.0,male,10,not,Black or African American,,0,3
16.0,male,10,not,Black or African American,never,did not drive,2
15.0,female,9,not,Black or African American,sometimes,0,2
14.0,female,9,not,White,never,10-19,3
14.0,female,9,not,Black or African American,did not ride,did not drive,2
14.0,female,9,not,,did not ride,did not drive,<1
15.0,female,9,hispanic,American Indian or Alaska Native,did not ride,0,do not watch
15.0,female,9,not,White,did not ride,did not drive,2
14.0,female,9,not,Black or African American,never,did not drive,5+
15.0,female,9,not,Black or African American,rarely,did not drive,2
16.0,female,9,not,White,did not ride,did not drive,4
15.0,female,9,not,Black or African American,rarely,did not drive,4
15.0,female,9,not,Black or African American,never,0,5+
14.0,female,9,not,Black or African American,did not ride,did not drive,5+
15.0,female,9,not,Black or African American,did not ride,,2
15.0,male,9,not,White,did not ride,did not drive,
15.0,male,9,not,Black or African American,rarely,did not drive,1
14.0,male,9,not,,never,did not drive,4
15.0,male,9,not,Black or African American,never,0,4
18.0,male,12,hispanic,White,did not ride,20-29,5+
15.0,male,9,not,Black or African American,never,0,5+
15.0,male,9,not,White,never,did not drive,3
15.0,male,9,,Black or African American,never,did not drive,4
15.0,male,9,not,White,most of time,did not drive,do not watch
15.0,male,9,not,,rarely,did not drive,
15.0,male,9,not,Black or African American,never,0,3
15.0,male,9,not,Black or African American,never,did not drive,1
15.0,male,9,not,Black or African American,never,0,2
15.0,female,10,not,White,never,did not drive,4
15.0,female,10,not,,never,0,1
16.0,female,10,not,Black or African American,never,0,2
16.0,female,10,not,,never,0,3
15.0,female,10,hispanic,,did not ride,did not drive,5+
15.0,female,10,not,,did not ride,did not drive,1
15.0,female,10,not,American Indian or Alaska Native,did not ride,did not drive,5+
16.0,male,10,not,Black or African American,never,0,2
15.0,male,10,not,Black or African American,did not ride,,5+
16.0,male,10,hispanic,,always,0,2
16.0,male,10,not,White,never,0,2
15.0,male,10,not,Black or African American,never,did not drive,3
16.0,male,10,not,,never,0,1
16.0,male,11,not,White,never,3-5,2
17.0,male,10,not,White,did not ride,0,do not watch
16.0,male,10,not,Black or African American,never,3-5,5+
15.0,male,10,not,Black or African American,never,0,do not watch
15.0,male,10,not,Black or African American,never,,5+
16.0,male,10,not,Black or African American,never,did not drive,4
16.0,male,10,not,White,never,30,do not watch
17.0,male,11,not,Black or African American,never,0,3
16.0,male,10,not,Black or African American,never,0,5+
16.0,male,10,not,Black or African American,,30,do not watch
17.0,male,10,not,,,did not drive,3
16.0,male,10,not,White,did not ride,0,<1
15.0,male,10,not,Black or African American,never,0,5+
17.0,female,11,not,Black or African American,did not ride,0,do not watch
16.0,female,11,not,White,did not ride,1-2,2
17.0,female,11,not,White,did not ride,0,2
17.0,female,11,not,Black or African American,never,0,2
16.0,female,11,not,White,never,6-9,2
16.0,female,11,not,Black or African American,rarely,0,4
16.0,female,11,not,Black or African American,never,did not drive,4
16.0,male,11,not,Black or African American,never,0,5+
16.0,male,11,not,Black or African American,never,did not drive,<1
17.0,male,11,not,Black or African American,did not ride,did not drive,4
16.0,male,11,not,Black or African American,never,1-2,1
17.0,male,11,not,White,never,did not drive,<1
17.0,male,11,hispanic,,did not ride,0,3
17.0,male,11,not,Black or African American,never,did not drive,5+
17.0,male,11,not,White,sometimes,1-2,4
16.0,male,11,not,Black or African American,did not ride,did not drive,3
17.0,male,11,not,Black or African American,did not ride,did not drive,4
16.0,male,11,,White,never,6-9,1
17.0,male,11,not,Black or African American,did not ride,did not drive,5+
17.0,male,11,not,Black or African American,did not ride,0,<1
17.0,male,11,not,Black or African American,never,0,3
17.0,male,11,not,Black or African American,never,did not drive,do not watch
17.0,male,11,not,Black or African American,did not ride,10-19,4
17.0,male,11,not,Black or African American,did not ride,0,5+
16.0,male,11,not,White,never,1-2,3
18.0,male,12,not,Black or African American,did not ride,0,2
17.0,male,11,not,Black or African American,did not ride,3-5,3
17.0,male,11,not,Black or African American,never,0,
16.0,male,11,not,Black or African American,,10-19,do not watch
17.0,male,11,not,White,did not ride,0,2
17.0,female,12,not,Black or African American,,1-2,do not watch
17.0,female,11,not,Black or African American,did not ride,0,5+
16.0,female,10,hispanic,White,never,did not drive,<1
17.0,female,11,not,White,never,did not drive,<1
16.0,female,11,not,Black or African American,did not ride,3-5,4
17.0,female,11,not,Black or African American,did not ride,0,3
16.0,female,11,not,White,never,0,2
16.0,female,11,not,Black or African American,never,0,5+
16.0,female,11,not,Black or African American,did not ride,did not drive,
17.0,female,12,not,Black or African American,did not ride,0,3
16.0,female,11,not,Black or African American,never,0,3
16.0,female,11,not,White,did not ride,0,<1
18.0,female,12,not,White,rarely,30,2
18.0,female,12,not,Black or African American,did not ride,30,3
18.0,female,12,not,Black or African American,did not ride,30,4
17.0,female,12,not,White,did not ride,0,3
18.0,female,12,not,White,did not ride,0,2
17.0,female,12,not,Black or African American,never,1-2,3
18.0,female,12,not,Black or African American,did not ride,0,5+
17.0,female,12,not,White,never,1-2,1
17.0,female,12,not,Black or African American,never,0,5+
18.0,female,12,not,Black or African American,sometimes,0,5+
18.0,female,12,not,Black or African American,did not ride,0,5+
17.0,female,12,not,White,did not ride,0,do not watch
18.0,male,12,not,Black or African American,did not ride,0,5+
18.0,male,12,not,Black or African American,did not ride,30,3
17.0,male,12,not,Black or African American,did not ride,30,3
17.0,male,12,not,Black or African American,never,6-9,2
17.0,male,12,not,Black or African American,never,did not drive,
17.0,male,12,not,White,never,1-2,<1
18.0,male,12,not,White,rarely,0,1
17.0,male,12,not,Black or African American,never,3-5,<1
18.0,female,12,not,Asian,did not ride,0,do not watch
18.0,female,12,not,Black or African American,did not ride,1-2,do not watch
18.0,female,12,not,Black or African American,did not ride,did not drive,<1
17.0,female,12,not,White,did not ride,6-9,3
18.0,female,12,not,Black or African American,never,0,3
17.0,female,12,not,Black or African American,did not ride,,2
17.0,female,12,not,Black or African American,never,did not drive,5+
17.0,female,12,hispanic,American Indian or Alaska Native,never,30,5+
17.0,female,12,not,Black or African American,did not ride,1-2,5+
18.0,female,12,not,White,never,30,1
18.0,female,12,not,White,did not ride,6-9,do not watch
18.0,female,12,not,Black or African American,rarely,0,5+
18.0,female,12,not,Black or African American,did not ride,did not drive,5+
18.0,male,12,not,White,did not ride,0,do not watch
17.0,male,12,not,White,never,30,3
18.0,male,12,not,Black or African American,never,0,do not watch
18.0,male,12,not,White,never,3-5,2
18.0,male,12,not,,never,0,5+
16.0,female,10,not,Black or African American,did not ride,0,5+
16.0,female,10,not,White,never,did not drive,1
16.0,female,10,,,never,6-9,2
15.0,female,10,not,Black or African American,never,0,2
16.0,female,10,not,Black or African American,did not ride,did not drive,<1
16.0,female,10,not,White,did not ride,0,do not watch
16.0,male,10,not,Black or African American,never,30,3
15.0,male,10,not,Black or African American,never,,5+
17.0,male,10,not,Black or African American,did not ride,did not drive,1
16.0,male,10,not,Black or African American,never,0,2
15.0,male,10,not,Black or African American,never,did not drive,3
16.0,male,10,not,Black or African American,never,did not drive,do not watch
16.0,male,10,not,Black or African American,did not ride,did not drive,5+
16.0,male,10,not,Black or African American,never,1-2,3
16.0,male,10,not,Black or African American,never,0,3
15.0,male,10,not,White,never,0,1
14.0,female,9,not,Black or African American,never,did not drive,5+
14.0,female,9,not,White,never,did not drive,1
15.0,female,9,not,Black or African American,never,did not drive,5+
14.0,female,9,not,Black or African American,did not ride,did not drive,3
15.0,female,9,,White,never,0,1
15.0,female,9,not,Black or African American,never,did not drive,5+
15.0,female,9,not,White,did not ride,did not drive,2
15.0,female,9,not,,never,did not drive,do not watch
16.0,female,9,not,Black or African American,never,did not drive,4
15.0,male,9,hispanic,Black or African American,never,0,
14.0,male,9,not,Black or African American,did not ride,did not drive,3
15.0,male,9,not,White,never,did not drive,<1
15.0,male,9,not,Black or African American,never,0,5+
15.0,male,9,not,Black or African American,never,0,2
15.0,male,9,not,Black or African American,never,0,3
15.0,male,9,not,Black or African American,rarely,0,5+
17.0,male,9,not,Black or African American,never,0,do not watch
17.0,male,9,not,White,never,1-2,2
16.0,female,11,not,Black or African American,did not ride,0,5+
17.0,female,11,not,Black or African American,did not ride,1-2,<1
16.0,female,11,,,did not ride,did not drive,<1
16.0,female,11,not,Black or African American,did not ride,,5+
16.0,female,11,not,White,did not ride,30,3
17.0,female,11,not,Asian,never,did not drive,do not watch
17.0,female,11,not,Black or African American,never,did not drive,5+
16.0,female,11,not,Black or African American,never,0,3
16.0,male,11,not,,never,did not drive,2
17.0,male,11,not,Black or African American,did not ride,0,4
18.0,male,11,not,White,never,0,<1
17.0,male,11,not,White,never,30,<1
17.0,male,11,not,White,never,0,do not watch
17.0,male,11,not,Black or African American,never,0,2
18.0,male,11,not,Black or African American,most of time,0,<1
16.0,male,11,,White,never,did not drive,4
16.0,female,11,not,Black or African American,did not ride,0,4
17.0,female,11,not,Black or African American,never,0,5+
17.0,male,11,not,White,never,0,2
18.0,male,11,not,White,did not ride,0,1
17.0,male,11,not,Black or African American,never,1-2,4
16.0,female,10,not,Black or African American,never,did not drive,2
16.0,female,10,not,White,never,,2
15.0,female,10,not,Black or African American,rarely,0,3
15.0,female,10,not,,did not ride,0,4
16.0,female,10,not,Black or African American,never,0,<1
16.0,female,10,not,Black or African American,never,0,3
16.0,female,10,not,White,never,0,2
16.0,female,10,not,Black or African American,never,0,5+
16.0,female,10,not,Black or African American,did not ride,0,4
16.0,female,10,not,White,did not ride,did not drive,do not watch
16.0,female,10,not,White,did not ride,0,<1
16.0,male,10,not,White,did not ride,0,3
16.0,male,10,not,Black or African American,never,0,<1
16.0,male,10,not,,did not ride,3-5,3
15.0,male,10,not,White,sometimes,did not drive,3
16.0,male,10,not,,never,3-5,5+
15.0,male,10,not,White,sometimes,1-2,4
15.0,male,10,not,Black or African American,did not ride,0,
15.0,male,10,not,White,never,0,3
15.0,male,10,not,,never,0,<1
15.0,male,10,not,,did not ride,0,3
15.0,male,10,not,White,never,0,1
17.0,female,12,not,White,never,20-29,3
18.0,female,12,not,White,never,30,4
18.0,female,12,not,Black or African American,never,,2
18.0,female,12,not,White,did not ride,0,3
17.0,female,12,not,White,did not ride,,2
17.0,male,12,not,White,never,1-2,2
18.0,male,12,not,Black or African American,did not ride,did not drive,5+
18.0,male,12,not,White,never,0,3
15.0,female,9,not,Black or African American,did not ride,did not drive,3
14.0,male,9,hispanic,,never,did not drive,1
16.0,male,9,not,Black or African American,never,did not drive,3
15.0,female,9,not,Black or African American,never,0,do not watch
16.0,female,9,not,Black or African American,did not ride,did not drive,do not watch
16.0,female,9,not,,rarely,did not drive,2
14.0,female,9,not,White,never,did not drive,2
14.0,female,9,not,Black or African American,never,did not drive,5+
15.0,male,9,hispanic,Black or African American,did not ride,1-2,3
15.0,male,9,not,Asian,did not ride,did not drive,3
14.0,male,9,not,White,did not ride,1-2,2
14.0,male,9,not,Black or African American,never,did not drive,1
14.0,male,9,,White,,,5+
14.0,male,9,not,White,never,0,2
15.0,male,9,not,Black or African American,never,0,5+
15.0,male,9,not,Black or African American,rarely,0,
17.0,female,11,not,,did not ride,did not drive,3
17.0,female,11,not,White,never,6-9,<1
16.0,female,11,not,White,never,0,1
17.0,female,11,not,Black or African American,did not ride,0,do not watch
17.0,female,11,not,White,,1-2,3
16.0,female,11,not,,never,did not drive,5+
17.0,male,11,not,,never,10-19,4
17.0,male,11,not,Black or African American,never,0,3
16.0,male,11,not,,never,30,5+
17.0,male,11,not,White,never,0,<1
17.0,male,11,not,Black or African American,did not ride,0,5+
17.0,male,11,not,Black or African American,did not ride,1-2,2
17.0,male,11,not,Black or African American,never,3-5,<1
17.0,male,11,not,Asian,never,1-2,3
16.0,male,11,not,White,never,0,do not watch
18.0,female,12,not,Black or African American,did not ride,30,5+
17.0,female,12,not,Black or African American,did not ride,0,3
18.0,female,12,not,,never,3-5,3
18.0,female,12,not,Black or African American,did not ride,did not drive,3
18.0,female,12,not,Black or African American,never,0,3
17.0,female,12,not,Black or African American,never,0,4
18.0,female,12,not,Black or African American,did not ride,did not drive,5+
18.0,male,12,not,Black or African American,never,6-9,4
18.0,male,12,not,Black or African American,never,0,3
17.0,male,12,not,Black or African American,never,30,4
18.0,male,12,not,Black or African American,did not ride,did not drive,3
18.0,male,12,hispanic,,,0,do not watch
18.0,male,12,not,Black or African American,never,6-9,3
18.0,male,12,not,White,did not ride,10-19,1
18.0,male,12,not,Black or African American,did not ride,30,2
18.0,male,12,not,Black or African American,never,30,3
15.0,male,9,not,Black or African American,rarely,0,3
16.0,female,9,not,,never,did not drive,1
14.0,female,9,not,Black or African American,never,did not drive,5+
14.0,female,9,not,White,never,did not drive,1
16.0,female,9,not,Black or African American,rarely,0,5+
15.0,female,9,not,,sometimes,did not drive,3
14.0,female,9,not,White,never,did not drive,3
15.0,female,9,not,,did not ride,0,<1
15.0,female,9,not,White,never,did not drive,<1
14.0,female,9,not,White,rarely,did not drive,3
16.0,female,9,not,Black or African American,did not ride,did not drive,1
15.0,female,9,not,Black or African American,never,0,1
15.0,male,9,not,Black or African American,always,0,1
15.0,male,9,not,White,always,did not drive,1
15.0,male,9,not,,did not ride,did not drive,5+
14.0,male,9,not,White,never,did not drive,1
15.0,male,9,not,White,did not ride,did not drive,3
14.0,male,9,not,White,sometimes,did not drive,3
15.0,male,9,not,Black or African American,did not ride,0,2
14.0,male,9,hispanic,Black or African American,did not ride,did not drive,do not watch
14.0,male,9,hispanic,White,never,,2
15.0,male,9,not,White,never,did not drive,1
15.0,male,9,not,Black or African American,never,did not drive,<1
13.0,male,9,not,Black or African American,never,did not drive,3
17.0,male,10,not,White,never,0,2
15.0,male,10,not,White,always,0,2
16.0,female,10,not,White,did not ride,,5+
16.0,female,10,not,White,did not ride,0,do not watch
17.0,female,10,not,Black or African American,did not ride,did not drive,<1
16.0,female,10,not,Black or African American,rarely,did not drive,5+
14.0,female,9,not,White,never,did not drive,2
15.0,female,10,not,,never,,<1
16.0,female,10,not,Black or African American,never,did not drive,5+
16.0,female,10,not,Black or African American,did not ride,0,2
15.0,female,10,not,White,did not ride,did not drive,1
16.0,female,10,not,White,did not ride,0,3
16.0,female,10,not,Black or African American,did not ride,did not drive,4
15.0,female,10,not,White,never,did not drive,do not watch
15.0,female,10,not,White,did not ride,did not drive,<1
15.0,female,10,not,White,most of time,did not drive,<1
15.0,female,10,not,Black or African American,did not ride,did not drive,do not watch
15.0,female,10,not,Black or African American,did not ride,did not drive,2
15.0,female,10,hispanic,White,never,did not drive,3
16.0,female,10,not,,never,0,do not watch
15.0,male,10,not,,never,did not drive,<1
15.0,male,10,not,Black or African American,never,did not drive,1
16.0,male,10,not,White,,0,3
15.0,male,10,not,Black or African American,never,,3
16.0,male,10,hispanic,White,did not ride,10-19,2
16.0,male,10,not,White,did not ride,0,3
16.0,male,10,not,,never,did not drive,3
16.0,male,10,not,White,did not ride,0,4
17.0,female,11,not,Black or African American,did not ride,did not drive,do not watch
16.0,female,11,hispanic,Black or African American,did not ride,did not drive,5+
17.0,female,11,hispanic,Black or African American,never,0,2
17.0,female,11,hispanic,,always,0,1
16.0,female,11,not,White,never,1-2,3
16.0,female,11,not,White,did not ride,1-2,1
17.0,female,11,not,,never,0,do not watch
17.0,female,11,not,White,never,did not drive,<1
17.0,male,11,not,White,never,3-5,<1
17.0,male,11,not,Black or African American,never,10-19,3
16.0,male,11,not,White,did not ride,did not drive,do not watch
16.0,male,11,not,White,never,1-2,3
16.0,male,11,not,Black or African American,did not ride,0,1
16.0,male,11,not,,did not ride,1-2,1
17.0,female,11,not,Black or African American,did not ride,6-9,4
16.0,female,11,not,White,always,0,3
17.0,female,11,not,Black or African American,never,did not drive,4
17.0,male,11,not,,never,0,2
17.0,male,11,not,White,never,1-2,1
17.0,male,11,not,Black or African American,never,did not drive,3
14.0,female,9,not,White,never,,1
14.0,female,9,not,White,did not ride,did not drive,3
15.0,female,9,not,,,,
15.0,female,9,not,Black or African American,never,did not drive,2
14.0,female,9,not,White,rarely,did not drive,2
15.0,female,9,not,Black or African American,never,,3
15.0,female,9,not,Asian,rarely,did not drive,2
16.0,female,9,not,White,never,0,3
15.0,female,9,not,Black or African American,did not ride,did not drive,3
15.0,female,9,hispanic,,,did not drive,2
14.0,female,9,not,Black or African American,did not ride,,5+
14.0,female,9,not,Black or African American,did not ride,did not drive,5+
14.0,female,9,hispanic,,never,did not drive,<1
14.0,female,9,not,White,did not ride,did not drive,2
15.0,male,9,hispanic,American Indian or Alaska Native,rarely,0,do not watch
14.0,male,9,not,,never,did not drive,3
14.0,male,9,not,Black or African American,never,did not drive,<1
15.0,male,9,not,White,never,did not drive,4
15.0,male,9,not,White,never,did not drive,1
15.0,male,9,not,Asian,did not ride,did not drive,2
15.0,male,9,not,Black or African American,did not ride,did not drive,5+
15.0,male,9,not,Asian,never,0,2
14.0,male,9,not,White,never,did not drive,do not watch
14.0,male,9,hispanic,Black or African American,sometimes,0,4
14.0,male,9,not,Black or African American,never,did not drive,<1
14.0,male,9,not,White,did not ride,did not drive,<1
18.0,female,11,not,,never,did not drive,3
16.0,female,11,hispanic,,never,0,
17.0,female,11,not,,did not ride,did not drive,4
16.0,female,11,not,Black or African American,never,1-2,3
17.0,female,11,not,,did not ride,0,4
16.0,female,11,not,Asian,never,0,<1
17.0,female,11,hispanic,Black or African American,did not ride,1-2,3
17.0,female,11,not,,sometimes,1-2,1
17.0,male,11,not,White,did not ride,10-19,
17.0,male,11,not,White,did not ride,0,2
17.0,male,11,not,Black or African American,never,did not drive,5+
17.0,male,11,not,White,never,30,2
16.0,male,11,not,Black or African American,never,0,<1
17.0,male,11,not,White,never,did not drive,1
17.0,male,11,not,Black or African American,never,did not drive,<1
17.0,male,11,hispanic,Black or African American,never,0,<1
17.0,male,11,not,White,never,did not drive,1
16.0,male,11,not,Black or African American,never,3-5,<1
17.0,male,11,not,,never,0,5+
17.0,male,11,not,Black or African American,did not ride,30,<1
15.0,male,10,not,,never,,3
15.0,female,10,not,,did not ride,did not drive,2
16.0,female,10,,Asian,did not ride,did not drive,2
16.0,female,10,not,Black or African American,did not ride,did not drive,2
16.0,female,10,not,Black or African American,did not ride,1-2,1
16.0,female,10,not,White,did not ride,1-2,2
15.0,female,10,not,White,did not ride,did not drive,do not watch
16.0,male,11,not,Black or African American,never,0,2
16.0,male,10,not,White,never,0,5+
16.0,male,10,not,Black or African American,never,did not drive,5+
18.0,male,,not,White,never,10-19,do not watch
16.0,male,10,not,,did not ride,0,4
15.0,male,10,not,White,never,0,3
18.0,male,12,not,White,did not ride,0,<1
16.0,male,10,not,Black or African American,never,0,do not watch
17.0,male,11,not,Black or African American,did not ride,did not drive,1
17.0,male,11,not,Black or African American,never,1-2,4
18.0,female,12,,Black or African American,did not ride,3-5,2
18.0,female,12,not,Black or African American,did not ride,0,5+
18.0,female,12,not,Black or African American,did not ride,did not drive,do not watch
18.0,female,12,not,,did not ride,did not drive,3
17.0,female,12,not,Black or African American,did not ride,did not drive,5+
18.0,female,12,not,American Indian or Alaska Native,did not ride,did not drive,2
13.0,female,9,not,Black or African American,always,30,do not watch
18.0,male,12,not,White,never,0,do not watch
18.0,female,12,not,Black or African American,never,0,do not watch
16.0,male,12,hispanic,Asian,did not ride,0,2
18.0,male,12,not,Black or African American,did not ride,0,3
18.0,male,12,not,White,rarely,0,4
18.0,male,12,not,White,did not ride,did not drive,2
18.0,male,12,not,White,did not ride,did not drive,5+
18.0,male,12,not,Black or African American,did not ride,0,5+
17.0,male,12,not,Black or African American,did not ride,0,3
18.0,male,12,not,,never,0,2
17.0,male,12,not,Black or African American,did not ride,0,4
18.0,male,12,not,Black or African American,never,1-2,1
18.0,male,12,not,Black or African American,never,0,do not watch
14.0,male,12,hispanic,Black or African American,never,30,do not watch
17.0,male,12,not,White,did not ride,did not drive,2
12.0,male,other,not,,never,30,1
17.0,female,12,not,,did not ride,did not drive,3
17.0,female,12,not,Black or African American,did not ride,,3
17.0,female,12,not,Black or African American,never,,2
17.0,female,11,not,Black or African American,did not ride,1-2,5+
17.0,female,12,not,Black or African American,did not ride,did not drive,1
18.0,female,12,not,Black or African American,did not ride,did not drive,5+
17.0,female,12,not,Black or African American,never,0,<1
18.0,female,11,not,Black or African American,did not ride,did not drive,3
17.0,male,12,not,Black or African American,did not ride,did not drive,3
18.0,male,12,not,Black or African American,never,30,do not watch
18.0,male,12,not,Black or African American,never,0,1
17.0,male,12,not,Black or African American,did not ride,10-19,2
18.0,male,12,not,Black or African American,never,0,5+
18.0,male,12,not,Black or African American,never,0,4
17.0,male,12,not,Black or African American,rarely,0,2
18.0,male,12,not,Black or African American,never,,4
18.0,male,12,not,Black or African American,never,0,5+
17.0,male,12,not,Black or African American,never,did not drive,<1
16.0,male,11,not,Black or African American,never,0,4
17.0,female,11,not,Black or African American,never,did not drive,1
15.0,male,9,not,Black or African American,never,0,
14.0,male,9,not,Black or African American,never,did not drive,1
15.0,male,9,not,Black or African American,never,0,3
15.0,male,9,not,Black or African American,never,0,3
14.0,male,9,not,Black or African American,never,,4
16.0,male,9,not,,did not ride,,1
14.0,female,9,not,Black or African American,never,did not drive,3
14.0,female,9,not,Black or African American,never,did not drive,2
14.0,female,9,hispanic,,did not ride,did not drive,5+
15.0,female,9,not,,sometimes,did not drive,3
14.0,female,9,not,Black or African American,never,did not drive,5+
17.0,male,11,not,Black or African American,never,,3
17.0,male,11,not,Black or African American,never,did not drive,5+
17.0,female,12,not,,did not ride,did not drive,5+
18.0,male,11,not,Black or African American,did not ride,did not drive,2
18.0,female,12,not,Black or African American,did not ride,did not drive,5+
18.0,female,12,not,American Indian or Alaska Native,did not ride,30,3
17.0,female,12,not,Black or African American,did not ride,1-2,5+
18.0,female,12,not,Black or African American,never,,5+
18.0,female,12,not,Black or African American,never,did not drive,5+
18.0,female,12,not,Black or African American,never,did not drive,5+
17.0,female,11,not,Black or African American,,,2
17.0,female,12,not,Black or African American,never,did not drive,<1
18.0,female,12,not,Black or African American,never,0,do not watch
18.0,male,12,not,Black or African American,never,0,3
18.0,male,12,not,Black or African American,never,0,<1
18.0,male,12,not,Black or African American,never,3-5,1
17.0,male,12,not,Black or African American,never,,5+
18.0,male,12,not,Black or African American,rarely,0,3
17.0,male,12,not,Black or African American,did not ride,did not drive,do not watch
18.0,male,12,not,White,never,0,5+
18.0,male,12,not,Black or African American,did not ride,0,4
18.0,male,12,not,Black or African American,did not ride,0,2
18.0,male,12,hispanic,,did not ride,0,5+
18.0,male,12,not,Black or African American,never,,<1
17.0,male,12,not,Black or African American,rarely,0,4
18.0,male,12,not,Black or African American,never,did not drive,2
18.0,male,12,not,Black or African American,did not ride,3-5,2
17.0,female,11,not,Black or African American,never,did not drive,3
17.0,female,11,not,,never,did not drive,5+
18.0,female,11,not,Black or African American,never,did not drive,5+
14.0,male,9,not,Black or African American,never,,3
15.0,male,9,not,Black or African American,never,did not drive,5+
15.0,male,9,not,Black or African American,never,30,5+
15.0,male,9,not,White,,0,5+
15.0,male,9,not,Black or African American,never,0,5+
16.0,female,10,not,Black or African American,never,did not drive,5+
15.0,female,9,not,Black or African American,sometimes,0,do not watch
16.0,female,10,not,Black or African American,did not ride,0,4
15.0,female,9,not,Black or African American,did not ride,0,1
14.0,female,9,not,Black or African American,did not ride,did not drive,do not watch
14.0,male,9,not,Black or African American,never,0,2
16.0,male,10,not,Black or African American,never,0,4
18.0,female,11,not,Black or African American,rarely,0,do not watch
17.0,male,11,not,Black or African American,rarely,did not drive,5+
16.0,male,11,not,Black or African American,never,did not drive,<1
18.0,male,11,,Black or African American,never,did not drive,5+
17.0,male,11,not,,did not ride,0,5+
16.0,male,11,not,Black or African American,did not ride,did not drive,5+
16.0,female,10,not,Black or African American,did not ride,6-9,3
16.0,female,10,not,Black or African American,did not ride,did not drive,<1
17.0,female,10,not,Black or African American,never,0,5+
16.0,female,10,not,Black or African American,did not ride,did not drive,1
16.0,female,10,not,Black or African American,never,did not drive,4
16.0,female,10,not,Black or African American,never,did not drive,2
16.0,female,10,not,Black or African American,did not ride,0,3
16.0,female,10,not,Black or African American,never,0,5+
16.0,female,10,not,Black or African American,never,0,1
15.0,female,10,not,Black or African American,sometimes,0,2
16.0,female,10,not,Black or African American,did not ride,did not drive,3
15.0,female,10,not,Black or African American,did not ride,0,1
15.0,male,10,not,,never,3-5,<1
16.0,male,10,not,Black or African American,did not ride,,2
18.0,male,12,not,Black or African American,always,0,do not watch
16.0,male,10,not,Black or African American,never,0,1
15.0,male,10,not,Black or African American,never,,5+
17.0,female,11,not,Black or African American,never,0,5+
17.0,male,11,not,Black or African American,did not ride,did not drive,4
17.0,male,11,not,Black or African American,never,0,3
16.0,male,11,not,Black or African American,never,0,3
16.0,male,11,not,Black or African American,most of time,0,
17.0,male,11,not,Black or African American,did not ride,did not drive,do not watch
17.0,male,11,,Black or African American,never,0,3
16.0,male,11,not,Black or African American,did not ride,0,5+
17.0,male,12,not,Black or African American,did not ride,0,5+
17.0,female,11,not,Black or African American,did not ride,did not drive,5+
17.0,female,11,not,Black or African American,never,1-2,3
18.0,female,11,not,Black or African American,never,,5+
16.0,female,11,not,Black or African American,never,0,do not watch
17.0,female,11,not,Black or African American,did not ride,,2
16.0,female,11,not,Black or African American,did not ride,0,5+
17.0,female,11,not,Black or African American,did not ride,0,5+
17.0,female,11,not,Black or African American,did not ride,0,1
16.0,female,11,not,Black or African American,never,did not drive,5+
17.0,male,11,not,Black or African American,never,did not drive,4
17.0,male,10,not,Black or African American,never,did not drive,5+
15.0,male,10,not,Black or African American,rarely,did not drive,4
16.0,female,10,not,Black or African American,did not ride,did not drive,5+
15.0,female,10,not,Black or African American,did not ride,did not drive,4
17.0,female,11,not,Black or African American,never,did not drive,3
15.0,female,10,not,Black or African American,never,0,do not watch
17.0,female,10,not,Black or African American,did not ride,did not drive,2
15.0,female,10,not,Black or African American,did not ride,did not drive,3
17.0,female,11,hispanic,Black or African American,never,did not drive,3
18.0,female,11,not,Black or African American,did not ride,0,<1
15.0,female,10,not,Black or African American,never,0,3
17.0,female,11,not,Black or African American,did not ride,0,2
18.0,male,11,not,Black or African American,never,6-9,4
16.0,male,11,not,Black or African American,never,0,3
18.0,male,12,not,Black or African American,never,1-2,do not watch
16.0,male,11,not,Black or African American,never,0,5+
16.0,male,11,not,Black or African American,did not ride,did not drive,5+
17.0,male,11,not,Black or African American,never,0,4
17.0,male,11,not,Black or African American,never,1-2,4
17.0,female,11,not,Black or African American,did not ride,did not drive,3
16.0,female,11,not,Black or African American,never,did not drive,4
16.0,female,11,not,Black or African American,never,did not drive,5+
17.0,female,11,not,Black or African American,never,0,2
17.0,female,11,not,Black or African American,never,0,<1
18.0,female,11,not,Black or African American,always,0,do not watch
17.0,female,11,not,Black or African American,never,3-5,3
16.0,female,10,not,Black or African American,never,did not drive,3
17.0,female,11,not,Black or African American,never,did not drive,3
16.0,female,11,not,Black or African American,rarely,did not drive,5+
18.0,male,12,not,Black or African American,did not ride,did not drive,<1
18.0,male,12,not,White,never,30,<1
18.0,male,12,not,Black or African American,did not ride,6-9,3
17.0,male,12,not,Black or African American,never,0,5+
17.0,male,12,not,,never,30,4
18.0,male,12,not,Black or African American,did not ride,did not drive,5+
17.0,male,12,not,White,did not ride,0,do not watch
18.0,male,12,not,White,did not ride,0,<1
18.0,male,12,not,Black or African American,never,10-19,1
18.0,female,12,not,Black or African American,did not ride,0,5+
18.0,female,12,not,Black or African American,rarely,0,2
17.0,female,,not,Black or African American,did not ride,0,<1
18.0,female,12,not,Black or African American,did not ride,0,5+
17.0,female,12,not,Black or African American,did not ride,0,2
17.0,female,12,not,Black or African American,did not ride,did not drive,5+
17.0,female,12,not,Black or African American,did not ride,did not drive,4
17.0,female,12,not,,never,did not drive,3
17.0,female,12,not,Black or African American,did not ride,,4
18.0,female,12,not,Black or African American,did not ride,did not drive,3
17.0,female,12,not,American Indian or Alaska Native,did not ride,0,4
18.0,female,12,not,Black or African American,did not ride,did not drive,4
18.0,female,12,not,,did not ride,did not drive,3
17.0,female,other,not,,never,0,1
18.0,female,12,not,Black or African American,did not ride,did not drive,<1
17.0,female,12,not,Black or African American,never,did not drive,2
17.0,female,12,not,Black or African American,never,0,5+
17.0,female,12,not,Black or African American,never,did not drive,2
14.0,female,9,not,,never,did not drive,do not watch
14.0,female,9,not,Black or African American,did not ride,did not drive,3
15.0,female,9,not,,never,did not drive,2
15.0,female,9,not,,never,,3
14.0,female,9,not,Black or African American,never,0,3
15.0,female,9,hispanic,Black or African American,did not ride,0,3
14.0,female,9,not,Black or African American,sometimes,0,2
16.0,female,10,not,Black or African American,did not ride,did not drive,3
16.0,female,9,not,Black or African American,did not ride,,5+
15.0,female,9,not,Black or African American,did not ride,0,5+
14.0,female,9,not,Black or African American,rarely,did not drive,4
16.0,female,10,hispanic,White,never,,<1
14.0,female,9,hispanic,White,never,did not drive,4
15.0,male,10,not,Black or African American,did not ride,1-2,5+
14.0,male,9,not,Black or African American,never,did not drive,2
16.0,male,9,hispanic,,did not ride,did not drive,5+
14.0,male,9,not,White,did not ride,did not drive,5+
16.0,male,10,not,Black or African American,did not ride,did not drive,3
14.0,male,9,not,Black or African American,did not ride,did not drive,4
16.0,male,10,hispanic,Black or African American,did not ride,did not drive,
14.0,male,9,not,Black or African American,never,did not drive,3
15.0,male,9,not,Black or African American,never,did not drive,4
15.0,female,10,not,White,did not ride,did not drive,4
15.0,female,10,not,Black or African American,did not ride,did not drive,5+
15.0,female,10,,Black or African American,never,3-5,do not watch
15.0,female,10,not,Black or African American,never,did not drive,5+
15.0,female,10,not,Black or African American,did not ride,0,4
15.0,female,10,not,Black or African American,did not ride,did not drive,2
16.0,female,10,not,,did not ride,did not drive,5+
16.0,female,10,not,Black or African American,rarely,0,5+
,female,,,,,,do not watch
17.0,male,9,hispanic,,did not ride,,do not watch
16.0,male,10,not,Black or African American,never,did not drive,4
16.0,male,11,not,Black or African American,never,0,5+
17.0,male,11,hispanic,Black or African American,never,did not drive,5+
16.0,male,10,hispanic,Black or African American,never,6-9,<1
17.0,male,11,hispanic,Black or African American,did not ride,did not drive,
16.0,male,10,not,Black or African American,never,0,5+
,male,10,not,Black or African American,never,,
16.0,male,10,not,Black or African American,never,0,5+
16.0,male,10,not,Black or African American,always,,5+
18.0,male,11,not,Black or African American,did not ride,0,do not watch
17.0,male,10,not,Asian,,1-2,2
15.0,male,10,not,Black or African American,never,,2
17.0,male,11,not,White,never,,2
17.0,male,11,not,White,did not ride,0,2
17.0,male,12,not,White,,0,4
16.0,male,11,not,Black or African American,never,did not drive,3
17.0,male,11,not,White,did not ride,0,3
16.0,male,11,not,White,never,did not drive,1
16.0,male,11,not,Black or African American,never,,3
16.0,male,11,not,Black or African American,did not ride,0,4
17.0,male,11,not,Black or African American,did not ride,did not drive,do not watch
16.0,male,11,not,White,always,did not drive,<1
16.0,male,11,not,Black or African American,never,did not drive,3
16.0,female,11,not,Black or African American,did not ride,did not drive,<1
17.0,female,11,not,Black or African American,never,1-2,do not watch
16.0,female,10,hispanic,,never,did not drive,4
17.0,female,11,not,Black or African American,did not ride,0,1
16.0,female,11,not,,did not ride,0,2
16.0,female,11,not,Black or African American,did not ride,0,2
16.0,female,11,not,Black or African American,did not ride,0,5+
17.0,female,11,not,Black or African American,did not ride,0,3
17.0,female,11,not,Black or African American,did not ride,0,1
17.0,female,11,not,,did not ride,did not drive,5+
16.0,female,11,not,Black or African American,never,0,3
17.0,female,11,not,Black or African American,did not ride,did not drive,<1
16.0,female,10,not,Black or African American,never,did not drive,1
18.0,female,12,not,Black or African American,did not ride,0,4
17.0,female,11,not,Black or African American,did not ride,0,<1
16.0,female,11,not,Black or African American,did not ride,0,3
16.0,female,11,not,Black or African American,,0,do not watch
17.0,female,11,not,Black or African American,never,0,do not watch
15.0,female,10,not,Black or African American,did not ride,did not drive,5+
16.0,female,10,hispanic,Black or African American,did not ride,30,do not watch
17.0,female,10,not,White,never,did not drive,2
16.0,female,10,not,Black or African American,never,0,
16.0,female,10,not,Black or African American,did not ride,0,2
16.0,female,10,not,Black or African American,rarely,,do not watch
16.0,female,10,not,Black or African American,did not ride,0,2
16.0,male,10,not,White,never,0,<1
16.0,male,10,not,Black or African American,did not ride,0,5+
16.0,male,10,hispanic,White,always,did not drive,3
16.0,male,10,not,White,rarely,0,3
16.0,male,10,not,Black or African American,never,0,2
16.0,male,10,not,Black or African American,did not ride,0,5+
15.0,male,10,not,Black or African American,did not ride,did not drive,
16.0,male,10,not,Black or African American,did not ride,did not drive,
17.0,male,10,,Black or African American,did not ride,0,
17.0,male,10,not,Black or African American,never,1-2,5+
17.0,female,11,not,White,did not ride,0,5+
16.0,female,11,not,Black or African American,never,did not drive,2
17.0,female,12,not,White,did not ride,did not drive,do not watch
16.0,female,11,not,White,never,did not drive,<1
17.0,female,11,not,Black or African American,did not ride,,5+
17.0,female,11,not,White,did not ride,did not drive,1
16.0,female,11,not,White,did not ride,did not drive,2
17.0,female,11,not,Black or African American,did not ride,0,5+
16.0,female,11,not,Black or African American,never,did not drive,4
17.0,female,11,not,Black or African American,did not ride,0,do not watch
17.0,male,11,not,White,never,did not drive,<1
17.0,male,11,not,White,never,did not drive,2
18.0,male,11,not,White,never,0,3
17.0,male,11,not,White,never,30,<1
16.0,male,11,not,White,never,0,
16.0,male,11,not,,rarely,0,do not watch
17.0,male,11,not,Black or African American,never,10-19,5+
17.0,male,11,,Black or African American,never,0,5+
17.0,male,11,not,Black or African American,never,30,4
17.0,male,11,hispanic,White,did not ride,0,
17.0,male,11,not,White,never,0,5+
17.0,male,11,not,,did not ride,did not drive,do not watch
17.0,male,11,not,,did not ride,0,
16.0,male,11,not,White,never,3-5,5+
17.0,male,11,not,,never,did not drive,5+
15.0,female,9,not,White,never,did not drive,3
15.0,female,9,not,White,never,0,do not watch
14.0,female,9,not,Black or African American,never,did not drive,3
14.0,female,9,not,White,never,did not drive,4
15.0,female,9,not,White,did not ride,did not drive,2
14.0,female,9,not,White,did not ride,0,do not watch
15.0,female,9,not,White,sometimes,did not drive,1
14.0,female,9,not,White,never,did not drive,1
14.0,female,9,not,White,always,0,1
15.0,female,9,not,White,did not ride,did not drive,3
15.0,female,9,not,Black or African American,did not ride,0,3
15.0,female,9,not,,rarely,0,1
15.0,female,9,not,White,did not ride,did not drive,2
14.0,female,9,not,White,always,did not drive,do not watch
14.0,male,9,not,Black or African American,did not ride,did not drive,4
14.0,male,9,not,White,did not ride,did not drive,1
14.0,male,9,not,White,did not ride,did not drive,do not watch
15.0,male,9,not,Black or African American,never,did not drive,3
15.0,male,9,not,,did not ride,did not drive,1
15.0,male,9,not,Black or African American,never,did not drive,2
14.0,male,9,not,Black or African American,never,did not drive,2
15.0,male,9,not,White,did not ride,did not drive,5+
14.0,male,9,not,White,rarely,did not drive,2
15.0,male,9,not,,never,0,5+
15.0,male,9,not,,did not ride,did not drive,do not watch
18.0,female,12,not,,never,0,2
18.0,female,12,hispanic,,did not ride,did not drive,2
18.0,female,12,not,American Indian or Alaska Native,did not ride,0,do not watch
17.0,female,12,not,White,did not ride,did not drive,1
17.0,female,12,not,Black or African American,did not ride,did not drive,<1
17.0,female,12,not,,did not ride,20-29,<1
18.0,female,12,not,White,most of time,3-5,do not watch
18.0,female,12,not,Black or African American,did not ride,1-2,4
17.0,female,12,not,Black or African American,never,,4
17.0,female,12,not,White,did not ride,30,2
17.0,female,12,not,Black or African American,did not ride,1-2,3
18.0,male,12,not,Black or African American,did not ride,did not drive,5+
17.0,male,12,hispanic,White,,30,do not watch
18.0,male,12,not,White,never,,1
18.0,male,12,not,White,sometimes,0,<1
18.0,male,12,not,White,most of time,30,5+
18.0,male,12,not,Asian,never,,do not watch
16.0,male,11,not,Asian,never,0,do not watch
18.0,male,12,not,Black or African American,never,did not drive,2
18.0,male,12,not,,did not ride,0,2
18.0,male,12,not,White,never,20-29,1
18.0,male,12,not,White,never,30,2
18.0,male,12,not,White,never,30,2
17.0,female,12,not,Asian,did not ride,did not drive,do not watch
18.0,female,12,not,White,never,0,<1
18.0,female,12,not,White,did not ride,30,2
18.0,female,12,not,,did not ride,did not drive,do not watch
18.0,female,12,not,White,always,,2
18.0,female,12,not,White,did not ride,1-2,4
18.0,male,12,not,White,always,0,<1
18.0,male,12,hispanic,,rarely,0,2
18.0,male,12,not,White,did not ride,0,do not watch
18.0,male,12,not,White,always,0,5+
18.0,male,12,not,White,did not ride,10-19,3
17.0,male,12,not,White,always,did not drive,do not watch
18.0,male,12,not,White,most of time,0,4
18.0,male,12,not,White,sometimes,30,5+
18.0,male,12,not,White,did not ride,10-19,<1
18.0,male,12,hispanic,,never,6-9,1
17.0,male,12,not,White,never,did not drive,5+
,male,,,,,10-19,<1
17.0,male,12,not,Asian,never,0,do not watch
18.0,male,12,not,White,did not ride,did not drive,1
18.0,male,12,not,White,never,20-29,1
18.0,male,12,not,White,,6-9,3
17.0,male,12,not,White,did not ride,30,1
17.0,male,12,not,White,did not ride,did not drive,do not watch
18.0,male,12,not,White,never,1-2,3
16.0,female,10,not,White,did not ride,30,2
15.0,female,10,not,White,did not ride,did not drive,do not watch
16.0,female,10,not,Asian,never,did not drive,2
15.0,female,10,not,White,did not ride,3-5,do not watch
16.0,female,10,not,Native Hawaiian or Other Pacific Islander,never,0,<1
16.0,female,10,not,Asian,did not ride,0,3
16.0,female,10,not,Asian,sometimes,did not drive,<1
16.0,female,10,hispanic,White,most of time,0,2
16.0,female,10,not,White,never,1-2,3
16.0,female,10,not,White,sometimes,did not drive,1
15.0,female,10,not,Asian,sometimes,did not drive,<1
16.0,female,10,not,White,rarely,0,4
16.0,female,10,not,White,never,0,2
16.0,female,10,not,White,never,0,<1
16.0,male,10,not,White,did not ride,0,<1
16.0,male,10,not,White,never,3-5,4
16.0,male,10,not,White,always,0,1
16.0,male,10,hispanic,,always,20-29,2
15.0,male,11,not,,most of time,0,2
15.0,male,10,not,White,rarely,1-2,1
16.0,male,10,not,White,always,did not drive,do not watch
15.0,male,10,not,,always,0,<1
16.0,male,11,not,,never,did not drive,do not watch
15.0,male,10,not,Native Hawaiian or Other Pacific Islander,never,did not drive,<1
15.0,male,10,not,Native Hawaiian or Other Pacific Islander,never,0,3
15.0,male,10,hispanic,White,did not ride,did not drive,1
16.0,male,10,not,White,rarely,0,3
16.0,male,10,not,White,always,0,do not watch
16.0,male,10,not,,did not ride,did not drive,5+
16.0,male,10,not,White,did not ride,0,<1
16.0,male,10,not,White,never,1-2,2
17.0,male,11,not,White,always,0,<1
17.0,male,11,not,White,never,did not drive,
17.0,male,11,hispanic,White,never,0,do not watch
16.0,male,11,not,White,most of time,did not drive,<1
17.0,male,11,not,White,did not ride,0,<1
17.0,male,11,not,White,did not ride,0,3
17.0,male,11,hispanic,White,never,0,<1
17.0,male,11,not,White,always,0,3
17.0,male,11,not,White,never,did not drive,do not watch
16.0,male,11,not,White,always,30,do not watch
17.0,male,11,not,White,never,1-2,<1
17.0,male,11,not,White,did not ride,10-19,2
17.0,male,11,not,White,rarely,30,<1
16.0,male,11,not,White,most of time,0,1
17.0,male,11,not,White,did not ride,did not drive,2
17.0,male,11,not,White,always,30,<1
16.0,female,11,not,White,always,6-9,2
17.0,female,11,not,White,never,did not drive,do not watch
17.0,female,11,not,White,did not ride,6-9,<1
16.0,female,11,not,White,did not ride,3-5,5+
17.0,female,11,not,White,did not ride,1-2,<1
17.0,female,11,not,White,never,10-19,do not watch
17.0,female,11,not,White,most of time,3-5,<1
16.0,female,11,not,White,never,10-19,2
17.0,female,11,not,White,did not ride,3-5,3
16.0,female,11,not,,never,30,2
17.0,female,11,not,White,never,0,do not watch
17.0,female,11,hispanic,,did not ride,0,3
17.0,female,11,not,Asian,never,0,<1
,female,,,,,did not drive,1
15.0,female,9,not,Asian,did not ride,,do not watch
14.0,female,9,not,Asian,did not ride,did not drive,2
15.0,female,9,not,White,always,did not drive,<1
15.0,female,9,hispanic,,did not ride,0,<1
14.0,female,9,not,Native Hawaiian or Other Pacific Islander,always,0,do not watch
15.0,female,9,not,White,sometimes,0,do not watch
15.0,female,9,not,Asian,did not ride,did not drive,do not watch
,male,,,,never,did not drive,2
,male,,,,,,2
15.0,male,9,not,White,always,did not drive,2
14.0,male,9,not,Black or African American,did not ride,did not drive,1
14.0,male,9,hispanic,,did not ride,0,3
15.0,male,9,hispanic,,never,0,4
15.0,male,9,not,White,rarely,did not drive,2
15.0,male,9,not,White,never,did not drive,<1
14.0,male,9,not,,rarely,did not drive,3
14.0,male,9,not,,always,0,2
15.0,male,9,not,Asian,did not ride,did not drive,3
15.0,male,9,not,American Indian or Alaska Native,most of time,did not drive,<1
15.0,male,9,not,American Indian or Alaska Native,never,did not drive,4
16.0,female,10,not,White,always,0,<1
15.0,male,11,not,White,always,did not drive,do not watch
16.0,female,11,not,White,always,0,<1
16.0,female,10,not,Asian,did not ride,did not drive,2
15.0,female,10,not,White,always,0,<1
17.0,female,11,not,,most of time,did not drive,1
16.0,female,10,not,White,did not ride,0,1
16.0,female,11,not,White,did not ride,did not drive,<1
15.0,female,10,hispanic,White,always,did not drive,<1
16.0,female,10,not,Black or African American,always,0,do not watch
16.0,female,10,not,White,always,0,do not watch
16.0,female,11,hispanic,,did not ride,did not drive,4
16.0,female,11,not,White,always,did not drive,do not watch
16.0,female,10,not,White,most of time,0,<1
16.0,female,10,not,White,always,0,<1
16.0,female,10,not,Asian,sometimes,did not drive,<1
16.0,female,11,not,White,always,did not drive,2
15.0,male,10,not,Asian,most of time,0,do not watch
17.0,male,11,not,White,did not ride,10-19,1
17.0,male,11,not,White,sometimes,3-5,1
16.0,male,11,not,Asian,did not ride,3-5,<1
16.0,male,10,not,White,always,0,do not watch
17.0,male,11,not,White,did not ride,did not drive,2
16.0,male,11,not,Asian,most of time,0,2
17.0,male,11,hispanic,,never,did not drive,1
16.0,male,10,not,White,most of time,did not drive,<1
16.0,male,10,not,White,did not ride,0,2
16.0,male,10,not,White,sometimes,0,1
16.0,male,10,not,White,most of time,0,1
16.0,male,10,not,White,always,0,1
15.0,male,10,not,White,did not ride,did not drive,do not watch
17.0,male,11,not,Asian,did not ride,did not drive,do not watch
,female,,,,,10-19,4
,female,,,,never,0,2
16.0,female,10,not,White,did not ride,0,1
16.0,female,10,not,,,did not drive,2
16.0,female,10,not,White,never,did not drive,3
15.0,female,10,hispanic,,rarely,did not drive,1
15.0,female,10,not,,never,did not drive,3
16.0,female,10,not,Black or African American,did not ride,did not drive,
16.0,female,10,not,Asian,did not ride,did not drive,3
16.0,female,10,not,White,did not ride,0,2
15.0,female,10,not,Asian,did not ride,did not drive,5+
15.0,female,10,not,White,never,did not drive,2
17.0,female,11,not,White,always,did not drive,5+
16.0,female,10,not,White,did not ride,did not drive,3
15.0,female,10,not,White,did not ride,did not drive,<1
16.0,male,10,hispanic,White,never,did not drive,2
16.0,male,10,not,,rarely,0,<1
16.0,male,10,hispanic,,never,0,do not watch
15.0,male,10,not,,did not ride,did not drive,5+
17.0,male,10,not,White,most of time,0,2
15.0,male,10,not,White,rarely,0,2
15.0,male,10,not,Asian,did not ride,did not drive,<1
15.0,male,10,hispanic,,rarely,did not drive,do not watch
15.0,male,10,hispanic,,never,0,4
16.0,male,10,not,Black or African American,rarely,did not drive,4
16.0,male,11,not,,always,did not drive,<1
16.0,male,10,not,Black or African American,never,0,4
17.0,male,12,not,,always,did not drive,<1
17.0,female,12,not,,did not ride,did not drive,1
17.0,female,12,not,Asian,always,0,1
18.0,female,12,not,,did not ride,30,2
17.0,female,12,not,,always,0,do not watch
17.0,female,12,not,White,always,0,<1
17.0,female,12,not,White,always,1-2,1
17.0,female,12,not,White,most of time,did not drive,do not watch
17.0,female,12,not,Asian,did not ride,did not drive,2
17.0,female,12,not,Asian,never,,<1
18.0,female,12,not,White,always,1-2,<1
18.0,female,12,not,Asian,always,did not drive,do not watch
17.0,female,12,not,White,did not ride,did not drive,2
18.0,female,12,not,White,did not ride,20-29,<1
17.0,female,12,not,Asian,rarely,10-19,<1
18.0,female,12,not,Asian,did not ride,10-19,<1
18.0,female,12,not,Black or African American,did not ride,0,
18.0,female,12,not,Asian,most of time,did not drive,<1
17.0,female,12,not,Asian,did not ride,3-5,<1
18.0,female,12,not,White,did not ride,did not drive,2
18.0,male,12,not,Asian,sometimes,did not drive,<1
18.0,male,12,not,White,sometimes,0,2
17.0,male,12,not,White,always,0,do not watch
18.0,male,12,not,White,always,3-5,<1
18.0,male,12,not,Asian,most of time,did not drive,do not watch
17.0,male,12,not,White,most of time,6-9,2
17.0,male,12,not,White,always,0,2
18.0,male,12,not,,did not ride,did not drive,2
18.0,male,12,not,White,most of time,0,1
18.0,male,12,not,Asian,always,0,do not watch
18.0,male,12,not,White,never,3-5,1
18.0,male,12,not,Asian,did not ride,0,1
18.0,male,12,not,White,never,1-2,do not watch
17.0,male,12,not,Asian,did not ride,1-2,2
18.0,male,12,not,White,always,3-5,1
17.0,male,12,not,White,did not ride,did not drive,<1
17.0,male,12,hispanic,,rarely,20-29,
18.0,male,12,not,Black or African American,never,,2
16.0,male,11,not,Black or African American,did not ride,did not drive,3
16.0,male,11,hispanic,,did not ride,0,<1
17.0,male,11,hispanic,,never,did not drive,3
17.0,male,11,hispanic,,did not ride,did not drive,<1
16.0,male,11,hispanic,,never,did not drive,
16.0,male,11,not,White,rarely,1-2,2
16.0,male,11,not,White,always,0,<1
16.0,male,11,hispanic,White,did not ride,did not drive,5+
17.0,male,11,hispanic,,did not ride,0,1
17.0,male,11,not,White,never,0,<1
17.0,male,11,not,White,did not ride,did not drive,<1
16.0,male,11,not,,never,1-2,<1
16.0,male,11,not,White,never,10-19,<1
16.0,male,11,not,White,never,,2
16.0,female,11,hispanic,,never,did not drive,1
16.0,female,11,hispanic,White,never,6-9,do not watch
16.0,female,11,hispanic,White,sometimes,0,<1
17.0,female,11,not,White,always,6-9,do not watch
16.0,female,11,not,White,sometimes,0,do not watch
16.0,female,11,not,White,did not ride,1-2,<1
17.0,female,11,hispanic,,did not ride,did not drive,
16.0,female,11,not,Asian,did not ride,did not drive,4
16.0,female,11,hispanic,White,did not ride,0,2
16.0,female,11,hispanic,,never,0,5+
17.0,female,11,not,,sometimes,0,4
17.0,female,11,not,White,most of time,1-2,<1
17.0,female,11,hispanic,,did not ride,1-2,1
16.0,female,11,hispanic,,did not ride,did not drive,1
16.0,female,11,hispanic,,never,did not drive,1
,female,11,,,always,did not drive,2
17.0,female,11,hispanic,White,never,0,<1
17.0,female,11,hispanic,,did not ride,did not drive,5+
16.0,female,11,hispanic,,did not ride,did not drive,2
16.0,female,11,not,White,did not ride,3-5,2
16.0,female,11,hispanic,,never,,<1
17.0,female,11,hispanic,,did not ride,did not drive,5+
17.0,male,11,,American Indian or Alaska Native,never,0,<1
16.0,male,11,hispanic,White,never,1-2,2
17.0,male,11,hispanic,White,never,0,2
16.0,male,11,not,White,never,10-19,1
17.0,male,11,not,White,never,did not drive,1
17.0,male,11,hispanic,,never,0,3
15.0,female,9,not,White,never,did not drive,2
15.0,female,9,hispanic,American Indian or Alaska Native,never,0,2
15.0,female,9,not,White,did not ride,,do not watch
17.0,female,12,hispanic,White,did not ride,1-2,2
14.0,female,9,hispanic,,did not ride,did not drive,do not watch
15.0,female,9,hispanic,,did not ride,did not drive,do not watch
15.0,female,9,not,,did not ride,did not drive,2
14.0,female,9,hispanic,White,most of time,did not drive,<1
14.0,female,9,hispanic,,never,0,do not watch
14.0,female,9,not,Black or African American,never,did not drive,do not watch
15.0,female,9,hispanic,,did not ride,did not drive,1
15.0,female,9,hispanic,,rarely,did not drive,2
14.0,female,9,hispanic,,did not ride,did not drive,do not watch
15.0,female,9,hispanic,,never,did not drive,2
14.0,female,9,hispanic,,never,did not drive,1
14.0,female,9,hispanic,White,never,did not drive,3
16.0,male,10,not,White,did not ride,did not drive,5+
15.0,male,9,hispanic,,never,did not drive,1
14.0,male,9,hispanic,,rarely,0,3
14.0,male,9,not,White,sometimes,did not drive,2
14.0,male,9,hispanic,,never,did not drive,do not watch
16.0,male,11,not,,did not ride,did not drive,1
15.0,male,9,hispanic,,sometimes,0,3
15.0,male,9,not,White,rarely,did not drive,5+
14.0,male,9,hispanic,,never,0,2
15.0,male,9,not,White,rarely,did not drive,<1
15.0,male,9,hispanic,Black or African American,never,0,<1
14.0,male,9,not,White,always,did not drive,1
15.0,male,9,hispanic,Black or African American,never,did not drive,2
15.0,female,9,hispanic,White,never,0,1
15.0,female,9,not,,rarely,0,do not watch
15.0,female,9,hispanic,,never,0,5+
15.0,female,9,hispanic,,did not ride,0,<1
15.0,female,9,hispanic,,did not ride,did not drive,3
14.0,female,9,hispanic,,did not ride,did not drive,do not watch
15.0,female,10,not,White,rarely,0,4
14.0,female,9,not,White,never,did not drive,<1
15.0,female,9,not,White,most of time,did not drive,<1
14.0,female,9,not,,rarely,did not drive,2
14.0,female,9,not,,most of time,did not drive,do not watch
14.0,female,9,not,White,rarely,did not drive,1
16.0,male,9,not,White,always,3-5,3
15.0,male,9,not,White,always,did not drive,5+
15.0,male,9,hispanic,White,sometimes,0,1
14.0,male,9,hispanic,,never,,do not watch
14.0,male,9,not,White,did not ride,did not drive,1
15.0,male,9,hispanic,,never,0,2
15.0,male,9,hispanic,White,did not ride,did not drive,3
15.0,male,9,not,Black or African American,,did not drive,2
14.0,male,9,hispanic,,never,did not drive,1
14.0,male,9,not,White,never,did not drive,<1
14.0,male,9,hispanic,,never,did not drive,3
15.0,male,9,not,White,did not ride,did not drive,<1
15.0,female,10,hispanic,White,never,0,1
15.0,female,10,not,White,did not ride,did not drive,2
16.0,female,10,not,White,did not ride,did not drive,3
15.0,female,10,hispanic,,never,0,3
16.0,female,10,not,White,did not ride,,<1
16.0,female,10,not,White,never,3-5,1
16.0,female,10,hispanic,Native Hawaiian or Other Pacific Islander,did not ride,0,do not watch
15.0,female,10,not,White,did not ride,did not drive,3
16.0,female,10,not,White,always,0,do not watch
15.0,female,10,hispanic,,did not ride,,2
16.0,female,10,not,White,rarely,0,do not watch
16.0,female,10,not,White,did not ride,0,1
15.0,female,10,hispanic,,never,0,5+
15.0,female,10,not,White,did not ride,did not drive,<1
16.0,female,10,not,White,,did not drive,do not watch
16.0,female,10,hispanic,White,always,did not drive,do not watch
16.0,female,10,not,White,never,0,2
17.0,female,10,hispanic,Native Hawaiian or Other Pacific Islander,always,did not drive,<1
15.0,male,10,hispanic,,never,0,3
16.0,male,10,hispanic,,never,0,3
16.0,male,10,hispanic,,rarely,did not drive,1
16.0,male,10,hispanic,Asian,did not ride,did not drive,<1
16.0,male,10,hispanic,White,sometimes,0,do not watch
15.0,male,10,hispanic,,never,0,<1
15.0,male,10,hispanic,,never,did not drive,5+
16.0,male,10,hispanic,,never,30,
16.0,male,10,hispanic,,rarely,0,do not watch
15.0,male,10,hispanic,White,rarely,did not drive,<1
15.0,male,10,not,White,most of time,did not drive,<1
15.0,male,10,not,,never,0,2
15.0,male,10,not,,never,0,2
16.0,male,10,,American Indian or Alaska Native,never,,2
16.0,female,10,not,White,rarely,6-9,1
15.0,female,10,not,,did not ride,0,<1
16.0,female,10,hispanic,,did not ride,did not drive,do not watch
16.0,female,10,not,White,most of time,1-2,<1
16.0,female,10,not,White,did not ride,did not drive,<1
15.0,female,10,not,,did not ride,,1
16.0,female,10,hispanic,Native Hawaiian or Other Pacific Islander,did not ride,did not drive,2
16.0,female,10,not,White,never,0,<1
16.0,female,10,not,White,sometimes,did not drive,do not watch
16.0,female,10,hispanic,Native Hawaiian or Other Pacific Islander,never,did not drive,do not watch
15.0,female,10,not,White,most of time,,do not watch
16.0,female,10,not,White,most of time,did not drive,1
15.0,male,10,hispanic,,never,0,<1
15.0,male,10,hispanic,,did not ride,did not drive,3
15.0,male,10,not,Black or African American,never,did not drive,<1
16.0,male,10,hispanic,,never,0,1
16.0,male,10,hispanic,,did not ride,0,<1
15.0,male,10,not,White,most of time,did not drive,<1
16.0,male,10,hispanic,Native Hawaiian or Other Pacific Islander,never,0,2
16.0,male,10,hispanic,,rarely,0,3
16.0,male,10,not,White,always,,1
16.0,male,10,not,White,most of time,0,1
15.0,male,10,hispanic,,never,20-29,4
15.0,male,10,hispanic,White,rarely,did not drive,1
16.0,male,10,hispanic,,never,did not drive,do not watch
16.0,male,10,not,,never,did not drive,1
16.0,male,10,hispanic,,never,0,3
17.0,female,12,not,American Indian or Alaska Native,did not ride,did not drive,1
17.0,female,12,not,White,never,0,<1
18.0,female,12,hispanic,,never,1-2,
18.0,female,12,hispanic,,did not ride,did not drive,
17.0,female,12,hispanic,,did not ride,did not drive,
18.0,female,12,hispanic,,did not ride,did not drive,do not watch
17.0,female,12,hispanic,White,did not ride,,2
17.0,female,12,not,White,did not ride,0,do not watch
17.0,female,12,not,,never,1-2,2
18.0,female,12,not,White,never,30,<1
17.0,female,12,not,White,did not ride,,<1
17.0,female,12,not,American Indian or Alaska Native,rarely,0,do not watch
17.0,female,12,not,White,always,10-19,2
17.0,female,12,not,,always,did not drive,do not watch
17.0,female,12,hispanic,,did not ride,did not drive,3
18.0,female,12,hispanic,,did not ride,3-5,
18.0,male,12,not,White,rarely,1-2,
17.0,male,12,not,White,always,1-2,<1
18.0,male,12,hispanic,,,0,<1
18.0,male,12,not,White,never,0,3
18.0,male,12,hispanic,,never,0,3
18.0,male,12,not,Black or African American,always,did not drive,<1
17.0,male,12,not,White,rarely,0,1
17.0,male,12,not,White,never,20-29,2
18.0,male,12,not,White,never,30,1
18.0,male,12,not,White,never,,<1
17.0,male,12,hispanic,,always,0,2
18.0,male,12,not,,never,3-5,3
17.0,male,12,not,,most of time,0,3
18.0,male,12,hispanic,,never,0,
18.0,male,12,hispanic,White,never,10-19,
18.0,female,12,hispanic,,always,0,<1
18.0,female,12,not,White,never,10-19,do not watch
18.0,female,12,not,White,sometimes,1-2,1
18.0,female,12,not,White,never,0,1
17.0,female,12,not,White,did not ride,20-29,<1
17.0,female,12,not,White,always,0,<1
16.0,female,12,not,White,did not ride,0,1
18.0,female,12,not,White,most of time,0,do not watch
18.0,female,12,not,White,sometimes,0,2
18.0,female,12,not,White,did not ride,1-2,<1
18.0,female,12,hispanic,,did not ride,1-2,2
17.0,female,12,not,White,did not ride,0,<1
18.0,female,12,hispanic,White,did not ride,did not drive,do not watch
17.0,female,12,hispanic,American Indian or Alaska Native,did not ride,,<1
17.0,female,12,not,White,most of time,0,2
17.0,female,12,hispanic,,rarely,did not drive,<1
17.0,female,12,not,White,never,3-5,do not watch
18.0,female,12,hispanic,White,never,0,<1
17.0,female,12,not,White,always,0,do not watch
17.0,female,12,hispanic,,never,,<1
18.0,female,12,hispanic,White,always,0,do not watch
17.0,female,12,hispanic,White,did not ride,did not drive,do not watch
18.0,female,12,not,White,always,0,3
17.0,male,12,hispanic,,did not ride,did not drive,1
18.0,male,12,not,White,did not ride,0,<1
17.0,male,12,not,White,most of time,1-2,do not watch
18.0,male,12,not,White,most of time,did not drive,<1
17.0,male,12,hispanic,White,never,30,do not watch
17.0,male,12,hispanic,White,most of time,0,2
17.0,male,12,hispanic,White,never,6-9,do not watch
17.0,male,12,not,White,most of time,0,3
15.0,male,10,hispanic,Asian,did not ride,did not drive,
16.0,male,10,not,Asian,always,did not drive,<1
15.0,male,10,hispanic,,rarely,0,2
15.0,male,10,not,White,did not ride,did not drive,2
15.0,male,10,hispanic,,never,6-9,3
15.0,male,10,not,White,always,did not drive,1
15.0,male,10,hispanic,White,did not ride,0,<1
15.0,male,10,hispanic,,did not ride,0,<1
15.0,male,10,not,White,did not ride,did not drive,1
16.0,male,10,hispanic,,never,did not drive,do not watch
16.0,male,10,hispanic,,rarely,did not drive,do not watch
15.0,male,10,not,White,most of time,0,2
15.0,male,10,not,Native Hawaiian or Other Pacific Islander,did not ride,0,do not watch
15.0,male,10,hispanic,,sometimes,0,<1
16.0,male,10,hispanic,,never,0,2
15.0,female,10,not,,did not ride,did not drive,1
16.0,female,10,not,,did not ride,0,1
16.0,female,10,hispanic,,never,0,2
15.0,female,10,hispanic,White,rarely,0,do not watch
15.0,female,10,not,White,never,did not drive,<1
15.0,female,10,not,White,did not ride,did not drive,1
15.0,female,10,hispanic,,rarely,did not drive,<1
15.0,female,10,not,White,rarely,did not drive,<1
15.0,female,10,hispanic,,always,0,3
15.0,female,10,not,,sometimes,did not drive,1
15.0,female,10,hispanic,,rarely,did not drive,<1
15.0,female,10,hispanic,White,never,did not drive,1
15.0,female,10,not,,rarely,did not drive,3
16.0,female,10,not,Asian,did not ride,0,2
15.0,female,10,not,Asian,never,0,1
15.0,female,10,not,White,always,did not drive,do not watch
,female,11,,,did not ride,did not drive,do not watch
12.0,female,12,not,Black or African American,never,30,5+
16.0,female,11,hispanic,,did not ride,0,<1
17.0,female,11,not,White,never,1-2,do not watch
16.0,female,11,hispanic,White,never,20-29,4
16.0,female,11,hispanic,White,never,0,<1
16.0,female,11,hispanic,White,did not ride,0,<1
16.0,female,11,hispanic,,did not ride,0,3
17.0,female,11,not,Native Hawaiian or Other Pacific Islander,did not ride,did not drive,3
17.0,female,11,hispanic,Black or African American,did not ride,0,<1
17.0,female,11,hispanic,White,never,did not drive,3
17.0,female,11,hispanic,White,did not ride,30,2
16.0,female,11,hispanic,,rarely,did not drive,<1
16.0,female,11,hispanic,American Indian or Alaska Native,never,6-9,4
16.0,female,11,hispanic,American Indian or Alaska Native,rarely,0,1
16.0,female,11,hispanic,,did not ride,0,<1
17.0,female,11,hispanic,,did not ride,30,2
16.0,female,11,hispanic,,did not ride,30,3
17.0,female,11,hispanic,White,did not ride,3-5,4
16.0,male,11,hispanic,,never,0,
16.0,male,11,not,White,never,6-9,2
17.0,male,11,not,Asian,sometimes,did not drive,3
16.0,male,11,not,Black or African American,always,did not drive,do not watch
16.0,male,11,hispanic,White,never,,3
16.0,male,11,hispanic,American Indian or Alaska Native,did not ride,0,do not watch
16.0,male,11,hispanic,White,never,30,3
16.0,male,11,hispanic,White,most of time,1-2,3
16.0,male,11,not,Asian,did not ride,0,2
16.0,male,11,hispanic,American Indian or Alaska Native,never,,2
16.0,male,11,not,American Indian or Alaska Native,never,0,3
16.0,male,11,not,White,rarely,0,3
16.0,male,11,hispanic,Asian,never,did not drive,3
17.0,male,11,not,Asian,did not ride,did not drive,2
17.0,male,11,hispanic,White,rarely,3-5,do not watch
16.0,male,11,hispanic,White,never,did not drive,<1
18.0,female,12,hispanic,White,always,0,2
17.0,female,12,hispanic,,did not ride,did not drive,do not watch
17.0,female,12,hispanic,,rarely,,2
17.0,female,12,not,Asian,did not ride,0,1
17.0,female,12,not,Asian,did not ride,0,2
17.0,female,12,hispanic,,did not ride,30,3
17.0,female,12,hispanic,,never,0,1
17.0,female,11,hispanic,,never,did not drive,do not watch
17.0,female,12,hispanic,,never,,3
17.0,female,12,not,White,did not ride,did not drive,2
17.0,female,12,hispanic,White,never,6-9,do not watch
17.0,female,12,hispanic,White,rarely,,4
18.0,female,12,not,Black or African American,did not ride,1-2,3
17.0,female,12,hispanic,,never,did not drive,<1
15.0,male,10,hispanic,,did not ride,did not drive,3
15.0,male,10,hispanic,White,did not ride,,2
17.0,male,12,hispanic,White,rarely,0,do not watch
18.0,male,12,not,White,did not ride,did not drive,<1
18.0,male,12,hispanic,,sometimes,0,<1
18.0,male,12,not,Asian,did not ride,did not drive,do not watch
18.0,male,12,not,White,rarely,1-2,do not watch
18.0,male,12,not,Asian,never,20-29,do not watch
17.0,male,12,not,White,did not ride,did not drive,1
17.0,male,12,hispanic,,never,0,3
17.0,male,12,not,Asian,never,0,<1
17.0,male,12,hispanic,White,never,1-2,2
17.0,male,12,not,White,most of time,6-9,1
18.0,male,12,not,Asian,did not ride,30,3
18.0,male,12,hispanic,White,never,did not drive,1
18.0,male,12,hispanic,,did not ride,did not drive,do not watch
17.0,male,12,hispanic,White,rarely,20-29,<1
15.0,female,10,hispanic,Native Hawaiian or Other Pacific Islander,rarely,0,
15.0,female,10,hispanic,White,did not ride,did not drive,
15.0,female,10,not,Asian,never,did not drive,do not watch
15.0,female,10,hispanic,Black or African American,did not ride,0,1
16.0,female,10,hispanic,White,did not ride,0,4
15.0,female,10,hispanic,White,never,did not drive,4
17.0,female,11,not,,never,0,3
15.0,female,10,hispanic,White,did not ride,did not drive,<1
15.0,female,10,hispanic,,did not ride,did not drive,do not watch
15.0,female,10,hispanic,,did not ride,did not drive,2
16.0,female,10,hispanic,White,sometimes,did not drive,2
18.0,female,11,not,Asian,never,did not drive,4
16.0,female,10,hispanic,,never,did not drive,<1
18.0,male,10,hispanic,,never,0,do not watch
15.0,,10,not,Black or African American,never,did not drive,
16.0,male,10,not,Asian,never,30,3
16.0,male,10,hispanic,White,never,0,2
15.0,male,10,hispanic,,most of time,did not drive,do not watch
15.0,male,10,not,Asian,did not ride,did not drive,2
15.0,male,10,hispanic,White,rarely,did not drive,2
15.0,male,10,hispanic,Black or African American,did not ride,did not drive,5+
15.0,male,10,not,White,did not ride,did not drive,2
15.0,male,10,hispanic,,never,,1
15.0,male,10,hispanic,,never,30,3
15.0,male,10,hispanic,,never,did not drive,1
17.0,male,10,not,Asian,did not ride,did not drive,<1
15.0,male,10,hispanic,,always,did not drive,2
15.0,male,10,hispanic,White,never,0,4
16.0,male,11,hispanic,White,did not ride,did not drive,2
18.0,male,12,hispanic,,never,1-2,2
15.0,male,10,hispanic,,never,,
15.0,male,10,hispanic,White,sometimes,did not drive,2
16.0,male,11,hispanic,,always,0,1
15.0,male,10,hispanic,,never,did not drive,
15.0,male,10,not,White,never,0,
15.0,male,10,hispanic,,rarely,0,
16.0,male,10,hispanic,White,never,0,1
16.0,female,11,not,,did not ride,,<1
17.0,female,11,hispanic,,never,0,<1
16.0,female,11,hispanic,,never,0,4
16.0,female,11,not,Native Hawaiian or Other Pacific Islander,never,3-5,<1
17.0,female,11,not,White,never,0,do not watch
17.0,female,11,hispanic,,did not ride,did not drive,1
17.0,female,12,hispanic,,never,0,1
17.0,female,12,not,Asian,did not ride,did not drive,do not watch
17.0,female,11,not,White,did not ride,0,do not watch
16.0,female,11,hispanic,,rarely,,2
16.0,female,11,hispanic,,rarely,did not drive,4
17.0,female,11,not,Native Hawaiian or Other Pacific Islander,did not ride,did not drive,do not watch
16.0,female,11,not,,never,did not drive,2
16.0,female,11,hispanic,,never,3-5,4
16.0,male,11,not,Black or African American,never,did not drive,3
16.0,male,11,hispanic,,did not ride,did not drive,do not watch
16.0,male,11,hispanic,,never,0,3
17.0,male,12,not,White,rarely,1-2,do not watch
16.0,male,11,not,White,sometimes,0,3
16.0,male,11,hispanic,,rarely,6-9,1
17.0,male,11,not,White,most of time,1-2,3
16.0,male,11,hispanic,,did not ride,0,1
16.0,male,11,hispanic,,never,did not drive,1
17.0,male,11,hispanic,American Indian or Alaska Native,,3-5,1
16.0,male,11,hispanic,,never,0,<1
16.0,male,11,hispanic,White,never,did not drive,1
16.0,male,11,not,White,most of time,0,1
17.0,male,11,hispanic,,did not ride,0,5+
16.0,male,11,not,Asian,did not ride,did not drive,do not watch
17.0,male,11,hispanic,,never,did not drive,2
16.0,male,11,hispanic,,never,did not drive,do not watch
17.0,male,11,hispanic,,never,did not drive,2
16.0,male,11,not,White,never,10-19,1
16.0,male,11,hispanic,,never,did not drive,2
15.0,female,9,hispanic,,did not ride,did not drive,do not watch
15.0,female,9,hispanic,White,never,did not drive,2
14.0,female,9,not,,did not ride,did not drive,2
14.0,female,9,hispanic,,never,did not drive,do not watch
15.0,female,9,hispanic,,never,did not drive,do not watch
14.0,female,9,hispanic,,never,did not drive,2
15.0,female,9,hispanic,,rarely,did not drive,3
14.0,female,9,not,,always,did not drive,do not watch
14.0,female,9,not,,did not ride,did not drive,1
14.0,female,9,hispanic,American Indian or Alaska Native,rarely,did not drive,2
14.0,female,9,hispanic,,did not ride,,5+
14.0,female,9,hispanic,White,never,did not drive,3
14.0,female,9,hispanic,,rarely,0,do not watch
14.0,female,9,hispanic,,did not ride,did not drive,3
15.0,female,9,hispanic,,did not ride,0,2
15.0,male,9,hispanic,,rarely,did not drive,3
14.0,male,9,not,Black or African American,did not ride,0,2
15.0,male,9,hispanic,White,sometimes,did not drive,1
15.0,male,9,not,,sometimes,,2
15.0,male,9,hispanic,,never,did not drive,5+
14.0,male,9,not,White,most of time,did not drive,<1
15.0,male,9,hispanic,,did not ride,did not drive,4
14.0,male,9,hispanic,,most of time,did not drive,<1
15.0,male,9,hispanic,,most of time,did not drive,1
14.0,male,9,hispanic,Black or African American,never,,2
15.0,male,9,not,,always,0,5+
14.0,male,9,not,White,always,did not drive,2
14.0,male,9,hispanic,Black or African American,never,,2
14.0,male,9,not,White,rarely,did not drive,2
14.0,male,9,hispanic,White,never,3-5,1
14.0,male,9,hispanic,,never,,3
14.0,male,9,hispanic,,never,did not drive,<1
14.0,male,9,not,White,rarely,did not drive,3
14.0,male,9,hispanic,,rarely,did not drive,2
15.0,male,9,hispanic,,never,did not drive,<1
14.0,male,9,not,Black or African American,never,did not drive,5+
18.0,male,12,not,White,did not ride,6-9,2
17.0,male,12,hispanic,,did not ride,did not drive,2
18.0,male,12,hispanic,,never,did not drive,5+
17.0,male,12,hispanic,,never,1-2,1
17.0,male,12,hispanic,White,never,30,do not watch
17.0,male,12,not,White,never,30,4
18.0,male,12,hispanic,Native Hawaiian or Other Pacific Islander,never,did not drive,do not watch
17.0,male,12,not,Asian,never,3-5,1
18.0,male,12,hispanic,American Indian or Alaska Native,never,,2
18.0,male,12,,,always,,do not watch
18.0,male,12,hispanic,Black or African American,never,3-5,1
17.0,male,12,hispanic,,never,did not drive,1
17.0,male,12,not,Black or African American,never,6-9,5+
18.0,male,12,not,White,sometimes,did not drive,do not watch
17.0,male,12,hispanic,,most of time,0,4
18.0,male,12,hispanic,,sometimes,did not drive,do not watch
17.0,male,12,not,White,rarely,6-9,<1
17.0,male,12,hispanic,White,never,30,2
18.0,female,12,hispanic,,did not ride,did not drive,2
18.0,female,12,hispanic,,most of time,0,2
17.0,female,12,hispanic,White,rarely,30,3
18.0,female,12,not,,never,did not drive,4
18.0,female,12,not,Black or African American,never,did not drive,3
17.0,female,12,not,,did not ride,30,<1
17.0,female,12,hispanic,,never,did not drive,<1
17.0,female,12,hispanic,,never,did not drive,3
17.0,female,12,hispanic,,always,6-9,4
17.0,female,12,not,Asian,did not ride,did not drive,2
17.0,female,12,,,,0,
17.0,female,12,not,Asian,never,20-29,2
17.0,female,12,hispanic,White,did not ride,1-2,2
18.0,female,12,hispanic,,sometimes,1-2,3
18.0,female,12,not,White,never,0,do not watch
17.0,female,12,hispanic,Native Hawaiian or Other Pacific Islander,never,0,2
17.0,female,12,not,White,always,0,5+
17.0,female,12,hispanic,,did not ride,did not drive,5+
14.0,female,9,hispanic,,did not ride,did not drive,1
14.0,female,9,hispanic,White,did not ride,did not drive,3
14.0,female,9,hispanic,,did not ride,did not drive,<1
14.0,female,9,hispanic,White,did not ride,,2
14.0,female,9,hispanic,,did not ride,did not drive,2
14.0,male,9,hispanic,,always,did not drive,do not watch
14.0,female,9,not,Asian,sometimes,did not drive,1
15.0,female,9,hispanic,,always,0,
14.0,female,9,not,,always,did not drive,4
14.0,female,9,hispanic,,did not ride,did not drive,3
14.0,female,9,hispanic,,never,did not drive,2
15.0,female,9,hispanic,,never,did not drive,<1
15.0,female,9,hispanic,White,never,did not drive,<1
14.0,female,9,not,White,rarely,30,<1
14.0,female,9,hispanic,,did not ride,0,4
15.0,female,9,hispanic,American Indian or Alaska Native,never,did not drive,4
14.0,male,9,hispanic,,never,did not drive,3
15.0,male,9,hispanic,,did not ride,did not drive,do not watch
15.0,male,9,hispanic,,did not ride,did not drive,2
14.0,male,9,hispanic,Asian,never,did not drive,<1
14.0,male,9,not,White,rarely,0,<1
14.0,male,9,not,Asian,did not ride,1-2,5+
15.0,male,9,hispanic,,never,did not drive,<1
14.0,male,9,hispanic,,rarely,0,2
15.0,male,10,hispanic,,never,did not drive,1
14.0,male,9,hispanic,,did not ride,did not drive,2
14.0,male,9,hispanic,,always,0,3
15.0,male,9,hispanic,American Indian or Alaska Native,sometimes,0,
15.0,male,9,hispanic,White,never,did not drive,2
15.0,male,9,hispanic,White,always,did not drive,<1
15.0,female,9,not,Black or African American,never,,do not watch
15.0,male,9,not,White,never,did not drive,3
14.0,male,9,hispanic,,always,did not drive,2
14.0,male,9,not,White,always,did not drive,1
17.0,female,11,not,Native Hawaiian or Other Pacific Islander,did not ride,20-29,do not watch
16.0,female,11,hispanic,Black or African American,did not ride,did not drive,do not watch
16.0,female,11,hispanic,,never,0,4
17.0,female,11,hispanic,White,did not ride,0,2
16.0,female,11,hispanic,,did not ride,,3
17.0,female,11,hispanic,,never,0,3
16.0,female,11,hispanic,,never,did not drive,4
18.0,female,11,not,,did not ride,did not drive,do not watch
16.0,female,11,not,Black or African American,rarely,3-5,1
16.0,female,11,not,White,never,0,<1
16.0,female,11,hispanic,,did not ride,did not drive,<1
17.0,female,11,not,Native Hawaiian or Other Pacific Islander,did not ride,0,do not watch
16.0,female,11,hispanic,,did not ride,did not drive,1
16.0,female,11,hispanic,,did not ride,0,1
17.0,female,11,hispanic,,never,0,1
17.0,male,11,hispanic,,never,0,1
18.0,male,11,hispanic,Asian,rarely,0,<1
17.0,male,11,not,Asian,did not ride,0,5+
17.0,male,11,hispanic,American Indian or Alaska Native,did not ride,1-2,3
18.0,male,12,hispanic,,never,0,5+
16.0,male,11,not,Black or African American,never,,3
16.0,male,11,not,White,never,did not drive,2
16.0,male,11,not,Asian,never,did not drive,<1
16.0,female,11,not,Asian,did not ride,did not drive,do not watch
17.0,male,12,not,Asian,never,0,do not watch
16.0,male,11,hispanic,,never,1-2,<1
16.0,male,11,hispanic,,never,did not drive,1
16.0,female,11,not,Asian,did not ride,did not drive,2
17.0,female,11,hispanic,,did not ride,0,do not watch
17.0,female,11,hispanic,,did not ride,did not drive,do not watch
16.0,female,11,hispanic,,did not ride,did not drive,3
17.0,female,11,not,Asian,did not ride,0,3
16.0,female,11,not,Asian,always,did not drive,<1
16.0,female,11,hispanic,,most of time,0,<1
16.0,female,11,hispanic,,did not ride,did not drive,2
16.0,female,11,not,Asian,did not ride,did not drive,2
16.0,female,11,hispanic,,never,0,2
15.0,male,10,hispanic,,never,0,5+
15.0,male,10,hispanic,,never,0,1
15.0,male,10,not,Black or African American,never,0,<1
15.0,female,10,not,Black or African American,did not ride,,2
14.0,female,9,not,Native Hawaiian or Other Pacific Islander,never,did not drive,4
14.0,female,9,hispanic,,did not ride,30,2
15.0,female,9,hispanic,,did not ride,did not drive,1
15.0,female,9,not,Asian,never,3-5,5+
15.0,female,9,hispanic,White,did not ride,did not drive,3
14.0,female,9,hispanic,,did not ride,did not drive,5+
14.0,female,9,hispanic,,did not ride,did not drive,4
15.0,male,9,not,,did not ride,did not drive,5+
14.0,male,9,hispanic,Black or African American,never,,
14.0,male,9,hispanic,American Indian or Alaska Native,never,0,4
18.0,male,12,hispanic,,never,30,3
18.0,male,12,not,Asian,most of time,0,do not watch
18.0,male,12,hispanic,White,never,0,4
17.0,male,12,not,Asian,most of time,did not drive,3
18.0,female,12,hispanic,,never,,2
18.0,female,12,hispanic,,did not ride,0,3
18.0,female,12,hispanic,,rarely,did not drive,1
18.0,female,12,not,Asian,did not ride,did not drive,do not watch
18.0,female,12,not,White,did not ride,0,do not watch
18.0,female,12,not,Native Hawaiian or Other Pacific Islander,rarely,0,<1
17.0,female,12,not,,most of time,did not drive,do not watch
18.0,female,12,hispanic,,,20-29,3
17.0,female,12,hispanic,,never,did not drive,<1
16.0,female,12,not,Native Hawaiian or Other Pacific Islander,never,did not drive,do not watch
17.0,female,12,hispanic,,did not ride,did not drive,do not watch
18.0,female,12,hispanic,,never,did not drive,3
18.0,female,12,hispanic,,did not ride,,4
17.0,female,12,hispanic,,did not ride,did not drive,3
18.0,male,12,hispanic,,never,did not drive,5+
17.0,male,12,hispanic,,never,1-2,2
17.0,male,12,hispanic,,never,0,3
15.0,female,10,hispanic,,sometimes,did not drive,5+
17.0,female,12,not,Asian,did not ride,did not drive,do not watch
16.0,female,10,not,Asian,never,,2
18.0,female,12,hispanic,,never,,2
18.0,female,12,hispanic,,did not ride,0,2
17.0,female,11,hispanic,,did not ride,,do not watch
17.0,female,11,hispanic,Asian,did not ride,did not drive,1
15.0,male,9,hispanic,Native Hawaiian or Other Pacific Islander,never,,3
15.0,male,9,hispanic,,never,did not drive,5+
15.0,male,9,hispanic,,never,did not drive,3
14.0,male,9,not,,rarely,did not drive,<1
15.0,male,9,not,Asian,never,0,2
14.0,male,9,not,Native Hawaiian or Other Pacific Islander,rarely,,2
14.0,male,9,hispanic,White,never,,2
14.0,female,9,hispanic,White,did not ride,did not drive,<1
15.0,female,9,hispanic,,never,0,3
15.0,female,9,hispanic,,rarely,did not drive,<1
15.0,female,9,hispanic,,rarely,did not drive,3
14.0,female,9,hispanic,,did not ride,did not drive,3
15.0,female,9,hispanic,Native Hawaiian or Other Pacific Islander,never,did not drive,4
17.0,male,11,not,,did not ride,did not drive,3
17.0,male,11,not,White,did not ride,30,3
17.0,male,11,not,American Indian or Alaska Native,never,did not drive,do not watch
17.0,male,11,not,White,never,6-9,<1
18.0,male,12,hispanic,,never,30,<1
18.0,male,11,not,Black or African American,did not ride,30,do not watch
16.0,male,11,not,White,rarely,0,2
17.0,male,11,not,White,did not ride,0,<1
17.0,male,11,not,White,,did not drive,3
16.0,male,11,not,Asian,did not ride,did not drive,<1
16.0,male,11,hispanic,,never,0,4
18.0,male,12,not,White,did not ride,30,<1
17.0,female,11,not,White,never,3-5,1
17.0,female,11,not,White,never,1-2,2
17.0,female,11,not,White,rarely,did not drive,do not watch
17.0,female,11,not,White,always,0,
16.0,female,11,not,White,did not ride,0,<1
18.0,female,12,not,White,did not ride,0,1
18.0,female,12,not,White,never,10-19,do not watch
17.0,female,12,not,White,did not ride,0,4
12.0,female,other,hispanic,Black or African American,did not ride,30,5+
18.0,female,12,not,White,did not ride,6-9,4
18.0,female,12,not,White,did not ride,10-19,2
18.0,female,12,hispanic,White,did not ride,0,3
18.0,female,12,not,White,did not ride,0,1
17.0,female,12,not,White,did not ride,10-19,do not watch
17.0,male,12,not,Black or African American,never,did not drive,5+
18.0,male,12,not,White,never,20-29,4
18.0,male,12,not,White,,3-5,2
18.0,male,12,not,White,never,0,
18.0,male,12,not,White,did not ride,did not drive,<1
18.0,male,12,not,White,never,30,do not watch
12.0,male,9,not,Black or African American,never,20-29,do not watch
18.0,male,12,not,White,did not ride,,2
18.0,male,12,not,White,never,6-9,2
18.0,male,12,not,White,never,0,1
18.0,male,12,hispanic,White,never,0,3
12.0,male,12,not,Black or African American,never,0,<1
16.0,female,10,not,White,always,1-2,1
16.0,female,10,not,White,did not ride,1-2,3
16.0,female,10,not,White,rarely,0,2
16.0,female,10,not,White,did not ride,3-5,1
16.0,female,10,not,White,rarely,0,2
16.0,female,10,not,,did not ride,30,<1
16.0,female,10,not,Asian,most of time,did not drive,2
16.0,female,10,not,White,sometimes,0,3
16.0,female,10,not,White,never,0,2
16.0,female,10,not,White,did not ride,0,2
16.0,female,10,not,White,never,did not drive,3
16.0,female,10,not,White,never,1-2,1
16.0,female,10,not,White,did not ride,did not drive,1
17.0,female,10,not,White,did not ride,0,5+
16.0,female,10,not,White,did not ride,did not drive,3
15.0,female,10,not,White,never,,2
16.0,male,10,not,White,always,0,<1
16.0,male,10,not,White,never,0,2
16.0,male,10,not,White,never,0,1
16.0,male,10,not,White,never,0,<1
16.0,male,10,not,White,sometimes,3-5,<1
16.0,male,10,not,White,never,1-2,2
15.0,male,10,not,White,never,1-2,<1
16.0,male,10,not,White,never,1-2,2
16.0,male,10,not,White,sometimes,0,<1
16.0,male,10,not,White,never,did not drive,<1
16.0,male,10,not,White,did not ride,1-2,<1
16.0,male,10,not,White,rarely,0,2
16.0,male,10,not,White,did not ride,10-19,1
15.0,male,10,not,White,never,did not drive,<1
16.0,male,10,not,White,did not ride,0,3
16.0,male,10,not,White,never,0,<1
16.0,female,10,,,never,30,3
15.0,female,9,not,Black or African American,did not ride,did not drive,<1
14.0,female,9,hispanic,,never,did not drive,2
15.0,female,9,not,White,never,0,<1
15.0,female,9,not,Native Hawaiian or Other Pacific Islander,sometimes,0,5+
16.0,male,10,not,White,always,did not drive,3
15.0,male,9,not,White,most of time,,1
15.0,male,9,not,White,did not ride,did not drive,<1
16.0,male,9,not,White,did not ride,0,3
16.0,male,9,not,Black or African American,did not ride,6-9,5+
14.0,male,9,hispanic,White,did not ride,30,<1
15.0,male,9,not,White,did not ride,0,2
16.0,male,9,not,White,did not ride,did not drive,5+
15.0,male,9,not,White,did not ride,did not drive,3
14.0,male,9,not,White,never,did not drive,2
15.0,male,9,not,White,never,did not drive,3
15.0,male,9,not,White,did not ride,did not drive,2
15.0,male,9,not,White,never,did not drive,do not watch
14.0,male,9,not,White,never,did not drive,1
15.0,male,9,not,White,never,did not drive,5+
16.0,male,9,not,White,never,did not drive,
16.0,male,9,not,White,never,0,2
14.0,male,9,hispanic,,never,did not drive,3
16.0,female,9,not,White,never,did not drive,4
18.0,male,12,not,White,never,,3
17.0,male,12,not,White,never,0,<1
17.0,male,12,not,White,never,10-19,<1
16.0,female,11,hispanic,White,never,0,3
17.0,female,12,not,White,always,0,2
18.0,female,12,,Black or African American,did not ride,0,4
15.0,female,10,not,White,never,did not drive,1
16.0,female,10,not,,never,did not drive,5+
16.0,female,10,not,White,never,0,2
15.0,female,10,not,White,never,did not drive,5+
16.0,female,10,not,White,rarely,,3
15.0,female,10,not,White,never,did not drive,1
15.0,male,10,not,White,never,did not drive,<1
17.0,male,10,not,White,never,0,4
15.0,female,9,not,White,never,did not drive,1
15.0,female,9,not,White,never,0,2
15.0,female,9,not,,did not ride,did not drive,4
17.0,male,11,not,White,always,did not drive,2
16.0,male,11,not,White,rarely,0,do not watch
17.0,female,11,not,White,most of time,did not drive,do not watch
17.0,female,11,not,Black or African American,never,did not drive,<1
14.0,female,9,not,White,never,did not drive,2
,female,,,,did not ride,did not drive,<1
14.0,female,9,not,White,never,did not drive,<1
15.0,female,9,not,White,never,0,4
15.0,female,9,not,White,did not ride,did not drive,5+
14.0,female,9,not,Black or African American,did not ride,did not drive,3
15.0,female,9,not,,did not ride,0,2
15.0,female,9,not,White,did not ride,,<1
15.0,female,9,not,White,never,did not drive,2
15.0,female,9,hispanic,,did not ride,,do not watch
14.0,female,9,not,White,most of time,did not drive,<1
15.0,female,9,not,White,did not ride,0,1
15.0,male,9,not,Black or African American,rarely,0,3
15.0,male,9,not,White,did not ride,did not drive,4
15.0,male,9,not,White,rarely,0,<1
14.0,male,9,not,White,did not ride,did not drive,2
15.0,male,9,not,White,rarely,did not drive,<1
15.0,male,9,not,White,,did not drive,do not watch
14.0,male,9,not,White,did not ride,did not drive,<1
15.0,male,9,not,White,rarely,0,2
15.0,male,9,not,White,did not ride,0,do not watch
15.0,male,9,hispanic,,did not ride,0,<1
17.0,female,12,not,White,did not ride,20-29,1
18.0,female,12,not,Black or African American,sometimes,1-2,2
17.0,female,12,not,White,never,0,2
18.0,female,12,not,White,sometimes,0,2
17.0,female,12,not,White,did not ride,0,do not watch
18.0,female,12,not,White,sometimes,1-2,<1
18.0,female,12,not,White,did not ride,0,2
17.0,female,12,not,,did not ride,1-2,3
17.0,female,12,not,White,never,0,do not watch
18.0,male,12,not,White,never,20-29,1
18.0,male,12,not,White,never,30,1
18.0,male,12,not,White,never,1-2,2
18.0,male,12,not,White,never,30,5+
17.0,male,12,not,White,sometimes,30,1
18.0,male,12,not,White,did not ride,30,1
17.0,male,12,not,,did not ride,1-2,do not watch
18.0,male,12,not,White,never,30,4
18.0,male,12,not,White,did not ride,6-9,do not watch
18.0,male,12,not,Black or African American,did not ride,10-19,3
18.0,male,12,not,White,did not ride,,1
18.0,male,12,not,White,never,3-5,2
16.0,female,10,not,White,did not ride,0,<1
16.0,female,10,not,White,never,did not drive,<1
16.0,female,10,not,White,never,,<1
15.0,female,10,not,Asian,did not ride,,
16.0,female,10,not,White,never,0,<1
16.0,female,10,not,White,never,1-2,<1
16.0,female,10,not,White,never,did not drive,2
15.0,female,10,not,White,did not ride,did not drive,<1
16.0,male,10,not,White,did not ride,0,<1
16.0,male,10,not,White,never,0,<1
16.0,male,10,hispanic,White,never,did not drive,1
16.0,male,10,not,White,did not ride,0,2
16.0,male,10,not,White,never,0,4
16.0,male,10,not,White,did not ride,0,5+
15.0,male,10,not,White,never,0,1
16.0,male,10,not,White,rarely,did not drive,2
16.0,male,10,not,White,never,0,1
16.0,male,10,not,Black or African American,did not ride,did not drive,2
17.0,male,10,not,Black or African American,did not ride,,3
16.0,male,10,not,White,never,30,2
16.0,male,10,not,White,never,30,2
17.0,male,10,not,White,did not ride,0,do not watch
16.0,male,10,not,White,did not ride,did not drive,do not watch
16.0,male,10,not,Black or African American,never,,2
16.0,female,11,not,Black or African American,did not ride,,1
16.0,female,11,not,White,rarely,30,<1
17.0,female,11,not,White,did not ride,10-19,<1
16.0,female,11,not,White,rarely,10-19,<1
17.0,female,11,not,White,never,20-29,do not watch
17.0,female,12,not,White,did not ride,0,<1
17.0,female,11,not,Asian,always,,2
17.0,female,11,not,White,did not ride,6-9,2
16.0,female,11,not,White,did not ride,1-2,2
16.0,male,11,not,,always,did not drive,3
17.0,male,11,not,White,rarely,0,1
16.0,male,11,not,,did not ride,0,3
16.0,male,11,not,White,always,0,<1
17.0,male,11,not,,did not ride,3-5,1
17.0,male,11,not,White,never,1-2,<1
16.0,male,11,not,White,,0,2
17.0,male,11,not,White,never,0,<1
17.0,male,11,not,White,did not ride,did not drive,2
16.0,male,11,not,White,always,0,1
16.0,male,11,not,,rarely,did not drive,3
17.0,male,11,not,White,never,30,5+
17.0,male,11,hispanic,American Indian or Alaska Native,did not ride,0,<1
18.0,female,12,not,White,did not ride,did not drive,2
18.0,female,12,not,White,never,10-19,2
18.0,female,12,not,White,rarely,30,5+
17.0,female,12,not,White,did not ride,0,1
18.0,female,12,not,White,did not ride,did not drive,1
17.0,female,12,not,White,did not ride,30,1
18.0,female,12,not,White,did not ride,20-29,1
17.0,female,12,not,White,did not ride,20-29,1
18.0,female,12,not,White,did not ride,30,5+
18.0,female,12,not,White,did not ride,0,<1
17.0,male,12,not,White,did not ride,did not drive,1
18.0,male,12,not,White,never,did not drive,2
18.0,male,12,not,White,never,6-9,do not watch
18.0,male,12,not,White,did not ride,0,do not watch
17.0,male,12,not,White,never,1-2,2
17.0,male,12,not,White,never,10-19,1
17.0,male,12,not,White,never,did not drive,2
17.0,male,12,not,White,never,did not drive,1
18.0,male,12,not,White,did not ride,3-5,<1
17.0,male,12,not,White,never,6-9,2
18.0,male,12,not,White,did not ride,0,do not watch
18.0,male,12,not,White,never,30,do not watch
18.0,male,12,not,White,never,0,<1
18.0,male,12,not,Black or African American,never,3-5,2
17.0,male,12,not,White,did not ride,0,3
18.0,male,12,not,White,did not ride,0,do not watch
18.0,male,12,not,White,did not ride,did not drive,5+
18.0,male,12,not,White,did not ride,30,5+
15.0,female,10,not,White,did not ride,did not drive,1
15.0,female,10,not,,did not ride,did not drive,3
16.0,female,10,not,White,did not ride,0,1
15.0,female,10,not,White,rarely,did not drive,2
15.0,female,10,not,White,rarely,did not drive,4
15.0,female,10,not,,did not ride,did not drive,1
16.0,female,10,not,,did not ride,did not drive,3
15.0,female,10,not,White,never,did not drive,5+
15.0,female,10,not,White,did not ride,0,4
15.0,female,10,not,White,did not ride,did not drive,5+
16.0,female,10,not,White,did not ride,did not drive,<1
16.0,male,10,not,White,never,0,2
15.0,male,10,not,White,did not ride,did not drive,3
16.0,male,10,not,White,never,,5+
16.0,male,10,not,White,did not ride,0,do not watch
16.0,male,10,not,Black or African American,never,20-29,2
16.0,male,10,not,,never,0,<1
16.0,male,10,not,White,,1-2,1
15.0,male,10,not,White,never,did not drive,2
15.0,male,10,not,White,did not ride,did not drive,<1
16.0,male,10,hispanic,White,never,0,do not watch
16.0,male,10,not,White,most of time,0,2
16.0,male,10,not,White,never,0,<1
16.0,male,10,not,White,never,did not drive,5+
15.0,male,10,not,White,never,did not drive,2
16.0,male,10,not,White,rarely,0,3
16.0,male,10,not,White,never,did not drive,3
16.0,male,10,not,Black or African American,,0,
15.0,male,10,not,White,did not ride,did not drive,3
15.0,male,10,not,White,always,did not drive,5+
16.0,male,10,not,White,did not ride,did not drive,2
16.0,female,11,not,White,never,6-9,do not watch
16.0,female,11,not,White,did not ride,did not drive,2
16.0,female,11,not,White,did not ride,did not drive,1
17.0,female,11,not,White,did not ride,0,3
17.0,female,10,not,White,never,0,2
17.0,female,11,not,White,did not ride,6-9,1
17.0,female,11,not,,never,1-2,<1
17.0,female,11,not,,did not ride,0,5+
17.0,female,11,not,,did not ride,did not drive,2
17.0,female,11,not,White,did not ride,0,3
16.0,female,11,not,White,did not ride,did not drive,3
17.0,female,11,not,White,did not ride,10-19,<1
16.0,female,11,not,White,did not ride,0,5+
18.0,male,11,not,White,did not ride,did not drive,1
16.0,male,11,not,White,did not ride,,5+
17.0,male,11,not,White,did not ride,did not drive,2
17.0,male,11,not,White,never,10-19,do not watch
16.0,male,11,not,,did not ride,did not drive,2
17.0,male,11,not,White,never,0,do not watch
17.0,male,11,not,White,never,1-2,1
16.0,male,11,not,White,did not ride,0,1
16.0,male,11,not,White,did not ride,0,1
17.0,male,11,not,White,never,0,4
17.0,male,11,not,White,did not ride,0,2
17.0,male,11,not,White,never,20-29,1
18.0,male,11,hispanic,White,did not ride,did not drive,3
17.0,male,11,not,Black or African American,never,did not drive,3
17.0,male,11,not,White,rarely,did not drive,3
14.0,male,9,not,White,never,did not drive,1
14.0,male,9,not,Black or African American,rarely,did not drive,5+
14.0,male,9,not,White,always,0,3
16.0,male,9,not,White,never,,5+
16.0,male,9,not,White,sometimes,0,do not watch
16.0,male,9,not,White,never,0,do not watch
14.0,male,9,not,White,did not ride,did not drive,do not watch
14.0,male,9,not,White,did not ride,did not drive,1
15.0,male,9,not,White,never,0,2
14.0,female,9,not,White,never,0,<1
15.0,female,9,not,White,never,,<1
15.0,female,9,not,White,,0,2
14.0,female,9,not,White,never,did not drive,2
15.0,female,9,not,White,did not ride,did not drive,5+
15.0,female,9,not,White,did not ride,did not drive,3
16.0,female,9,not,Black or African American,did not ride,,2
14.0,female,9,not,White,did not ride,did not drive,2
14.0,female,9,not,White,did not ride,did not drive,4
15.0,male,9,not,White,always,did not drive,5+
15.0,male,9,not,White,never,did not drive,1
15.0,male,9,not,White,sometimes,did not drive,2
16.0,male,9,not,White,never,30,5+
15.0,male,9,not,,did not ride,did not drive,<1
15.0,male,9,not,White,never,did not drive,3
15.0,male,9,not,White,never,did not drive,5+
14.0,male,9,not,White,never,0,1
14.0,male,9,not,White,always,0,
16.0,male,11,not,White,did not ride,6-9,5+
17.0,male,11,not,White,never,20-29,1
16.0,male,11,not,White,never,10-19,<1
17.0,male,11,not,White,never,20-29,1
16.0,male,11,not,White,never,20-29,1
17.0,male,11,not,White,never,1-2,2
16.0,male,11,not,Black or African American,never,did not drive,2
17.0,female,11,not,Black or African American,did not ride,0,5+
17.0,female,11,not,White,did not ride,3-5,<1
15.0,female,9,not,White,never,,3
14.0,female,9,not,White,did not ride,,2
14.0,female,9,not,White,never,did not drive,<1
,male,,,,never,30,2
15.0,male,9,not,Black or African American,did not ride,0,1
16.0,male,9,not,White,never,did not drive,3
14.0,male,9,not,Black or African American,never,did not drive,3
14.0,male,9,not,White,never,did not drive,4
15.0,male,9,not,White,did not ride,0,do not watch
15.0,male,9,not,Black or African American,never,did not drive,<1
15.0,male,9,not,Black or African American,did not ride,did not drive,5+
14.0,male,9,not,White,did not ride,did not drive,<1
15.0,male,9,not,White,never,did not drive,3
14.0,male,9,not,Black or African American,never,did not drive,1
16.0,male,10,not,White,never,0,3
16.0,male,10,not,White,did not ride,0,1
16.0,male,10,not,White,never,1-2,5+
15.0,male,10,not,White,never,0,do not watch
16.0,male,10,hispanic,White,never,0,3
16.0,male,10,not,White,never,1-2,2
15.0,male,10,not,White,never,0,do not watch
16.0,female,10,hispanic,,did not ride,did not drive,<1
16.0,female,10,not,White,did not ride,did not drive,1
15.0,female,10,not,Black or African American,did not ride,0,5+
16.0,female,10,not,Black or African American,did not ride,0,4
15.0,female,10,not,Black or African American,never,0,<1
18.0,female,12,not,White,did not ride,30,do not watch
17.0,female,12,not,Black or African American,did not ride,10-19,4
18.0,female,12,not,Black or African American,did not ride,0,5+
17.0,male,12,not,White,never,0,2
18.0,male,12,not,White,did not ride,6-9,do not watch
18.0,male,12,not,White,never,0,1
17.0,male,12,not,Native Hawaiian or Other Pacific Islander,did not ride,1-2,do not watch
18.0,male,12,not,White,never,30,5+
17.0,male,12,not,White,never,,2
18.0,male,12,not,White,did not ride,10-19,<1
18.0,male,12,not,Black or African American,never,3-5,<1
18.0,male,12,not,Black or African American,never,1-2,2
18.0,male,12,not,White,did not ride,1-2,2
18.0,male,12,not,Black or African American,did not ride,0,4
18.0,male,12,not,American Indian or Alaska Native,never,30,<1
18.0,female,12,not,White,did not ride,30,5+
17.0,female,12,not,White,never,30,3
18.0,female,12,not,White,did not ride,30,4
18.0,female,12,not,American Indian or Alaska Native,did not ride,30,do not watch
16.0,female,10,not,White,never,1-2,<1
18.0,male,12,not,White,never,30,2
18.0,male,12,not,Black or African American,never,20-29,1
17.0,male,12,not,White,did not ride,,5+
15.0,female,9,not,Black or African American,never,did not drive,3
15.0,male,9,not,Black or African American,never,1-2,4
15.0,male,9,not,Black or African American,never,did not drive,5+
16.0,male,9,not,White,never,did not drive,do not watch
15.0,male,9,not,Black or African American,never,did not drive,3
15.0,male,9,not,Black or African American,never,0,do not watch
14.0,male,9,not,Asian,did not ride,did not drive,5+
15.0,male,9,not,White,did not ride,did not drive,3
16.0,female,10,not,White,did not ride,did not drive,2
16.0,female,10,not,White,did not ride,3-5,do not watch
16.0,female,10,not,White,never,30,3
16.0,female,10,not,Black or African American,never,0,4
15.0,female,10,not,White,rarely,1-2,3
16.0,male,10,not,White,did not ride,0,3
16.0,male,10,not,White,did not ride,30,do not watch
15.0,male,9,not,White,never,0,<1
14.0,male,9,not,White,never,did not drive,do not watch
14.0,male,9,not,White,,0,do not watch
14.0,female,9,not,White,never,0,do not watch
14.0,female,9,not,White,never,0,do not watch
15.0,male,9,,White,never,0,do not watch
18.0,female,12,not,White,did not ride,0,do not watch
16.0,female,11,not,White,never,3-5,1
16.0,female,11,not,White,never,1-2,do not watch
17.0,female,11,not,White,never,10-19,do not watch
16.0,female,11,not,White,never,1-2,do not watch
17.0,female,11,,White,never,1-2,do not watch
16.0,male,10,not,White,never,0,do not watch
15.0,female,10,not,White,never,0,do not watch
15.0,female,10,not,White,never,did not drive,do not watch
16.0,male,10,not,White,never,0,do not watch
16.0,male,10,not,White,never,1-2,do not watch
15.0,male,10,not,White,never,0,do not watch
16.0,male,10,not,White,never,0,do not watch
16.0,male,11,not,White,never,3-5,do not watch
18.0,male,12,not,White,did not ride,did not drive,<1
18.0,male,12,not,White,never,did not drive,3
17.0,female,12,not,White,did not ride,did not drive,3
17.0,female,12,not,White,never,20-29,<1
16.0,female,9,not,White,never,0,do not watch
17.0,female,12,hispanic,,did not ride,30,<1
14.0,female,9,hispanic,,never,,2
14.0,female,9,not,White,never,0,2
15.0,female,9,not,White,never,0,5+
16.0,female,10,not,White,did not ride,,1
14.0,male,9,hispanic,,never,,<1
15.0,male,9,,White,rarely,did not drive,2
14.0,male,9,not,White,never,did not drive,<1
14.0,male,9,hispanic,,never,did not drive,1
15.0,male,9,not,White,never,,2
14.0,male,9,hispanic,American Indian or Alaska Native,never,did not drive,2
14.0,male,9,not,White,never,did not drive,2
18.0,male,12,not,White,did not ride,30,1
14.0,male,9,hispanic,White,did not ride,did not drive,4
14.0,male,9,,White,rarely,,4
15.0,male,10,hispanic,,never,0,1
14.0,male,9,hispanic,White,always,did not drive,2
16.0,female,10,hispanic,White,did not ride,0,do not watch
15.0,male,10,not,,never,did not drive,<1
15.0,male,10,not,White,never,did not drive,2
16.0,male,10,not,White,did not ride,1-2,2
17.0,male,10,not,White,never,20-29,2
16.0,male,10,hispanic,,did not ride,0,5+
16.0,male,10,not,White,rarely,0,2
15.0,male,10,not,White,never,0,<1
16.0,female,10,not,Native Hawaiian or Other Pacific Islander,never,0,<1
16.0,female,10,not,White,did not ride,10-19,do not watch
16.0,female,10,hispanic,,never,0,3
15.0,female,10,not,White,did not ride,,do not watch
16.0,female,10,not,White,sometimes,,2
15.0,female,10,not,White,never,0,do not watch
15.0,female,10,not,White,did not ride,0,2
15.0,female,10,not,White,never,0,do not watch
16.0,female,10,not,White,rarely,0,1
16.0,female,10,not,White,never,did not drive,4
15.0,female,10,not,White,never,0,<1
15.0,female,10,not,White,never,did not drive,<1
16.0,female,10,not,White,never,did not drive,
16.0,female,10,not,White,did not ride,,do not watch
15.0,female,10,hispanic,White,never,did not drive,2
16.0,female,10,hispanic,American Indian or Alaska Native,never,0,4
16.0,female,10,not,White,never,0,do not watch
14.0,female,9,hispanic,,never,,<1
15.0,female,9,not,White,never,20-29,2
17.0,female,10,not,White,never,did not drive,do not watch
18.0,male,12,hispanic,,never,0,2
17.0,male,12,hispanic,,never,0,<1
17.0,male,12,not,White,did not ride,30,<1
17.0,male,12,not,White,never,did not drive,5+
18.0,male,12,not,White,did not ride,1-2,1
17.0,male,12,hispanic,White,never,1-2,2
17.0,male,12,not,White,always,did not drive,4
17.0,female,12,not,White,never,30,3
17.0,female,12,not,White,never,10-19,3
17.0,female,12,not,,never,10-19,3
18.0,female,12,not,White,never,1-2,3
18.0,female,12,hispanic,,never,0,1
18.0,female,12,not,White,did not ride,did not drive,4
16.0,male,11,not,White,did not ride,0,do not watch
17.0,male,11,not,White,never,1-2,3
16.0,male,11,not,White,did not ride,did not drive,2
17.0,female,11,hispanic,,never,3-5,3
18.0,female,12,hispanic,,never,did not drive,do not watch
18.0,female,11,hispanic,American Indian or Alaska Native,did not ride,3-5,5+
17.0,female,11,hispanic,White,never,did not drive,3
17.0,male,11,not,,never,6-9,4
16.0,male,11,not,White,rarely,,do not watch
17.0,male,11,not,White,rarely,1-2,1
17.0,male,11,hispanic,White,did not ride,did not drive,<1
17.0,male,11,not,White,never,20-29,2
16.0,female,11,not,White,did not ride,did not drive,<1
16.0,male,11,hispanic,,did not ride,0,1
17.0,male,11,hispanic,White,never,30,4
17.0,male,11,not,,never,3-5,3
15.0,male,9,not,White,rarely,30,2
15.0,male,9,not,White,never,0,2
15.0,male,9,not,White,never,3-5,3
14.0,male,9,not,White,never,0,3
14.0,male,9,not,White,rarely,0,2
14.0,male,9,not,American Indian or Alaska Native,never,did not drive,do not watch
15.0,male,9,not,White,never,30,3
14.0,male,9,,White,never,did not drive,4
15.0,male,9,not,American Indian or Alaska Native,never,,3
15.0,male,9,not,White,did not ride,0,2
16.0,male,9,not,White,did not ride,20-29,5+
14.0,male,9,not,White,never,0,
15.0,male,9,not,White,never,did not drive,<1
,male,,,,never,1-2,3
15.0,female,9,not,White,never,1-2,2
15.0,female,9,not,White,never,,1
15.0,female,9,not,White,never,0,do not watch
15.0,female,9,hispanic,,never,did not drive,3
14.0,female,9,not,White,sometimes,0,4
15.0,female,9,not,,rarely,0,1
15.0,female,9,not,White,sometimes,0,3
14.0,female,9,not,White,never,did not drive,2
14.0,female,9,hispanic,White,never,0,4
15.0,female,9,hispanic,,never,did not drive,do not watch
15.0,female,9,not,White,never,did not drive,4
14.0,female,9,not,American Indian or Alaska Native,never,0,
15.0,female,9,not,White,did not ride,did not drive,<1
15.0,female,10,not,Asian,never,0,<1
16.0,female,10,not,White,most of time,1-2,2
15.0,female,10,not,White,always,did not drive,do not watch
15.0,female,10,not,White,never,0,<1
16.0,female,10,not,Asian,did not ride,did not drive,<1
16.0,female,10,not,Asian,,0,5+
15.0,female,10,not,Asian,never,did not drive,2
15.0,female,10,not,White,did not ride,0,2
15.0,female,10,not,Asian,did not ride,did not drive,do not watch
16.0,female,10,not,Asian,did not ride,3-5,do not watch
,female,,,,,0,4
16.0,male,10,not,White,did not ride,did not drive,do not watch
17.0,male,10,not,Asian,never,did not drive,<1
16.0,male,10,not,Black or African American,never,did not drive,4
16.0,male,10,not,White,never,did not drive,<1
16.0,male,10,not,Asian,never,0,1
16.0,male,10,not,Asian,most of time,0,3
15.0,female,9,not,Asian,never,30,2
14.0,female,9,not,Asian,did not ride,did not drive,do not watch
14.0,female,9,not,Asian,never,did not drive,3
15.0,female,9,hispanic,White,sometimes,0,do not watch
15.0,female,9,not,Asian,never,did not drive,3
14.0,female,9,hispanic,Asian,most of time,did not drive,<1
14.0,female,9,not,White,always,did not drive,3
15.0,female,9,hispanic,,rarely,did not drive,<1
14.0,female,9,not,White,did not ride,,2
14.0,female,9,not,Asian,sometimes,did not drive,1
15.0,male,9,hispanic,White,never,did not drive,do not watch
15.0,male,9,not,White,never,did not drive,do not watch
14.0,male,9,not,White,never,did not drive,<1
17.0,female,11,not,Black or African American,most of time,1-2,1
17.0,female,11,not,Black or African American,sometimes,0,4
17.0,female,11,not,White,rarely,1-2,3
18.0,female,11,not,White,did not ride,20-29,do not watch
16.0,female,11,not,Asian,never,0,<1
16.0,male,11,not,White,never,did not drive,2
18.0,female,12,not,Asian,did not ride,1-2,3
18.0,female,12,not,White,always,0,1
17.0,female,12,not,White,never,1-2,<1
18.0,female,12,not,,did not ride,did not drive,1
17.0,female,12,hispanic,White,did not ride,did not drive,5+
18.0,female,12,not,White,did not ride,0,1
18.0,female,12,hispanic,,never,0,<1
17.0,male,12,not,Black or African American,never,30,1
18.0,male,12,not,Asian,did not ride,10-19,4
17.0,female,12,not,White,did not ride,20-29,<1
18.0,female,12,not,White,did not ride,,2
17.0,female,12,not,White,sometimes,6-9,<1
18.0,female,12,not,White,rarely,3-5,2
18.0,female,12,not,White,did not ride,1-2,3
18.0,female,12,hispanic,Black or African American,never,did not drive,4
18.0,female,12,not,White,never,6-9,3
18.0,female,12,not,White,never,0,3
18.0,female,12,not,White,did not ride,3-5,<1
18.0,female,12,not,White,most of time,did not drive,1
18.0,female,12,not,White,never,6-9,1
18.0,female,12,not,White,never,10-19,<1
18.0,female,12,not,White,did not ride,30,do not watch
18.0,female,12,not,White,did not ride,1-2,3
18.0,female,12,not,White,did not ride,20-29,do not watch
18.0,female,12,not,White,did not ride,10-19,<1
18.0,male,12,not,White,never,20-29,<1
17.0,male,12,not,White,never,1-2,2
17.0,male,12,hispanic,,never,30,<1
18.0,male,12,hispanic,,did not ride,30,do not watch
18.0,male,12,not,White,always,10-19,1
17.0,male,12,not,White,never,1-2,2
18.0,male,12,not,White,did not ride,30,1
17.0,male,12,not,White,never,30,do not watch
18.0,male,12,not,White,never,3-5,1
17.0,male,12,not,Native Hawaiian or Other Pacific Islander,never,30,3
18.0,male,12,hispanic,,never,1-2,2
18.0,male,12,hispanic,Native Hawaiian or Other Pacific Islander,never,0,<1
18.0,male,12,not,White,never,0,3
17.0,male,12,not,White,never,10-19,2
17.0,female,11,not,White,did not ride,0,do not watch
17.0,female,11,not,White,never,30,1
17.0,female,11,not,White,did not ride,0,3
17.0,female,11,hispanic,White,did not ride,did not drive,<1
17.0,female,11,not,White,did not ride,did not drive,3
18.0,female,12,hispanic,White,never,0,2
17.0,female,11,hispanic,,did not ride,did not drive,do not watch
17.0,female,11,not,White,did not ride,0,<1
16.0,female,11,hispanic,White,never,0,2
17.0,female,11,not,White,never,6-9,2
17.0,female,11,hispanic,Native Hawaiian or Other Pacific Islander,did not ride,30,do not watch
17.0,female,11,hispanic,White,did not ride,0,2
17.0,female,11,not,White,did not ride,0,2
16.0,female,11,hispanic,White,never,0,do not watch
16.0,male,11,hispanic,White,did not ride,1-2,do not watch
16.0,male,11,hispanic,White,never,10-19,2
17.0,male,11,not,White,never,3-5,3
17.0,male,11,hispanic,,never,0,<1
16.0,male,11,hispanic,White,did not ride,did not drive,5+
17.0,male,11,not,White,never,20-29,<1
17.0,male,11,hispanic,,did not ride,0,4
17.0,male,11,hispanic,,never,did not drive,do not watch
15.0,male,12,not,White,never,0,<1
16.0,male,11,hispanic,White,never,3-5,2
17.0,male,12,hispanic,White,never,10-19,2
16.0,male,11,hispanic,,never,0,do not watch
16.0,male,11,not,White,never,0,do not watch
17.0,male,11,not,White,never,6-9,2
16.0,female,10,not,White,never,0,do not watch
16.0,female,10,not,White,did not ride,1-2,5+
16.0,female,10,hispanic,White,did not ride,did not drive,5+
16.0,female,10,not,White,most of time,0,do not watch
16.0,female,10,hispanic,,most of time,0,2
16.0,female,10,not,White,rarely,0,do not watch
15.0,female,10,not,White,never,did not drive,<1
15.0,female,10,not,Asian,sometimes,did not drive,do not watch
15.0,female,10,not,White,never,0,do not watch
15.0,female,10,not,White,never,did not drive,<1
16.0,male,10,not,White,rarely,0,1
16.0,male,10,not,White,always,0,do not watch
15.0,male,10,not,White,did not ride,0,<1
15.0,male,10,not,White,did not ride,did not drive,1
16.0,male,10,not,White,never,1-2,2
16.0,male,10,not,White,never,0,<1
15.0,male,10,hispanic,White,did not ride,0,1
15.0,male,10,not,White,sometimes,0,<1
14.0,female,9,hispanic,White,did not ride,,<1
15.0,female,9,not,White,did not ride,did not drive,do not watch
15.0,female,9,not,White,always,did not drive,<1
15.0,female,9,hispanic,,did not ride,did not drive,3
15.0,female,9,not,White,never,,do not watch
15.0,female,9,not,White,never,0,<1
14.0,female,9,not,White,never,,1
14.0,female,9,hispanic,,did not ride,did not drive,do not watch
15.0,female,9,not,White,never,0,do not watch
15.0,female,9,not,White,never,0,2
15.0,female,9,not,White,never,did not drive,<1
15.0,female,9,not,White,never,did not drive,<1
14.0,male,9,hispanic,,did not ride,did not drive,do not watch
15.0,male,9,not,White,never,did not drive,1
15.0,male,9,not,White,never,0,<1
16.0,male,9,hispanic,,did not ride,0,2
16.0,male,9,hispanic,,never,0,<1
16.0,male,9,not,White,did not ride,0,3
15.0,male,,not,White,never,did not drive,2
14.0,male,9,not,Black or African American,never,0,3
15.0,male,9,not,White,never,did not drive,do not watch
15.0,male,9,hispanic,White,never,did not drive,<1
14.0,male,9,,White,never,did not drive,5+
15.0,male,9,not,White,never,did not drive,2
14.0,male,9,not,White,sometimes,did not drive,<1
14.0,male,9,not,White,sometimes,0,2
15.0,male,9,not,White,never,did not drive,2
15.0,male,9,not,White,never,did not drive,4
14.0,female,9,hispanic,Native Hawaiian or Other Pacific Islander,never,0,<1
15.0,female,9,not,White,never,did not drive,<1
14.0,female,9,not,Black or African American,did not ride,did not drive,do not watch
15.0,female,9,not,White,most of time,did not drive,<1
15.0,female,9,not,White,never,did not drive,4
15.0,female,9,not,White,never,did not drive,2
16.0,female,10,not,White,did not ride,0,<1
15.0,female,9,not,White,never,did not drive,3
15.0,female,9,not,White,did not ride,did not drive,<1
15.0,female,9,not,White,most of time,0,1
14.0,female,9,not,White,did not ride,did not drive,do not watch
15.0,female,9,hispanic,White,did not ride,0,5+
15.0,female,9,not,White,never,did not drive,<1
14.0,female,9,not,White,never,0,2
15.0,female,9,not,White,,did not drive,2
15.0,female,9,hispanic,,did not ride,0,1
15.0,male,9,not,White,never,did not drive,2
15.0,male,9,not,White,never,did not drive,3
15.0,male,9,not,White,did not ride,did not drive,do not watch
14.0,male,9,not,White,never,did not drive,<1
14.0,male,9,not,White,rarely,6-9,3
15.0,male,9,hispanic,White,never,did not drive,1
14.0,male,9,not,White,never,did not drive,3
15.0,male,9,not,White,never,did not drive,<1
15.0,male,10,hispanic,,never,0,<1
15.0,male,9,not,Black or African American,never,did not drive,2
15.0,male,9,not,Black or African American,never,0,3
16.0,male,10,,Black or African American,never,0,<1
14.0,male,9,hispanic,,did not ride,0,do not watch
15.0,male,9,not,White,did not ride,did not drive,
15.0,female,10,not,White,never,did not drive,2
16.0,female,10,not,White,never,1-2,do not watch
15.0,female,10,hispanic,,did not ride,,2
17.0,male,10,not,White,never,did not drive,3
16.0,male,10,hispanic,White,never,did not drive,5+
16.0,male,10,not,White,never,0,<1
15.0,male,10,,,never,did not drive,do not watch
16.0,male,10,not,White,rarely,did not drive,3
15.0,male,10,not,Black or African American,never,did not drive,5+
15.0,male,10,hispanic,White,never,did not drive,3
18.0,male,12,hispanic,Native Hawaiian or Other Pacific Islander,never,3-5,<1
16.0,male,10,hispanic,,did not ride,did not drive,3
16.0,male,10,not,White,never,6-9,2
16.0,male,10,not,White,never,did not drive,2
18.0,male,12,not,White,never,0,2
18.0,male,12,not,White,never,3-5,3
18.0,male,12,hispanic,White,never,0,5+
18.0,male,12,not,Black or African American,never,0,5+
18.0,male,12,not,White,did not ride,6-9,5+
18.0,male,12,not,Black or African American,did not ride,10-19,do not watch
18.0,male,12,not,White,never,20-29,2
18.0,male,12,hispanic,White,never,1-2,<1
17.0,female,12,not,American Indian or Alaska Native,never,30,do not watch
17.0,female,12,not,White,sometimes,1-2,2
18.0,female,12,not,White,did not ride,10-19,do not watch
18.0,female,12,not,Black or African American,did not ride,did not drive,4
18.0,female,12,not,,did not ride,did not drive,5+
17.0,female,12,not,White,never,0,3
17.0,female,12,not,White,rarely,0,do not watch
17.0,female,12,not,White,never,10-19,1
18.0,female,12,not,White,did not ride,30,do not watch
18.0,female,12,not,White,never,30,2
17.0,female,12,not,Black or African American,did not ride,6-9,3
17.0,female,11,not,,never,0,2
17.0,female,11,not,White,did not ride,30,<1
17.0,female,11,hispanic,,never,did not drive,2
16.0,female,11,hispanic,Black or African American,did not ride,did not drive,do not watch
18.0,male,11,not,Black or African American,never,0,2
18.0,male,12,hispanic,White,never,did not drive,<1
16.0,male,11,not,White,never,did not drive,
18.0,male,11,hispanic,Native Hawaiian or Other Pacific Islander,never,3-5,3
17.0,male,11,hispanic,,did not ride,did not drive,3
15.0,female,9,hispanic,,never,0,do not watch
14.0,female,9,not,Black or African American,did not ride,did not drive,do not watch
15.0,female,9,not,White,never,did not drive,2
14.0,male,9,not,Black or African American,never,did not drive,1
16.0,male,9,not,White,never,did not drive,4
15.0,female,9,not,White,,6-9,1
18.0,female,12,hispanic,,always,did not drive,<1
16.0,male,9,not,American Indian or Alaska Native,always,20-29,1
15.0,male,9,not,White,always,did not drive,do not watch
15.0,male,9,not,White,rarely,0,4
14.0,male,9,not,White,most of time,did not drive,2
15.0,male,9,not,White,never,did not drive,<1
16.0,male,9,not,Black or African American,always,did not drive,1
14.0,male,9,hispanic,American Indian or Alaska Native,always,6-9,4
15.0,male,10,not,American Indian or Alaska Native,rarely,10-19,do not watch
15.0,male,10,not,,rarely,did not drive,<1
16.0,male,10,hispanic,American Indian or Alaska Native,sometimes,did not drive,1
17.0,male,11,not,White,rarely,did not drive,do not watch
17.0,male,11,not,White,sometimes,0,2
18.0,male,12,not,White,did not ride,did not drive,5+
16.0,female,10,not,American Indian or Alaska Native,never,did not drive,5+
14.0,female,10,not,,sometimes,20-29,
15.0,female,10,not,White,did not ride,did not drive,do not watch
16.0,female,10,not,,sometimes,did not drive,
14.0,female,10,not,White,sometimes,did not drive,2
16.0,female,11,hispanic,,most of time,did not drive,2
17.0,female,11,not,White,sometimes,10-19,4
15.0,female,11,not,American Indian or Alaska Native,never,3-5,1
15.0,female,9,hispanic,,always,30,5+
18.0,male,12,not,White,never,,do not watch
15.0,male,9,hispanic,,did not ride,did not drive,5+
13.0,male,9,not,,always,30,2
16.0,male,10,hispanic,American Indian or Alaska Native,did not ride,did not drive,2
17.0,male,11,not,White,most of time,,1
15.0,female,10,not,Black or African American,did not ride,did not drive,do not watch
15.0,female,9,hispanic,,did not ride,did not drive,do not watch
17.0,female,10,hispanic,,never,1-2,
17.0,female,11,not,White,,0,<1
17.0,female,12,hispanic,,never,0,2
14.0,female,9,hispanic,,never,,1
18.0,male,12,not,White,never,0,2
16.0,male,11,hispanic,,never,0,
15.0,male,9,not,White,did not ride,0,3
17.0,male,12,hispanic,Asian,rarely,did not drive,<1
17.0,male,11,hispanic,White,never,did not drive,<1
17.0,male,11,hispanic,Native Hawaiian or Other Pacific Islander,never,0,<1
18.0,male,12,hispanic,,never,0,do not watch
18.0,female,12,hispanic,White,never,10-19,4
15.0,female,10,hispanic,Asian,never,,
15.0,female,10,hispanic,Asian,never,0,
15.0,female,9,hispanic,White,never,1-2,1
16.0,female,10,hispanic,,did not ride,3-5,4
18.0,female,12,hispanic,,never,3-5,do not watch
17.0,female,11,hispanic,White,never,0,2
17.0,female,11,hispanic,,never,0,2
18.0,female,12,hispanic,,did not ride,1-2,do not watch
17.0,female,9,hispanic,American Indian or Alaska Native,never,0,5+
18.0,female,12,not,White,rarely,0,do not watch
18.0,female,11,not,White,rarely,1-2,3
18.0,female,12,hispanic,White,never,0,5+
17.0,female,12,not,White,never,1-2,2
16.0,female,11,hispanic,,never,did not drive,1
18.0,female,12,hispanic,,never,did not drive,3
16.0,female,10,hispanic,,never,0,do not watch
17.0,female,12,hispanic,,did not ride,did not drive,5+
18.0,male,12,hispanic,White,never,30,<1
18.0,male,12,hispanic,,never,20-29,3
17.0,male,11,hispanic,White,never,0,do not watch
17.0,male,11,hispanic,Black or African American,never,0,1
18.0,male,12,hispanic,,never,,2
17.0,male,12,hispanic,White,never,10-19,2
,male,12,hispanic,,never,10-19,5+
17.0,male,12,hispanic,,never,did not drive,do not watch
18.0,male,12,,White,did not ride,0,<1
18.0,male,12,hispanic,White,,0,<1
18.0,male,10,hispanic,American Indian or Alaska Native,did not ride,3-5,5+
17.0,female,12,hispanic,White,never,1-2,<1
17.0,female,12,hispanic,White,never,6-9,4
17.0,female,12,hispanic,,did not ride,did not drive,2
18.0,female,12,hispanic,,did not ride,did not drive,2
17.0,female,12,hispanic,,never,3-5,do not watch
17.0,female,12,hispanic,,did not ride,did not drive,3
18.0,female,12,hispanic,White,never,3-5,<1
17.0,female,12,hispanic,,never,10-19,<1
17.0,female,12,hispanic,,did not ride,0,do not watch
17.0,female,12,hispanic,White,never,did not drive,2
18.0,female,12,hispanic,,never,1-2,2
18.0,female,12,not,Black or African American,never,,1
18.0,female,12,hispanic,,never,0,5+
18.0,female,12,hispanic,,did not ride,,2
17.0,female,12,hispanic,White,did not ride,20-29,2
17.0,female,12,not,Asian,did not ride,did not drive,1
17.0,female,12,hispanic,American Indian or Alaska Native,never,did not drive,<1
18.0,female,12,hispanic,,never,0,2
18.0,female,12,hispanic,White,never,did not drive,<1
17.0,female,12,not,Asian,sometimes,0,3
18.0,female,12,hispanic,,did not ride,,3
18.0,female,12,hispanic,White,never,0,3
17.0,male,12,hispanic,,never,0,2
18.0,male,12,hispanic,,never,10-19,2
18.0,male,12,hispanic,,never,10-19,<1
17.0,male,12,hispanic,,never,0,<1
17.0,male,12,hispanic,,did not ride,did not drive,<1
17.0,male,12,hispanic,,never,0,2
18.0,male,12,hispanic,American Indian or Alaska Native,never,0,<1
18.0,male,12,hispanic,American Indian or Alaska Native,never,0,4
18.0,male,12,hispanic,,sometimes,0,1
17.0,male,12,not,Black or African American,never,0,3
15.0,female,9,hispanic,American Indian or Alaska Native,did not ride,did not drive,2
15.0,female,9,hispanic,Black or African American,always,0,3
15.0,female,9,hispanic,,never,did not drive,5+
14.0,female,9,hispanic,,never,did not drive,2
15.0,female,9,hispanic,,did not ride,did not drive,do not watch
15.0,female,9,hispanic,,did not ride,did not drive,3
15.0,female,9,hispanic,,never,0,do not watch
15.0,female,9,not,,never,0,2
15.0,female,9,,,never,0,4
14.0,female,9,hispanic,,never,0,4
14.0,female,9,hispanic,American Indian or Alaska Native,rarely,did not drive,2
14.0,female,9,hispanic,,,did not drive,3
14.0,female,9,not,,never,0,4
16.0,female,9,hispanic,White,rarely,0,4
14.0,female,9,hispanic,,never,,do not watch
15.0,male,9,not,Black or African American,did not ride,,3
14.0,male,9,not,Black or African American,did not ride,did not drive,2
15.0,male,9,hispanic,Black or African American,rarely,0,
14.0,male,9,hispanic,,never,,1
15.0,male,9,hispanic,,never,0,4
15.0,male,9,not,Black or African American,rarely,,
14.0,male,9,hispanic,,did not ride,0,4
14.0,male,9,not,White,never,30,3
14.0,male,9,hispanic,,never,0,5+
15.0,male,9,,,rarely,did not drive,2
15.0,male,9,hispanic,American Indian or Alaska Native,never,did not drive,<1
15.0,male,9,hispanic,,never,0,1
15.0,male,9,hispanic,,never,1-2,2
14.0,female,9,hispanic,,never,0,<1
15.0,female,9,hispanic,,never,did not drive,2
15.0,female,9,hispanic,,never,did not drive,5+
14.0,female,9,hispanic,American Indian or Alaska Native,rarely,0,5+
15.0,female,9,hispanic,,did not ride,did not drive,3
15.0,female,9,hispanic,,did not ride,0,3
15.0,female,9,hispanic,,never,10-19,3
16.0,female,9,hispanic,,never,0,3
14.0,female,9,hispanic,American Indian or Alaska Native,never,did not drive,1
15.0,female,9,hispanic,,never,0,2
14.0,female,9,hispanic,,did not ride,did not drive,1
15.0,female,9,hispanic,,never,did not drive,2
15.0,male,9,not,White,did not ride,0,2
16.0,male,9,not,Native Hawaiian or Other Pacific Islander,did not ride,,5+
15.0,male,9,hispanic,,,,1
15.0,male,9,hispanic,,never,0,3
15.0,male,9,hispanic,,never,did not drive,2
14.0,male,9,hispanic,,never,did not drive,2
14.0,male,9,,,did not ride,0,<1
16.0,male,9,hispanic,,never,did not drive,2
15.0,male,9,hispanic,,sometimes,did not drive,4
16.0,male,9,not,,rarely,,do not watch
14.0,male,9,hispanic,,never,0,3
14.0,male,9,hispanic,,never,did not drive,1
15.0,male,9,hispanic,,never,did not drive,5+
14.0,male,9,hispanic,,,did not drive,2
15.0,male,9,hispanic,,never,did not drive,<1
15.0,male,9,hispanic,,,0,<1
15.0,male,9,hispanic,,did not ride,did not drive,<1
14.0,male,9,not,Black or African American,never,0,2
16.0,male,11,hispanic,,never,0,
17.0,male,11,hispanic,,never,0,2
16.0,male,11,hispanic,White,never,did not drive,
16.0,male,11,hispanic,,never,0,1
16.0,male,11,hispanic,,never,did not drive,
17.0,male,11,hispanic,,did not ride,0,
16.0,male,11,not,Asian,never,did not drive,3
17.0,male,11,hispanic,,never,did not drive,
17.0,male,11,not,,most of time,did not drive,2
17.0,female,11,hispanic,White,never,did not drive,3
16.0,female,11,hispanic,White,never,0,
17.0,female,11,,,never,1-2,3
17.0,female,11,hispanic,,did not ride,0,
16.0,female,11,hispanic,American Indian or Alaska Native,did not ride,,2
16.0,female,11,hispanic,White,did not ride,did not drive,
16.0,female,11,hispanic,,did not ride,0,
16.0,female,11,hispanic,,did not ride,did not drive,
16.0,female,11,hispanic,American Indian or Alaska Native,did not ride,10-19,do not watch
17.0,female,11,hispanic,,did not ride,0,
17.0,female,11,hispanic,,never,did not drive,
17.0,female,11,hispanic,,never,did not drive,do not watch
17.0,female,11,hispanic,,never,0,2
17.0,female,11,hispanic,,never,0,<1
17.0,female,11,hispanic,American Indian or Alaska Native,never,did not drive,<1
17.0,female,11,hispanic,,never,0,<1
17.0,female,11,hispanic,,did not ride,did not drive,4
16.0,female,11,not,White,never,0,2
17.0,female,11,hispanic,,never,0,do not watch
17.0,female,11,hispanic,,rarely,0,do not watch
16.0,female,11,hispanic,,never,0,<1
17.0,female,12,hispanic,,did not ride,0,1
17.0,female,11,hispanic,,did not ride,0,do not watch
16.0,female,11,hispanic,,never,6-9,
16.0,female,10,hispanic,,did not ride,did not drive,
16.0,female,10,hispanic,,never,did not drive,3
15.0,female,10,not,,did not ride,0,1
16.0,female,10,hispanic,White,never,did not drive,5+
16.0,female,10,hispanic,,never,0,4
15.0,female,10,hispanic,,never,0,3
16.0,female,10,hispanic,,did not ride,,3
15.0,female,10,hispanic,,never,did not drive,<1
17.0,female,10,hispanic,,did not ride,,3
16.0,female,10,hispanic,,never,did not drive,<1
16.0,female,10,hispanic,,never,did not drive,1
15.0,female,10,hispanic,,never,did not drive,1
15.0,female,10,hispanic,,never,,3
15.0,female,10,hispanic,,did not ride,,<1
15.0,female,10,hispanic,,never,did not drive,4
15.0,female,10,hispanic,,never,,3
17.0,male,10,hispanic,,never,6-9,2
16.0,male,10,hispanic,,never,,3
15.0,male,10,hispanic,,did not ride,did not drive,<1
15.0,male,10,hispanic,Native Hawaiian or Other Pacific Islander,rarely,did not drive,1
16.0,male,10,hispanic,,never,1-2,<1
16.0,male,10,hispanic,,never,0,do not watch
16.0,male,10,hispanic,,never,did not drive,2
15.0,male,10,hispanic,,rarely,0,2
16.0,male,10,hispanic,,did not ride,,5+
16.0,male,10,hispanic,,never,0,3
15.0,male,10,not,White,never,0,4
16.0,male,10,hispanic,,did not ride,0,<1
15.0,male,10,hispanic,,never,20-29,2
16.0,male,10,hispanic,,never,0,2
16.0,male,11,hispanic,,never,did not drive,
17.0,female,12,hispanic,,never,1-2,2
18.0,female,12,hispanic,Black or African American,never,1-2,5+
17.0,female,11,hispanic,,never,did not drive,<1
17.0,female,12,hispanic,,did not ride,0,1
17.0,female,12,hispanic,,did not ride,did not drive,do not watch
17.0,male,12,hispanic,,did not ride,1-2,4
18.0,male,12,hispanic,,did not ride,1-2,2
18.0,male,12,hispanic,,never,0,5+
17.0,male,12,not,Asian,rarely,0,1
17.0,male,12,not,Black or African American,rarely,,4
18.0,male,12,hispanic,,never,0,
18.0,male,12,hispanic,American Indian or Alaska Native,did not ride,0,do not watch
18.0,male,12,hispanic,,never,3-5,1
18.0,male,12,hispanic,,,3-5,1
18.0,male,12,hispanic,,did not ride,0,<1
17.0,male,12,hispanic,,never,0,3
17.0,male,12,hispanic,,never,0,4
18.0,male,12,hispanic,,never,3-5,2
18.0,male,12,hispanic,American Indian or Alaska Native,never,6-9,3
17.0,female,11,hispanic,,never,0,4
17.0,female,11,hispanic,,did not ride,did not drive,do not watch
17.0,female,11,hispanic,,never,0,3
17.0,female,11,hispanic,,did not ride,did not drive,5+
16.0,female,11,hispanic,American Indian or Alaska Native,rarely,did not drive,1
18.0,female,11,hispanic,,never,did not drive,5+
16.0,female,11,hispanic,White,rarely,did not drive,5+
17.0,female,11,hispanic,,rarely,0,<1
16.0,female,11,not,Black or African American,never,0,1
17.0,female,11,hispanic,,never,1-2,2
17.0,female,11,hispanic,,never,did not drive,do not watch
17.0,male,11,hispanic,Native Hawaiian or Other Pacific Islander,sometimes,1-2,<1
17.0,male,11,hispanic,,never,0,3
17.0,male,11,hispanic,,never,0,2
17.0,male,11,hispanic,,never,did not drive,2
16.0,male,11,hispanic,,never,10-19,2
16.0,male,11,hispanic,,did not ride,did not drive,do not watch
16.0,male,11,not,Black or African American,,30,do not watch
16.0,male,11,hispanic,,most of time,0,3
18.0,male,11,hispanic,,never,0,2
16.0,male,11,hispanic,American Indian or Alaska Native,never,did not drive,<1
16.0,male,11,hispanic,,never,0,2
16.0,male,11,hispanic,,never,0,<1
17.0,male,11,hispanic,,did not ride,did not drive,1
17.0,male,11,hispanic,American Indian or Alaska Native,never,,do not watch
16.0,male,11,not,Asian,never,0,<1
16.0,female,10,hispanic,,did not ride,did not drive,
15.0,female,10,hispanic,White,never,did not drive,
16.0,female,10,hispanic,White,rarely,did not drive,
15.0,female,10,hispanic,,did not ride,did not drive,
15.0,female,10,hispanic,White,did not ride,did not drive,do not watch
16.0,female,10,hispanic,White,never,0,3
16.0,female,10,not,Black or African American,never,0,4
15.0,female,10,hispanic,,did not ride,did not drive,<1
15.0,female,10,hispanic,,never,0,1
15.0,female,10,hispanic,,never,did not drive,5+
15.0,female,10,hispanic,,did not ride,,4
15.0,female,10,hispanic,,rarely,did not drive,3
16.0,female,10,hispanic,,never,did not drive,<1
16.0,female,10,hispanic,,never,0,2
15.0,female,10,hispanic,,never,,2
15.0,male,10,hispanic,,never,0,<1
16.0,male,10,hispanic,White,rarely,did not drive,
15.0,male,10,hispanic,,rarely,did not drive,do not watch
16.0,male,10,hispanic,,sometimes,0,1
16.0,male,10,not,White,did not ride,did not drive,1
15.0,male,10,hispanic,,did not ride,did not drive,5+
16.0,male,10,hispanic,American Indian or Alaska Native,never,0,<1
16.0,male,10,hispanic,,never,0,do not watch
16.0,male,10,hispanic,,never,0,3
16.0,male,10,hispanic,,never,did not drive,3
16.0,male,10,hispanic,,never,did not drive,5+
16.0,male,10,not,,never,,do not watch
14.0,male,9,not,White,never,0,5+
14.0,male,9,hispanic,,never,did not drive,2
15.0,male,9,not,,never,did not drive,1
15.0,male,9,not,White,never,,1
15.0,male,9,not,White,sometimes,0,3
14.0,male,9,not,White,never,did not drive,1
14.0,male,9,not,White,rarely,did not drive,1
14.0,male,9,not,White,most of time,did not drive,1
15.0,female,9,not,White,,0,1
15.0,female,9,not,White,rarely,did not drive,2
15.0,female,10,not,White,did not ride,0,do not watch
14.0,female,9,hispanic,White,did not ride,did not drive,3
15.0,female,9,not,White,never,did not drive,3
15.0,female,9,not,White,never,did not drive,2
15.0,female,9,not,White,never,did not drive,2
15.0,female,9,not,White,did not ride,did not drive,1
14.0,female,9,hispanic,White,did not ride,did not drive,do not watch
15.0,female,9,hispanic,Black or African American,never,did not drive,1
14.0,female,9,not,,never,did not drive,do not watch
15.0,female,9,not,White,did not ride,did not drive,do not watch
15.0,female,9,not,,sometimes,did not drive,<1
15.0,female,9,not,White,did not ride,did not drive,3
14.0,female,9,not,White,never,did not drive,1
18.0,male,11,hispanic,,did not ride,0,5+
17.0,male,11,not,White,rarely,0,2
17.0,male,11,not,Black or African American,never,0,<1
16.0,male,11,not,White,always,0,1
17.0,male,11,hispanic,Native Hawaiian or Other Pacific Islander,never,6-9,<1
17.0,male,11,not,White,never,1-2,3
17.0,male,11,not,White,never,did not drive,2
16.0,male,11,hispanic,,did not ride,did not drive,<1
17.0,male,11,hispanic,,did not ride,0,do not watch
17.0,male,11,not,White,did not ride,3-5,2
16.0,male,11,not,White,never,0,<1
16.0,female,11,not,Asian,never,1-2,<1
17.0,female,11,not,White,always,0,do not watch
16.0,female,11,not,White,always,0,do not watch
17.0,female,11,not,White,never,10-19,3
16.0,female,11,not,White,did not ride,0,3
17.0,female,11,not,White,sometimes,3-5,1
17.0,female,11,hispanic,,always,did not drive,5+
16.0,female,11,not,White,never,0,<1
17.0,female,11,not,White,never,0,do not watch
16.0,female,11,hispanic,White,never,6-9,<1
16.0,female,11,not,Asian,never,3-5,<1
17.0,female,11,not,White,rarely,0,4
17.0,female,11,hispanic,White,never,3-5,3
17.0,female,11,hispanic,White,,3-5,1
18.0,female,12,not,White,never,1-2,<1
16.0,female,11,not,White,did not ride,did not drive,2
17.0,male,12,not,White,never,3-5,<1
18.0,male,12,not,Asian,never,0,<1
18.0,male,12,not,White,never,1-2,1
18.0,male,12,not,White,never,0,3
18.0,male,12,not,White,never,20-29,2
17.0,male,12,not,White,did not ride,30,2
18.0,male,12,not,White,never,did not drive,1
17.0,male,12,not,White,never,30,2
18.0,male,12,not,White,never,0,3
17.0,male,12,not,White,never,10-19,<1
17.0,male,12,not,White,did not ride,10-19,1
17.0,male,12,hispanic,White,never,did not drive,1
17.0,male,12,not,Asian,never,0,3
18.0,female,12,not,White,did not ride,30,4
18.0,female,12,hispanic,White,did not ride,30,do not watch
17.0,female,12,not,White,never,0,2
17.0,female,12,not,White,never,30,1
18.0,female,12,hispanic,,did not ride,did not drive,2
18.0,female,12,not,,never,30,<1
18.0,female,12,hispanic,,never,0,do not watch
18.0,female,12,not,White,did not ride,20-29,<1
17.0,female,12,not,White,never,10-19,2
17.0,female,12,hispanic,,did not ride,0,5+
18.0,female,12,not,White,never,0,3
17.0,female,12,not,,did not ride,6-9,1
18.0,female,12,not,,did not ride,0,3
18.0,female,12,hispanic,,never,did not drive,2
17.0,female,12,not,White,never,3-5,3
18.0,female,12,not,White,never,6-9,1
17.0,female,12,not,White,did not ride,30,<1
17.0,female,12,hispanic,,never,did not drive,3
17.0,male,12,hispanic,White,did not ride,10-19,3
18.0,female,12,not,,never,,do not watch
18.0,male,12,not,White,never,0,5+
16.0,male,10,not,White,never,0,4
16.0,male,10,not,Black or African American,never,0,4
16.0,male,10,not,White,never,0,2
16.0,male,10,not,White,never,1-2,do not watch
16.0,male,10,not,White,never,0,2
15.0,male,10,not,,always,0,<1
16.0,male,10,not,White,always,did not drive,2
16.0,female,10,hispanic,,never,did not drive,do not watch
15.0,female,10,hispanic,,did not ride,did not drive,1
16.0,female,10,not,White,did not ride,0,1
16.0,female,10,not,American Indian or Alaska Native,rarely,0,do not watch
15.0,female,10,not,White,never,0,1
15.0,female,10,not,White,never,1-2,3
15.0,female,10,hispanic,Asian,did not ride,did not drive,2
15.0,female,10,not,White,rarely,0,2
15.0,female,10,not,White,never,0,<1
15.0,female,10,hispanic,,did not ride,did not drive,5+
15.0,female,10,hispanic,White,always,0,do not watch
16.0,female,10,not,Asian,did not ride,0,1
16.0,female,10,hispanic,White,did not ride,,do not watch
16.0,female,10,not,White,most of time,did not drive,<1
15.0,female,10,not,,never,0,3
17.0,female,11,hispanic,White,did not ride,0,2
16.0,female,10,not,White,rarely,0,do not watch
16.0,female,10,not,White,never,0,<1
16.0,female,10,not,White,never,0,<1
16.0,female,10,not,White,never,20-29,3
15.0,female,10,not,White,most of time,did not drive,2
16.0,female,10,not,White,never,did not drive,1
15.0,female,10,not,,never,0,<1
15.0,female,10,not,White,never,1-2,4
16.0,female,10,not,White,never,30,do not watch
17.0,female,12,not,White,did not ride,6-9,<1
17.0,female,11,not,Asian,never,3-5,do not watch
18.0,female,12,not,White,did not ride,0,do not watch
16.0,female,12,not,,never,0,do not watch
17.0,female,11,not,Black or African American,did not ride,did not drive,<1
16.0,female,11,not,Black or African American,did not ride,0,do not watch
17.0,female,12,,White,did not ride,did not drive,do not watch
17.0,female,11,not,White,rarely,3-5,do not watch
18.0,female,12,not,Black or African American,never,0,<1
17.0,male,12,not,White,did not ride,1-2,2
17.0,male,11,not,White,did not ride,0,do not watch
17.0,male,12,not,Asian,did not ride,0,do not watch
18.0,male,12,not,Black or African American,never,0,2
17.0,male,11,not,White,most of time,did not drive,do not watch
16.0,male,11,not,Asian,did not ride,0,do not watch
17.0,male,12,not,White,did not ride,did not drive,do not watch
18.0,male,12,not,Black or African American,did not ride,0,do not watch
17.0,male,11,not,Asian,did not ride,did not drive,do not watch
17.0,male,11,not,White,did not ride,did not drive,do not watch
17.0,male,11,not,White,never,1-2,do not watch
17.0,male,11,not,White,most of time,20-29,<1
16.0,male,11,not,White,never,1-2,do not watch
16.0,male,11,hispanic,Native Hawaiian or Other Pacific Islander,never,30,2
18.0,male,12,not,Black or African American,never,1-2,do not watch
16.0,male,11,not,White,most of time,0,do not watch
18.0,male,11,not,Asian,rarely,0,1
18.0,female,12,not,White,did not ride,0,do not watch
17.0,female,11,not,White,never,did not drive,do not watch
17.0,female,11,not,Black or African American,never,3-5,3
17.0,female,11,not,White,never,0,<1
16.0,female,11,not,White,never,3-5,3
17.0,female,11,not,Asian,never,0,do not watch
18.0,female,12,not,White,did not ride,,1
17.0,female,12,not,Asian,never,0,do not watch
18.0,female,12,not,White,rarely,30,2
17.0,female,12,hispanic,White,did not ride,0,do not watch
17.0,female,12,not,White,never,10-19,do not watch
18.0,female,12,not,White,never,0,1
17.0,male,12,not,White,did not ride,0,<1
18.0,male,12,not,White,never,6-9,3
17.0,male,12,not,White,never,0,do not watch
18.0,male,12,not,White,did not ride,10-19,do not watch
14.0,female,9,hispanic,,did not ride,did not drive,do not watch
15.0,female,9,hispanic,,never,0,4
15.0,female,9,hispanic,,did not ride,0,2
15.0,male,9,hispanic,,never,did not drive,2
13.0,male,9,hispanic,,never,did not drive,5+
15.0,male,9,,Black or African American,did not ride,did not drive,4
15.0,male,9,hispanic,,never,did not drive,4
15.0,male,9,hispanic,Black or African American,rarely,did not drive,1
14.0,male,9,hispanic,,never,did not drive,<1
15.0,male,9,hispanic,,never,did not drive,3
14.0,male,9,hispanic,,never,0,<1
14.0,male,9,hispanic,,never,1-2,3
15.0,male,9,hispanic,,never,did not drive,2
15.0,male,9,hispanic,,never,did not drive,
15.0,female,9,hispanic,,never,0,1
17.0,female,11,hispanic,,did not ride,1-2,3
16.0,female,11,hispanic,,never,did not drive,5+
17.0,female,11,hispanic,Asian,did not ride,0,<1
16.0,female,11,hispanic,,did not ride,0,2
17.0,female,11,hispanic,,did not ride,1-2,<1
16.0,female,11,hispanic,American Indian or Alaska Native,did not ride,did not drive,2
17.0,male,11,hispanic,American Indian or Alaska Native,never,did not drive,do not watch
16.0,male,11,hispanic,,never,0,2
16.0,male,11,not,Black or African American,did not ride,did not drive,do not watch
17.0,male,11,not,Asian,never,,1
16.0,male,11,hispanic,,never,,3
16.0,male,11,hispanic,,never,0,3
17.0,male,11,hispanic,American Indian or Alaska Native,did not ride,did not drive,1
17.0,male,11,,,never,0,do not watch
16.0,male,11,hispanic,American Indian or Alaska Native,did not ride,did not drive,4
16.0,male,11,hispanic,Black or African American,never,6-9,
17.0,male,11,not,Black or African American,never,did not drive,3
16.0,male,11,hispanic,,never,1-2,2
17.0,male,11,not,,rarely,did not drive,3
17.0,male,11,not,Black or African American,did not ride,did not drive,5+
16.0,male,11,hispanic,Black or African American,never,0,4
16.0,male,11,hispanic,,did not ride,did not drive,
16.0,male,11,not,Native Hawaiian or Other Pacific Islander,never,0,
16.0,male,11,not,Black or African American,never,did not drive,
16.0,male,11,not,Black or African American,never,0,
18.0,male,12,not,Black or African American,did not ride,0,
17.0,male,12,hispanic,,rarely,did not drive,3
17.0,male,12,not,Black or African American,never,0,5+
17.0,male,12,hispanic,,did not ride,did not drive,do not watch
18.0,male,12,not,Black or African American,did not ride,0,2
17.0,male,12,not,,did not ride,did not drive,<1
17.0,male,12,hispanic,White,did not ride,0,3
17.0,female,12,hispanic,,never,did not drive,1
18.0,male,12,not,Black or African American,sometimes,0,<1
17.0,female,12,hispanic,,never,,2
18.0,female,12,hispanic,,rarely,did not drive,1
18.0,male,12,hispanic,,never,did not drive,1
17.0,male,12,not,Black or African American,never,0,<1
17.0,female,12,hispanic,,never,did not drive,1
17.0,male,12,hispanic,,did not ride,did not drive,2
17.0,female,12,hispanic,,never,did not drive,2
17.0,male,12,hispanic,White,did not ride,did not drive,2
17.0,female,12,not,,did not ride,did not drive,5+
18.0,male,12,hispanic,Black or African American,rarely,0,5+
17.0,male,12,not,Black or African American,did not ride,did not drive,3
17.0,male,12,hispanic,White,never,did not drive,do not watch
18.0,female,12,not,Black or African American,did not ride,did not drive,2
18.0,female,12,hispanic,Black or African American,never,did not drive,2
18.0,female,12,hispanic,White,rarely,did not drive,2
16.0,female,12,hispanic,White,did not ride,did not drive,2
18.0,male,12,not,Black or African American,never,0,4
17.0,male,12,hispanic,,did not ride,,<1
17.0,male,12,hispanic,Black or African American,never,,4
17.0,male,12,hispanic,Native Hawaiian or Other Pacific Islander,did not ride,0,2
17.0,male,12,not,Black or African American,did not ride,did not drive,3
18.0,male,12,not,Black or African American,never,did not drive,5+
17.0,male,12,not,Black or African American,never,,4
17.0,male,12,not,Black or African American,sometimes,did not drive,3
17.0,male,12,hispanic,,sometimes,0,2
18.0,male,12,not,Black or African American,never,did not drive,5+
18.0,male,12,hispanic,,did not ride,0,
17.0,male,12,hispanic,White,never,did not drive,5+
18.0,male,12,not,Black or African American,did not ride,did not drive,4
17.0,male,12,hispanic,White,did not ride,0,1
17.0,male,12,hispanic,,never,did not drive,3
17.0,male,12,hispanic,,did not ride,0,1
17.0,male,12,hispanic,,never,0,2
17.0,male,12,hispanic,American Indian or Alaska Native,never,did not drive,<1
17.0,male,12,not,Black or African American,never,0,5+
18.0,male,12,not,Black or African American,never,did not drive,do not watch
18.0,male,12,hispanic,,did not ride,did not drive,5+
17.0,female,12,hispanic,,never,0,<1
18.0,female,12,not,Black or African American,did not ride,,do not watch
17.0,female,12,hispanic,,did not ride,did not drive,3
17.0,female,12,hispanic,,did not ride,did not drive,do not watch
18.0,female,12,hispanic,,,,do not watch
18.0,female,12,not,Black or African American,did not ride,,5+
18.0,female,12,hispanic,,did not ride,0,2
18.0,female,12,hispanic,Native Hawaiian or Other Pacific Islander,never,0,2
18.0,female,12,hispanic,,never,,<1
17.0,female,12,hispanic,Native Hawaiian or Other Pacific Islander,did not ride,did not drive,<1
18.0,female,12,not,,did not ride,did not drive,1
17.0,female,11,not,Black or African American,never,did not drive,do not watch
18.0,male,11,hispanic,Native Hawaiian or Other Pacific Islander,never,0,5+
18.0,male,12,hispanic,White,did not ride,did not drive,2
17.0,male,12,hispanic,,never,did not drive,2
18.0,male,12,hispanic,,did not ride,0,5+
18.0,male,12,not,Black or African American,never,20-29,<1
17.0,male,11,hispanic,,rarely,did not drive,2
17.0,male,11,hispanic,Native Hawaiian or Other Pacific Islander,never,0,2
16.0,male,11,hispanic,,did not ride,did not drive,2
16.0,male,11,hispanic,White,did not ride,1-2,4
16.0,male,11,hispanic,,never,did not drive,3
16.0,male,10,not,,never,0,1
17.0,male,12,hispanic,,never,1-2,2
16.0,male,11,not,Black or African American,never,did not drive,5+
16.0,male,10,not,Black or African American,did not ride,did not drive,5+
17.0,male,11,hispanic,White,never,,2
18.0,male,12,not,Black or African American,never,,3
15.0,female,10,not,Black or African American,did not ride,did not drive,3
18.0,female,12,hispanic,American Indian or Alaska Native,did not ride,did not drive,3
17.0,female,11,not,Black or African American,never,0,3
16.0,female,11,hispanic,White,never,did not drive,1
18.0,female,12,hispanic,,did not ride,did not drive,4
17.0,female,11,not,Black or African American,did not ride,did not drive,3
17.0,female,11,hispanic,White,did not ride,did not drive,2
17.0,female,11,hispanic,,,did not drive,<1
17.0,female,11,hispanic,,did not ride,did not drive,do not watch
17.0,male,11,hispanic,,never,did not drive,3
16.0,male,11,not,Black or African American,never,,do not watch
17.0,female,11,hispanic,,never,0,2
18.0,male,12,not,Black or African American,never,10-19,3
18.0,male,12,hispanic,Black or African American,did not ride,,5+
18.0,male,12,hispanic,,never,0,4
17.0,male,11,hispanic,Asian,sometimes,0,do not watch
16.0,male,11,hispanic,,never,did not drive,3
17.0,male,11,hispanic,,never,,3
17.0,male,11,hispanic,,did not ride,did not drive,2
17.0,male,12,hispanic,,never,0,<1
18.0,male,11,not,Native Hawaiian or Other Pacific Islander,never,did not drive,4
16.0,male,11,hispanic,White,rarely,1-2,4
17.0,male,11,hispanic,Native Hawaiian or Other Pacific Islander,never,did not drive,1
18.0,male,11,hispanic,,never,did not drive,5+
16.0,male,11,hispanic,,rarely,0,
16.0,male,11,hispanic,,never,0,<1
16.0,male,11,hispanic,White,did not ride,did not drive,do not watch
17.0,female,11,not,Black or African American,never,did not drive,3
17.0,female,11,not,Black or African American,did not ride,did not drive,3
16.0,male,11,hispanic,White,never,30,5+
16.0,female,11,not,Black or African American,sometimes,,1
18.0,male,11,not,Black or African American,never,did not drive,4
17.0,male,11,hispanic,Native Hawaiian or Other Pacific Islander,did not ride,did not drive,2
16.0,male,10,not,Black or African American,,did not drive,5+
17.0,male,11,hispanic,Black or African American,never,0,5+
15.0,male,11,hispanic,White,never,did not drive,4
17.0,male,11,hispanic,,never,0,4
17.0,male,11,hispanic,,never,did not drive,3
17.0,male,11,not,Black or African American,did not ride,did not drive,2
16.0,male,11,not,White,never,,
17.0,female,,,,,0,3
16.0,female,11,hispanic,Native Hawaiian or Other Pacific Islander,did not ride,did not drive,4
17.0,female,12,hispanic,,did not ride,did not drive,3
17.0,female,11,hispanic,White,did not ride,did not drive,<1
16.0,female,11,hispanic,,did not ride,did not drive,do not watch
17.0,female,11,not,Black or African American,never,did not drive,2
17.0,female,11,hispanic,,rarely,did not drive,2
18.0,female,11,hispanic,White,did not ride,0,5+
17.0,female,11,hispanic,,,did not drive,5+
,male,,,,,did not drive,5+
14.0,male,9,not,Black or African American,did not ride,did not drive,5+
15.0,male,9,hispanic,White,rarely,,1
14.0,female,9,not,Black or African American,never,did not drive,
16.0,female,9,not,Black or African American,did not ride,0,2
15.0,male,9,not,Black or African American,never,30,2
14.0,male,9,hispanic,,never,,1
14.0,male,,hispanic,American Indian or Alaska Native,never,did not drive,2
14.0,male,9,hispanic,,never,1-2,2
14.0,male,9,not,Black or African American,never,0,
14.0,male,9,not,,never,did not drive,3
15.0,male,9,not,Black or African American,never,0,5+
16.0,female,9,not,American Indian or Alaska Native,never,did not drive,do not watch
14.0,female,9,not,Asian,never,did not drive,5+
14.0,female,9,not,American Indian or Alaska Native,did not ride,did not drive,5+
17.0,female,9,hispanic,,never,did not drive,2
14.0,male,9,hispanic,,never,0,5+
16.0,male,9,,Black or African American,never,did not drive,<1
15.0,female,9,not,Black or African American,never,did not drive,2
14.0,female,9,hispanic,,never,0,
14.0,female,9,hispanic,,rarely,0,2
17.0,male,11,not,White,did not ride,0,4
16.0,male,11,not,,never,20-29,2
17.0,male,11,not,,never,0,3
16.0,male,11,not,Black or African American,rarely,did not drive,1
17.0,male,11,hispanic,White,never,0,1
17.0,male,11,not,White,never,10-19,2
17.0,male,11,hispanic,Asian,never,0,do not watch
16.0,female,11,not,White,never,did not drive,do not watch
17.0,female,11,not,White,did not ride,0,3
17.0,female,11,hispanic,White,never,,<1
17.0,female,11,not,White,never,6-9,<1
16.0,female,11,not,White,did not ride,0,1
17.0,female,11,not,White,never,3-5,<1
16.0,female,11,hispanic,White,did not ride,0,2
17.0,female,11,not,Black or African American,did not ride,0,5+
17.0,female,11,not,White,never,10-19,3
17.0,female,11,hispanic,White,never,0,3
17.0,female,11,hispanic,,never,did not drive,<1
17.0,female,11,not,,always,0,2
16.0,female,10,hispanic,White,never,,do not watch
16.0,female,10,not,Black or African American,never,did not drive,4
16.0,female,10,not,White,rarely,did not drive,4
15.0,female,10,hispanic,White,did not ride,did not drive,4
16.0,female,10,hispanic,White,never,1-2,4
15.0,male,10,not,White,never,did not drive,5+
15.0,male,10,hispanic,,rarely,1-2,5+
12.0,male,10,not,Black or African American,never,,3
15.0,male,10,not,White,never,0,do not watch
16.0,male,10,hispanic,Native Hawaiian or Other Pacific Islander,never,0,2
15.0,male,10,not,White,never,did not drive,3
16.0,male,10,not,White,never,0,5+
16.0,male,10,not,Black or African American,never,1-2,3
15.0,male,10,not,Black or African American,,1-2,3
17.0,male,10,not,White,never,did not drive,4
16.0,male,10,hispanic,Black or African American,never,did not drive,3
15.0,male,9,not,Black or African American,never,did not drive,2
15.0,male,9,not,,never,0,
17.0,male,11,not,White,never,0,3
15.0,male,9,not,White,never,0,5+
17.0,male,11,not,Black or African American,never,did not drive,5+
15.0,male,9,not,White,never,30,do not watch
15.0,male,9,not,White,never,did not drive,5+
12.0,male,12,not,American Indian or Alaska Native,never,30,5+
12.0,male,11,not,White,never,3-5,
15.0,male,9,not,White,never,did not drive,2
14.0,female,9,not,White,never,did not drive,2
15.0,female,9,not,White,never,30,<1
16.0,female,9,not,White,did not ride,0,2
15.0,female,9,hispanic,White,did not ride,0,do not watch
15.0,female,9,hispanic,White,did not ride,did not drive,
15.0,female,9,hispanic,Black or African American,did not ride,did not drive,5+
15.0,female,9,not,White,,0,5+
16.0,female,9,not,White,never,0,<1
15.0,female,9,not,Black or African American,never,1-2,5+
16.0,female,9,not,Black or African American,,0,
18.0,male,12,hispanic,White,never,6-9,do not watch
18.0,female,12,not,Black or African American,did not ride,did not drive,1
18.0,female,12,not,Black or African American,never,did not drive,5+
18.0,male,12,hispanic,,never,0,3
18.0,male,12,hispanic,White,never,,<1
18.0,female,12,,White,did not ride,6-9,1
18.0,female,12,not,White,did not ride,,1
17.0,female,12,hispanic,White,never,did not drive,3
18.0,female,12,not,White,never,6-9,2
18.0,female,12,not,Black or African American,did not ride,did not drive,3
16.0,female,10,not,Black or African American,never,did not drive,3
16.0,female,10,not,Black or African American,never,did not drive,4
15.0,female,10,not,Asian,never,did not drive,5+
16.0,female,10,not,Black or African American,never,did not drive,1
18.0,female,12,hispanic,,never,0,do not watch
16.0,male,10,hispanic,White,never,0,do not watch
18.0,male,12,hispanic,,never,1-2,1
18.0,male,12,hispanic,American Indian or Alaska Native,never,1-2,1
18.0,male,12,hispanic,,never,0,1
16.0,male,10,hispanic,,never,did not drive,<1
16.0,female,10,hispanic,,did not ride,did not drive,do not watch
17.0,female,11,not,,never,0,5+
17.0,female,11,hispanic,White,never,,1
16.0,female,10,hispanic,,never,0,2
18.0,female,12,hispanic,White,never,20-29,1
16.0,female,10,hispanic,,never,0,do not watch
18.0,female,12,not,Black or African American,never,30,4
12.0,female,9,not,,always,3-5,1
18.0,female,12,hispanic,White,never,1-2,<1
18.0,female,11,hispanic,,did not ride,0,do not watch
16.0,female,11,hispanic,,never,did not drive,3
18.0,male,12,hispanic,,did not ride,20-29,3
16.0,male,10,hispanic,American Indian or Alaska Native,never,0,2
18.0,male,12,hispanic,,did not ride,30,do not watch
17.0,male,11,not,White,never,0,3
16.0,male,11,hispanic,,did not ride,30,5+
18.0,male,12,hispanic,,never,did not drive,do not watch
18.0,male,12,hispanic,,never,did not drive,1
16.0,male,10,hispanic,,never,did not drive,4
17.0,male,11,hispanic,American Indian or Alaska Native,never,0,<1
17.0,male,11,hispanic,,did not ride,0,2
16.0,male,10,not,Black or African American,did not ride,0,4
17.0,male,other,hispanic,White,never,1-2,2
17.0,male,10,not,Black or African American,did not ride,0,5+
17.0,male,10,not,,did not ride,0,3
17.0,male,11,hispanic,,never,0,<1
15.0,female,9,not,,never,0,<1
15.0,female,9,not,White,never,did not drive,<1
14.0,female,9,hispanic,,did not ride,did not drive,3
16.0,female,11,hispanic,,never,,do not watch
15.0,female,9,not,Black or African American,never,did not drive,1
14.0,female,9,not,Asian,never,did not drive,<1
14.0,female,9,not,White,sometimes,did not drive,1
16.0,female,10,hispanic,White,never,,1
16.0,female,10,hispanic,Native Hawaiian or Other Pacific Islander,never,0,3
15.0,female,9,hispanic,,never,0,3
15.0,female,9,hispanic,,did not ride,did not drive,do not watch
17.0,female,11,hispanic,,never,3-5,3
14.0,female,9,hispanic,American Indian or Alaska Native,did not ride,did not drive,1
15.0,female,9,hispanic,,did not ride,0,2
17.0,male,10,hispanic,,never,did not drive,5+
16.0,male,9,hispanic,,did not ride,did not drive,4
15.0,male,9,hispanic,,did not ride,did not drive,do not watch
15.0,male,9,hispanic,American Indian or Alaska Native,never,did not drive,1
15.0,male,9,hispanic,American Indian or Alaska Native,never,did not drive,2
18.0,male,12,not,,never,1-2,3
16.0,male,11,hispanic,Black or African American,never,0,2
15.0,male,9,hispanic,White,never,did not drive,3
17.0,male,11,not,Black or African American,never,0,do not watch
15.0,male,9,hispanic,,never,0,4
15.0,male,9,hispanic,,never,did not drive,1
15.0,male,9,not,,never,did not drive,2
17.0,male,11,not,White,never,0,<1
14.0,male,9,not,,never,did not drive,2
14.0,male,9,not,Black or African American,never,0,5+
17.0,female,11,hispanic,,never,0,1
16.0,female,11,hispanic,,never,0,3
17.0,female,11,hispanic,,never,did not drive,4
18.0,female,12,hispanic,White,did not ride,1-2,<1
16.0,female,11,hispanic,Asian,did not ride,0,2
17.0,female,11,not,White,never,3-5,do not watch
16.0,female,11,hispanic,,never,did not drive,<1
16.0,female,11,hispanic,Native Hawaiian or Other Pacific Islander,never,did not drive,2
17.0,female,11,not,Black or African American,never,did not drive,3
17.0,female,11,hispanic,,never,0,<1
17.0,female,11,hispanic,White,did not ride,did not drive,do not watch
17.0,female,11,not,,did not ride,0,do not watch
17.0,female,12,hispanic,White,never,0,3
17.0,female,11,not,White,never,1-2,2
15.0,female,10,not,White,never,0,do not watch
15.0,male,10,not,Asian,never,0,3
16.0,male,11,hispanic,,never,did not drive,3
16.0,male,11,hispanic,,did not ride,did not drive,5+
18.0,male,12,hispanic,,did not ride,30,do not watch
15.0,female,9,hispanic,,did not ride,did not drive,2
15.0,female,9,hispanic,American Indian or Alaska Native,did not ride,did not drive,4
14.0,female,9,hispanic,,never,did not drive,2
14.0,female,9,not,White,did not ride,did not drive,5+
14.0,female,9,hispanic,White,never,did not drive,2
14.0,female,9,hispanic,,did not ride,did not drive,<1
15.0,female,9,hispanic,,did not ride,0,2
15.0,female,9,hispanic,,never,0,3
14.0,female,9,hispanic,,never,0,<1
14.0,female,9,hispanic,,never,0,2
15.0,female,9,not,White,most of time,1-2,1
15.0,male,9,not,White,never,0,<1
15.0,male,9,not,White,never,did not drive,2
15.0,male,9,hispanic,,never,did not drive,1
15.0,male,9,not,,rarely,0,1
15.0,male,9,hispanic,American Indian or Alaska Native,rarely,did not drive,4
16.0,female,9,hispanic,,never,0,1
17.0,female,12,not,,sometimes,0,do not watch
17.0,female,12,hispanic,,did not ride,6-9,2
18.0,female,12,not,Asian,never,30,5+
17.0,female,12,not,White,always,1-2,2
17.0,female,12,not,Asian,never,30,1
17.0,female,12,hispanic,,never,did not drive,2
17.0,female,12,not,White,never,1-2,<1
17.0,female,12,not,White,never,6-9,1
17.0,female,12,not,Asian,did not ride,did not drive,do not watch
17.0,female,12,not,White,did not ride,3-5,2
17.0,female,12,hispanic,,never,10-19,4
17.0,female,12,hispanic,White,never,30,3
17.0,female,12,hispanic,,never,0,1
18.0,female,12,not,White,did not ride,30,do not watch
17.0,female,12,not,Asian,did not ride,did not drive,<1
17.0,female,12,not,Native Hawaiian or Other Pacific Islander,never,20-29,1
17.0,female,12,not,White,rarely,30,<1
18.0,female,12,hispanic,,did not ride,0,<1
18.0,female,12,hispanic,White,,1-2,3
17.0,male,12,not,White,never,0,2
17.0,male,12,not,Asian,never,30,1
18.0,male,12,not,Asian,never,did not drive,do not watch
18.0,male,12,not,Asian,did not ride,did not drive,do not watch
17.0,male,12,hispanic,,never,0,1
17.0,male,12,hispanic,White,did not ride,6-9,2
18.0,male,12,not,Asian,sometimes,6-9,5+
17.0,male,12,hispanic,White,did not ride,3-5,do not watch
17.0,male,12,not,White,did not ride,6-9,4
17.0,male,12,hispanic,,never,20-29,2
17.0,male,12,not,White,rarely,,<1
17.0,male,12,,,always,did not drive,do not watch
17.0,male,12,not,White,never,10-19,<1
18.0,male,12,hispanic,American Indian or Alaska Native,never,3-5,2
18.0,male,12,not,White,rarely,20-29,2
17.0,male,12,not,,did not ride,3-5,1
18.0,male,12,hispanic,,did not ride,6-9,<1
17.0,male,12,hispanic,,never,10-19,<1
17.0,male,12,hispanic,White,did not ride,0,3
17.0,female,11,hispanic,,always,did not drive,3
17.0,female,11,not,American Indian or Alaska Native,never,0,<1
16.0,female,11,hispanic,,did not ride,did not drive,2
16.0,female,11,not,White,did not ride,did not drive,<1
17.0,female,11,hispanic,Native Hawaiian or Other Pacific Islander,never,30,4
16.0,female,11,not,White,always,0,2
17.0,female,11,hispanic,White,always,,do not watch
16.0,female,11,not,White,never,,2
16.0,female,11,not,White,never,3-5,<1
16.0,female,11,not,White,rarely,1-2,<1
16.0,male,11,not,Asian,never,1-2,1
16.0,male,11,hispanic,,never,30,2
17.0,female,11,hispanic,Native Hawaiian or Other Pacific Islander,never,0,2
16.0,female,11,hispanic,Asian,never,30,2
16.0,female,11,not,White,rarely,0,<1
16.0,male,11,not,White,never,did not drive,4
17.0,male,11,hispanic,White,never,20-29,1
16.0,male,11,not,White,most of time,did not drive,3
16.0,male,11,not,Black or African American,never,,3
17.0,male,11,hispanic,White,did not ride,6-9,2
16.0,male,11,hispanic,,always,0,2
17.0,male,11,hispanic,,never,1-2,do not watch
17.0,male,11,not,White,never,30,3
17.0,male,11,hispanic,White,never,did not drive,1
17.0,male,11,hispanic,White,never,3-5,<1
17.0,male,11,not,,never,,do not watch
16.0,female,10,not,White,did not ride,,3
15.0,female,10,hispanic,White,never,0,5+
15.0,female,10,not,White,never,0,4
15.0,female,10,hispanic,White,never,0,2
15.0,female,10,hispanic,,never,did not drive,5+
16.0,female,11,hispanic,,always,1-2,4
15.0,female,10,not,Asian,never,did not drive,5+
17.0,female,11,hispanic,,,did not drive,1
15.0,female,10,not,White,rarely,did not drive,2
15.0,female,10,hispanic,White,never,0,<1
14.0,female,10,not,Black or African American,rarely,did not drive,3
17.0,male,12,hispanic,,rarely,0,3
16.0,male,10,not,White,never,did not drive,3
16.0,female,10,hispanic,,never,0,2
15.0,female,10,hispanic,,never,did not drive,4
15.0,female,10,not,White,sometimes,did not drive,4
16.0,male,10,hispanic,,never,did not drive,4
16.0,male,10,hispanic,,never,0,<1
15.0,male,10,hispanic,,never,1-2,2
15.0,male,10,not,White,never,did not drive,<1
16.0,male,10,hispanic,,never,did not drive,5+
15.0,male,10,hispanic,American Indian or Alaska Native,never,did not drive,4
15.0,male,10,not,,never,0,do not watch
16.0,male,10,hispanic,,never,3-5,1
16.0,male,10,hispanic,White,most of time,did not drive,2
16.0,male,10,hispanic,,never,6-9,2
16.0,male,10,not,White,most of time,3-5,2
16.0,male,10,not,Asian,,0,<1
15.0,male,10,not,White,never,0,3
15.0,male,10,not,Asian,most of time,did not drive,2
15.0,male,10,hispanic,White,never,did not drive,3
15.0,male,10,not,Black or African American,rarely,0,1
14.0,male,10,not,Asian,most of time,did not drive,<1
15.0,male,10,hispanic,White,never,did not drive,3
16.0,male,10,not,Asian,never,0,2
15.0,male,10,hispanic,White,never,0,<1
16.0,male,10,hispanic,,did not ride,0,do not watch
14.0,male,9,not,Native Hawaiian or Other Pacific Islander,never,did not drive,2
14.0,male,9,not,White,did not ride,did not drive,3
14.0,male,9,hispanic,White,never,did not drive,3
15.0,male,9,not,White,never,0,4
15.0,male,9,not,White,always,0,
15.0,male,9,hispanic,,never,0,1
15.0,male,9,hispanic,,most of time,,3
14.0,male,9,not,White,did not ride,did not drive,
14.0,male,9,hispanic,,never,did not drive,2
14.0,male,9,not,Native Hawaiian or Other Pacific Islander,never,0,1
14.0,male,9,hispanic,,did not ride,did not drive,do not watch
15.0,male,9,not,Native Hawaiian or Other Pacific Islander,sometimes,did not drive,2
14.0,male,9,not,Asian,never,did not drive,2
14.0,male,9,not,Asian,did not ride,did not drive,do not watch
15.0,female,9,not,American Indian or Alaska Native,never,0,1
15.0,female,10,hispanic,White,never,did not drive,<1
14.0,female,9,hispanic,,rarely,0,5+
14.0,female,9,not,Asian,sometimes,did not drive,<1
14.0,female,9,hispanic,White,never,did not drive,<1
14.0,female,9,hispanic,,did not ride,0,2
14.0,female,9,not,,never,did not drive,5+
15.0,female,9,hispanic,White,never,did not drive,1
14.0,female,9,not,White,rarely,did not drive,<1
14.0,female,9,hispanic,,never,did not drive,5+
14.0,female,9,not,,did not ride,did not drive,5+
14.0,female,9,not,,did not ride,did not drive,<1
14.0,female,9,not,,did not ride,did not drive,<1
18.0,female,11,hispanic,,never,,do not watch
18.0,female,12,not,White,never,10-19,<1
17.0,female,12,not,White,never,0,4
18.0,female,11,hispanic,American Indian or Alaska Native,did not ride,1-2,5+
18.0,female,12,hispanic,,did not ride,1-2,3
18.0,female,11,hispanic,White,rarely,0,do not watch
18.0,female,12,not,,did not ride,did not drive,3
18.0,female,12,not,Black or African American,did not ride,1-2,do not watch
18.0,female,11,hispanic,,never,did not drive,2
18.0,female,12,not,White,never,0,5+
18.0,female,12,hispanic,American Indian or Alaska Native,did not ride,1-2,3
17.0,female,11,not,Black or African American,did not ride,30,5+
18.0,female,12,hispanic,,rarely,did not drive,<1
18.0,male,12,not,White,never,did not drive,1
18.0,male,11,not,Black or African American,never,did not drive,1
18.0,male,11,hispanic,,did not ride,0,2
15.0,male,11,not,Black or African American,rarely,6-9,2
18.0,male,12,hispanic,White,never,20-29,2
18.0,male,12,hispanic,White,never,0,do not watch
18.0,female,12,hispanic,,did not ride,,1
18.0,female,12,hispanic,White,never,did not drive,<1
18.0,female,12,not,Black or African American,never,did not drive,2
18.0,female,12,not,White,did not ride,30,5+
18.0,female,12,not,White,did not ride,0,do not watch
18.0,female,12,hispanic,Black or African American,did not ride,1-2,<1
18.0,female,12,hispanic,,most of time,3-5,1
18.0,male,12,hispanic,,did not ride,30,<1
18.0,male,12,hispanic,,never,did not drive,3
18.0,male,12,hispanic,White,never,,4
18.0,male,11,hispanic,White,never,did not drive,do not watch
18.0,male,12,hispanic,,never,30,2
18.0,male,12,not,Asian,never,30,<1
18.0,male,12,not,Black or African American,never,did not drive,5+
18.0,male,12,not,,never,0,2
18.0,male,12,hispanic,,never,did not drive,5+
18.0,male,11,not,White,never,30,5+
18.0,male,12,hispanic,American Indian or Alaska Native,never,did not drive,2
18.0,male,12,not,,did not ride,30,4
18.0,male,11,hispanic,,never,,3
18.0,male,12,not,Black or African American,never,0,<1
18.0,female,12,hispanic,,did not ride,0,5+
18.0,female,12,not,,did not ride,did not drive,do not watch
17.0,female,12,not,White,never,3-5,2
18.0,female,12,not,,did not ride,,3
18.0,male,12,hispanic,,never,did not drive,2
18.0,male,12,not,Black or African American,never,did not drive,5+
18.0,male,11,hispanic,,never,did not drive,<1
18.0,male,12,hispanic,American Indian or Alaska Native,did not ride,did not drive,<1
18.0,male,12,not,Black or African American,never,0,<1
18.0,male,12,hispanic,Black or African American,never,0,3
18.0,male,12,hispanic,White,never,30,
18.0,male,12,hispanic,American Indian or Alaska Native,did not ride,,1
17.0,male,11,not,Black or African American,did not ride,did not drive,<1
18.0,male,11,hispanic,Black or African American,never,3-5,3
18.0,male,11,hispanic,White,never,0,
18.0,male,12,not,,never,0,<1
18.0,male,12,not,White,rarely,1-2,2
17.0,female,11,not,Black or African American,never,did not drive,5+
18.0,female,12,hispanic,,did not ride,,5+
18.0,female,11,hispanic,,did not ride,,<1
18.0,female,other,not,,did not ride,did not drive,2
18.0,female,11,hispanic,,never,,2
18.0,female,12,hispanic,,never,0,do not watch
18.0,female,other,not,Black or African American,did not ride,did not drive,3
18.0,male,11,hispanic,,never,0,3
17.0,male,11,hispanic,,never,,2
18.0,male,11,hispanic,,never,did not drive,4
18.0,male,11,hispanic,,never,3-5,4
18.0,male,12,hispanic,White,did not ride,did not drive,3
18.0,male,11,hispanic,,never,did not drive,do not watch
18.0,male,11,not,White,did not ride,10-19,2
18.0,male,other,hispanic,White,did not ride,0,4
18.0,female,12,not,Black or African American,did not ride,0,2
18.0,female,12,not,Black or African American,did not ride,30,4
18.0,female,12,not,Black or African American,did not ride,20-29,<1
18.0,female,12,not,Black or African American,did not ride,0,2
18.0,female,11,not,Black or African American,did not ride,30,5+
18.0,female,11,hispanic,,never,0,4
17.0,female,11,not,Black or African American,never,did not drive,do not watch
18.0,female,11,hispanic,,never,,5+
17.0,female,11,not,Black or African American,never,0,do not watch
17.0,male,11,hispanic,,did not ride,0,do not watch
18.0,male,12,hispanic,,did not ride,,2
18.0,male,12,hispanic,,never,0,do not watch
18.0,male,12,not,White,sometimes,,1
17.0,male,12,hispanic,,never,1-2,2
17.0,male,11,hispanic,,did not ride,1-2,do not watch
18.0,male,12,hispanic,,,0,3
18.0,male,11,hispanic,White,did not ride,did not drive,<1
18.0,male,11,hispanic,,never,did not drive,1
17.0,male,11,not,Black or African American,never,0,2
17.0,male,11,not,Black or African American,never,did not drive,5+
18.0,male,12,hispanic,,never,0,5+
17.0,male,11,hispanic,,never,0,2
17.0,female,11,not,White,never,did not drive,2
12.0,female,other,hispanic,American Indian or Alaska Native,never,30,5+
17.0,female,11,not,Black or African American,did not ride,did not drive,2
,female,12,not,Black or African American,never,,5+
18.0,female,12,hispanic,White,never,,1
18.0,female,12,not,Black or African American,never,did not drive,5+
18.0,female,11,hispanic,,did not ride,0,<1
18.0,female,12,not,White,did not ride,0,2
18.0,female,12,not,Black or African American,did not ride,20-29,3
18.0,male,12,hispanic,American Indian or Alaska Native,never,0,3
17.0,male,other,hispanic,,rarely,did not drive,5+
18.0,male,12,not,Black or African American,never,0,1
18.0,male,12,hispanic,,never,did not drive,<1
18.0,male,10,not,Black or African American,never,0,do not watch
18.0,male,12,hispanic,White,never,did not drive,1
18.0,male,12,hispanic,American Indian or Alaska Native,did not ride,30,<1
18.0,male,12,not,White,never,20-29,do not watch
18.0,male,12,not,White,never,,2
18.0,male,12,hispanic,Asian,never,30,<1
18.0,male,11,not,Black or African American,never,0,3
18.0,male,12,not,Black or African American,did not ride,did not drive,do not watch
17.0,male,12,not,White,most of time,0,do not watch
18.0,male,11,hispanic,,never,did not drive,2
18.0,male,12,not,White,did not ride,did not drive,do not watch
18.0,female,12,not,White,did not ride,1-2,3
14.0,female,9,not,White,never,did not drive,4
15.0,male,9,not,White,never,did not drive,do not watch
14.0,female,9,not,White,did not ride,,1
14.0,female,9,not,White,never,did not drive,<1
17.0,female,11,not,White,did not ride,0,2
15.0,female,9,not,White,never,did not drive,5+
15.0,female,9,not,White,did not ride,did not drive,<1
15.0,female,9,not,White,never,did not drive,2
17.0,female,11,not,White,did not ride,0,1
17.0,female,12,not,White,never,0,2
16.0,female,10,not,White,did not ride,0,3
16.0,female,11,not,White,did not ride,0,3
16.0,female,10,not,White,never,0,1
18.0,female,12,not,White,never,0,3
15.0,male,10,not,White,never,did not drive,<1
16.0,male,10,not,White,most of time,0,2
17.0,male,12,not,White,did not ride,0,<1
18.0,male,12,not,White,always,0,<1
18.0,male,12,not,White,rarely,3-5,3
18.0,male,12,not,White,did not ride,6-9,3
18.0,male,12,not,White,never,3-5,<1
16.0,male,10,not,White,always,0,<1
17.0,male,11,not,White,never,0,<1
15.0,male,9,not,White,always,did not drive,1
16.0,male,10,not,White,did not ride,0,3
16.0,male,10,not,White,did not ride,0,1
15.0,male,10,not,White,never,,1
18.0,male,12,not,White,never,30,4
17.0,male,12,not,White,did not ride,30,<1
17.0,male,12,not,American Indian or Alaska Native,did not ride,0,<1
17.0,male,12,not,White,always,did not drive,<1
17.0,male,12,not,White,never,1-2,2
17.0,male,12,not,Asian,never,6-9,2
18.0,male,12,not,White,did not ride,10-19,5+
17.0,male,12,not,White,did not ride,0,do not watch
17.0,male,12,not,White,rarely,3-5,5+
18.0,male,12,not,White,rarely,30,1
18.0,female,12,not,White,never,did not drive,2
18.0,female,12,not,White,did not ride,did not drive,2
17.0,female,12,not,Black or African American,never,1-2,5+
17.0,female,12,not,White,never,0,do not watch
18.0,female,12,not,White,did not ride,,2
17.0,female,12,not,Asian,never,20-29,do not watch
18.0,female,12,not,White,did not ride,1-2,2
18.0,female,12,not,White,did not ride,10-19,2
18.0,female,12,not,White,did not ride,10-19,<1
17.0,female,12,not,White,never,1-2,1
14.0,female,9,not,Asian,did not ride,did not drive,<1
15.0,female,9,not,White,did not ride,,4
15.0,female,9,not,White,never,0,2
15.0,female,9,not,White,did not ride,did not drive,<1
14.0,female,9,not,Asian,did not ride,did not drive,do not watch
15.0,female,9,not,White,never,0,<1
14.0,female,9,not,,always,did not drive,4
15.0,female,9,not,White,always,did not drive,2
14.0,female,9,not,White,did not ride,did not drive,5+
15.0,female,9,not,White,did not ride,did not drive,2
14.0,male,9,not,White,never,did not drive,2
15.0,male,9,not,White,always,did not drive,5+
14.0,male,9,not,White,always,did not drive,do not watch
15.0,male,9,not,White,did not ride,did not drive,do not watch
15.0,male,9,not,White,most of time,did not drive,1
16.0,male,9,not,White,did not ride,did not drive,2
15.0,male,9,not,White,did not ride,did not drive,1
15.0,male,9,not,White,most of time,did not drive,1
15.0,male,9,not,White,did not ride,did not drive,3
14.0,male,9,not,Asian,sometimes,did not drive,do not watch
15.0,male,9,not,White,never,0,<1
15.0,male,9,not,,most of time,0,do not watch
15.0,male,9,not,White,sometimes,did not drive,do not watch
15.0,male,9,not,White,always,did not drive,<1
16.0,male,10,hispanic,Black or African American,never,did not drive,1
16.0,male,10,not,White,most of time,6-9,2
15.0,male,10,not,White,did not ride,,1
16.0,male,10,not,White,always,did not drive,5+
16.0,male,10,not,White,never,0,5+
16.0,male,10,not,White,never,0,1
16.0,male,10,hispanic,,never,30,5+
16.0,male,10,not,,,0,3
16.0,male,10,not,White,did not ride,0,1
15.0,male,10,,White,rarely,0,1
16.0,male,10,not,White,most of time,1-2,2
16.0,male,10,not,Black or African American,never,0,2
16.0,female,10,not,White,did not ride,1-2,1
16.0,female,10,not,White,never,0,2
16.0,female,10,not,White,did not ride,30,3
15.0,female,10,not,White,never,did not drive,do not watch
16.0,female,10,not,White,did not ride,0,<1
15.0,female,10,not,White,never,0,4
16.0,female,10,not,White,always,did not drive,<1
15.0,female,10,not,White,did not ride,did not drive,<1
16.0,male,11,not,White,always,did not drive,1
17.0,male,11,not,Black or African American,did not ride,30,2
17.0,male,11,not,White,most of time,did not drive,3
17.0,male,11,not,White,did not ride,30,<1
16.0,male,11,not,White,never,did not drive,do not watch
17.0,male,11,not,,never,0,4
17.0,male,11,not,White,always,10-19,3
16.0,male,11,not,White,did not ride,did not drive,<1
17.0,male,11,not,White,never,6-9,2
16.0,male,11,hispanic,,never,3-5,do not watch
17.0,male,11,not,White,did not ride,10-19,5+
17.0,male,11,not,White,never,3-5,<1
,male,,,,did not ride,0,1
16.0,female,11,not,,did not ride,0,4
17.0,female,11,not,Black or African American,,0,do not watch
16.0,female,11,hispanic,Asian,did not ride,30,5+
17.0,female,11,not,White,did not ride,0,do not watch
17.0,female,11,not,White,always,0,2
17.0,female,11,not,Asian,rarely,1-2,5+
16.0,female,11,not,White,rarely,10-19,<1
17.0,female,11,not,White,always,did not drive,<1
17.0,female,11,not,White,never,0,5+
17.0,female,11,not,White,never,3-5,3
15.0,female,10,hispanic,,did not ride,1-2,<1
16.0,female,10,not,White,never,did not drive,2
15.0,female,10,not,White,never,0,2
15.0,female,10,not,,most of time,did not drive,3
15.0,female,10,hispanic,White,did not ride,did not drive,3
16.0,female,10,hispanic,,never,did not drive,5+
16.0,female,10,hispanic,,never,did not drive,<1
16.0,female,10,not,Black or African American,did not ride,0,5+
17.0,female,10,hispanic,,did not ride,,do not watch
16.0,male,10,hispanic,,did not ride,did not drive,1
16.0,male,10,not,White,never,did not drive,<1
16.0,male,10,not,White,did not ride,did not drive,2
16.0,male,10,not,Black or African American,never,did not drive,2
15.0,male,10,hispanic,,never,did not drive,3
16.0,male,10,hispanic,,never,0,2
17.0,male,10,not,,never,1-2,2
17.0,male,12,not,White,did not ride,did not drive,3
18.0,female,12,hispanic,Native Hawaiian or Other Pacific Islander,did not ride,10-19,do not watch
18.0,male,12,not,Black or African American,never,did not drive,2
17.0,male,12,not,Black or African American,never,10-19,2
17.0,female,12,hispanic,Native Hawaiian or Other Pacific Islander,never,,4
17.0,female,12,not,Black or African American,did not ride,did not drive,3
18.0,female,12,not,White,rarely,1-2,5+
17.0,male,12,not,Black or African American,did not ride,,4
17.0,male,12,not,Black or African American,never,3-5,<1
17.0,female,12,not,White,never,0,2
18.0,male,12,not,Black or African American,did not ride,10-19,5+
18.0,male,12,not,Black or African American,did not ride,0,5+
17.0,male,12,not,Black or African American,never,1-2,2
17.0,female,12,hispanic,White,never,30,do not watch
17.0,female,12,hispanic,White,sometimes,6-9,<1
17.0,female,12,not,White,never,0,3
17.0,female,12,hispanic,Native Hawaiian or Other Pacific Islander,did not ride,0,2
18.0,female,12,not,White,never,10-19,3
18.0,female,,hispanic,Native Hawaiian or Other Pacific Islander,never,0,2
17.0,female,12,not,White,never,30,do not watch
17.0,female,12,hispanic,,never,30,<1
18.0,male,12,hispanic,Native Hawaiian or Other Pacific Islander,never,,4
15.0,female,9,hispanic,White,never,did not drive,do not watch
14.0,female,9,hispanic,Black or African American,did not ride,1-2,4
15.0,male,9,hispanic,Asian,never,0,1
15.0,male,9,not,White,never,0,2
15.0,male,9,not,White,did not ride,0,1
15.0,male,9,hispanic,White,never,did not drive,<1
15.0,male,9,not,White,never,did not drive,3
14.0,male,9,not,,never,did not drive,2
15.0,male,9,hispanic,,most of time,did not drive,<1
14.0,male,9,not,White,rarely,did not drive,<1
14.0,male,9,hispanic,White,never,did not drive,<1
14.0,female,9,not,White,always,did not drive,do not watch
15.0,female,9,hispanic,White,never,did not drive,5+
14.0,female,9,not,White,did not ride,did not drive,<1
14.0,female,9,not,White,rarely,did not drive,2
15.0,female,9,hispanic,,most of time,did not drive,5+
15.0,female,9,not,White,never,did not drive,<1
15.0,female,9,hispanic,White,sometimes,did not drive,<1
15.0,female,9,not,White,did not ride,did not drive,3
15.0,female,9,hispanic,White,rarely,did not drive,<1
14.0,female,9,not,White,always,did not drive,<1
18.0,female,11,not,Black or African American,did not ride,0,2
16.0,female,11,not,Black or African American,did not ride,did not drive,5+
16.0,female,11,not,Native Hawaiian or Other Pacific Islander,did not ride,did not drive,2
18.0,male,11,not,White,never,0,<1
17.0,male,11,not,White,never,did not drive,4
17.0,male,11,not,White,never,10-19,<1
17.0,male,11,hispanic,,did not ride,did not drive,do not watch
17.0,male,11,not,White,never,did not drive,3
16.0,male,11,not,White,never,did not drive,2
18.0,male,11,hispanic,,rarely,did not drive,2
17.0,male,11,hispanic,,sometimes,did not drive,2
17.0,male,11,hispanic,White,did not ride,did not drive,<1
17.0,male,11,not,White,never,0,<1
16.0,male,11,not,White,never,0,2
16.0,male,11,not,White,never,30,1
16.0,male,11,hispanic,,never,did not drive,2
16.0,female,11,not,,never,20-29,3
16.0,female,11,not,White,never,0,do not watch
16.0,female,11,not,White,never,0,2
17.0,female,11,not,White,sometimes,0,3
16.0,female,11,hispanic,,did not ride,0,3
16.0,female,11,not,Black or African American,did not ride,30,do not watch
17.0,female,11,not,White,did not ride,1-2,do not watch
17.0,female,11,hispanic,,never,did not drive,do not watch
16.0,female,11,hispanic,,did not ride,did not drive,3
17.0,male,12,not,White,never,did not drive,3
17.0,male,12,not,Black or African American,never,0,2
17.0,male,12,not,Black or African American,never,did not drive,do not watch
18.0,male,12,not,,did not ride,0,2
18.0,male,12,not,Black or African American,never,0,<1
18.0,male,12,not,Black or African American,did not ride,3-5,2
17.0,male,12,not,Asian,did not ride,0,do not watch
18.0,male,12,not,Black or African American,never,did not drive,3
18.0,male,12,not,,never,3-5,3
18.0,male,12,not,Black or African American,never,1-2,5+
18.0,male,12,not,White,never,1-2,3
18.0,male,12,not,Black or African American,never,did not drive,3
17.0,male,12,not,Black or African American,never,did not drive,5+
,female,,,,,0,1
18.0,female,12,not,Black or African American,did not ride,0,3
18.0,female,12,not,Black or African American,did not ride,6-9,3
16.0,female,11,not,White,did not ride,did not drive,<1
17.0,female,12,not,Black or African American,did not ride,10-19,3
18.0,female,12,not,White,did not ride,0,1
18.0,female,12,not,Black or African American,did not ride,1-2,do not watch
18.0,female,12,not,White,never,30,2
18.0,female,12,not,White,did not ride,0,2
18.0,female,12,not,,did not ride,did not drive,do not watch
17.0,male,11,not,White,did not ride,did not drive,<1
17.0,male,11,hispanic,Black or African American,never,20-29,do not watch
18.0,male,11,not,Black or African American,never,0,4
17.0,male,11,not,Asian,did not ride,did not drive,3
16.0,male,11,not,Black or African American,did not ride,0,4
17.0,male,11,not,Black or African American,never,0,2
17.0,male,11,not,Black or African American,never,,1
17.0,female,11,not,White,did not ride,0,5+
16.0,female,11,not,,never,did not drive,2
16.0,female,11,not,Black or African American,never,0,do not watch
16.0,female,11,not,Black or African American,did not ride,0,3
17.0,female,11,not,Black or African American,never,3-5,do not watch
16.0,female,11,not,Black or African American,did not ride,0,5+
15.0,female,10,not,Black or African American,never,did not drive,5+
15.0,female,10,not,Black or African American,did not ride,did not drive,do not watch
16.0,female,11,not,White,did not ride,0,1
16.0,female,11,not,White,did not ride,did not drive,3
15.0,male,9,not,White,never,3-5,2
15.0,female,9,not,White,did not ride,did not drive,2
15.0,female,9,not,White,,0,<1
14.0,female,9,not,Black or African American,did not ride,did not drive,2
15.0,female,9,not,Black or African American,never,0,1
15.0,female,9,not,,never,did not drive,<1
14.0,female,9,not,Black or African American,never,did not drive,5+
15.0,female,9,not,,never,,4
14.0,female,9,not,Black or African American,did not ride,did not drive,3
15.0,female,9,not,Black or African American,did not ride,did not drive,do not watch
15.0,female,9,not,Black or African American,did not ride,did not drive,1
15.0,female,9,not,White,never,0,4
15.0,female,9,not,White,never,0,1
14.0,female,9,hispanic,White,never,0,do not watch
14.0,male,9,hispanic,White,never,did not drive,3
15.0,male,10,not,Black or African American,never,0,2
14.0,male,9,not,Black or African American,never,0,2
14.0,male,9,not,Black or African American,sometimes,did not drive,<1
14.0,male,9,not,Black or African American,never,did not drive,3
15.0,male,9,not,White,rarely,0,do not watch
14.0,male,9,not,Black or African American,never,0,do not watch
14.0,male,9,not,Black or African American,never,did not drive,<1
15.0,male,9,not,White,never,0,2
16.0,male,10,not,Asian,never,did not drive,1
15.0,male,10,hispanic,White,never,0,<1
16.0,male,10,hispanic,Native Hawaiian or Other Pacific Islander,never,0,2
17.0,male,10,not,White,never,1-2,5+
15.0,male,10,not,Black or African American,never,0,3
16.0,male,10,not,Black or African American,did not ride,did not drive,5+
16.0,male,10,not,Black or African American,never,,5+
17.0,male,11,not,Black or African American,never,0,1
18.0,male,12,not,Black or African American,did not ride,did not drive,1
16.0,male,10,not,Black or African American,never,,4
15.0,female,9,hispanic,White,did not ride,did not drive,2
16.0,female,10,not,White,did not ride,did not drive,3
15.0,female,10,not,White,never,0,<1
16.0,female,10,not,,never,did not drive,<1
15.0,female,10,not,,never,0,3
16.0,female,10,not,,did not ride,0,do not watch
15.0,female,10,not,Black or African American,did not ride,did not drive,4
15.0,female,10,not,,sometimes,did not drive,do not watch
16.0,female,10,not,White,never,0,4
15.0,female,10,not,Black or African American,never,did not drive,3
15.0,female,10,not,,did not ride,0,do not watch
16.0,female,10,not,Black or African American,did not ride,,
15.0,female,10,hispanic,,never,0,5+
16.0,female,10,not,White,rarely,did not drive,1
16.0,female,12,not,Asian,never,0,<1
15.0,female,10,not,Asian,rarely,0,2
15.0,female,10,not,,did not ride,did not drive,5+
16.0,female,10,hispanic,,never,0,<1
15.0,female,10,hispanic,,never,did not drive,3
16.0,female,10,hispanic,,did not ride,did not drive,4
15.0,female,10,,,did not ride,0,1
15.0,female,10,hispanic,,did not ride,did not drive,5+
15.0,female,10,hispanic,Native Hawaiian or Other Pacific Islander,never,0,3
16.0,female,10,hispanic,White,did not ride,did not drive,5+
16.0,female,10,hispanic,White,did not ride,did not drive,3
15.0,female,10,hispanic,,did not ride,did not drive,1
15.0,female,10,hispanic,,rarely,0,2
16.0,female,10,hispanic,,did not ride,did not drive,2
16.0,female,10,hispanic,Black or African American,did not ride,0,5+
16.0,female,10,hispanic,Asian,rarely,did not drive,<1
15.0,male,10,hispanic,White,,0,3
15.0,male,10,hispanic,,never,0,2
15.0,male,10,hispanic,,never,0,2
15.0,male,10,not,Asian,never,did not drive,3
15.0,male,10,hispanic,,never,1-2,<1
15.0,male,10,hispanic,,never,0,1
15.0,male,10,hispanic,American Indian or Alaska Native,always,did not drive,2
15.0,male,10,hispanic,,did not ride,did not drive,5+
15.0,male,10,not,Native Hawaiian or Other Pacific Islander,did not ride,did not drive,3
16.0,male,10,not,Native Hawaiian or Other Pacific Islander,sometimes,0,do not watch
16.0,male,10,hispanic,,rarely,0,do not watch
16.0,male,10,not,American Indian or Alaska Native,did not ride,did not drive,2
16.0,female,11,hispanic,American Indian or Alaska Native,never,6-9,2
17.0,female,11,hispanic,White,never,3-5,1
16.0,female,11,hispanic,,did not ride,did not drive,4
16.0,female,11,hispanic,Asian,never,,3
16.0,female,11,hispanic,,did not ride,did not drive,3
16.0,female,11,hispanic,,never,0,3
17.0,female,11,hispanic,,never,0,1
17.0,female,11,hispanic,White,did not ride,,3
16.0,female,11,hispanic,,did not ride,did not drive,3
16.0,female,11,hispanic,,never,0,do not watch
17.0,female,11,hispanic,,never,0,2
17.0,female,11,hispanic,,never,did not drive,1
16.0,female,11,hispanic,American Indian or Alaska Native,never,0,3
17.0,female,11,hispanic,,never,,<1
16.0,female,11,not,,did not ride,did not drive,2
17.0,male,11,hispanic,,did not ride,0,<1
17.0,male,11,hispanic,White,never,did not drive,<1
16.0,male,11,hispanic,,never,did not drive,do not watch
17.0,male,11,hispanic,Native Hawaiian or Other Pacific Islander,never,0,3
17.0,male,11,hispanic,,did not ride,0,4
17.0,male,11,hispanic,,always,30,2
16.0,male,11,hispanic,,did not ride,did not drive,<1
16.0,male,11,hispanic,,rarely,0,2
17.0,male,11,hispanic,Native Hawaiian or Other Pacific Islander,never,6-9,2
16.0,male,11,hispanic,,did not ride,0,2
16.0,male,11,hispanic,,never,3-5,<1
16.0,male,11,hispanic,,never,,2
17.0,male,11,hispanic,,did not ride,did not drive,do not watch
17.0,male,12,hispanic,,never,0,2
17.0,male,12,not,Asian,never,0,2
18.0,male,12,hispanic,,never,1-2,1
17.0,male,12,hispanic,White,never,0,<1
18.0,male,12,hispanic,,did not ride,0,do not watch
18.0,male,12,hispanic,White,did not ride,did not drive,5+
18.0,male,12,hispanic,,,0,1
17.0,male,12,hispanic,,never,0,do not watch
17.0,male,12,hispanic,,never,0,3
17.0,male,12,hispanic,,did not ride,0,5+
18.0,male,12,hispanic,American Indian or Alaska Native,did not ride,0,2
17.0,male,12,hispanic,,did not ride,0,3
17.0,male,12,hispanic,,never,0,<1
18.0,male,12,not,Asian,did not ride,0,2
18.0,male,12,hispanic,,never,1-2,<1
17.0,female,12,hispanic,,rarely,0,do not watch
17.0,female,12,hispanic,,did not ride,,3
18.0,female,12,hispanic,,never,3-5,2
18.0,female,12,hispanic,American Indian or Alaska Native,did not ride,did not drive,5+
17.0,female,12,hispanic,American Indian or Alaska Native,never,did not drive,<1
17.0,female,12,hispanic,,most of time,1-2,4
18.0,female,12,hispanic,,never,0,3
18.0,female,12,hispanic,,never,did not drive,
17.0,female,12,hispanic,,did not ride,,2
18.0,female,12,hispanic,,most of time,1-2,3
17.0,female,12,hispanic,,did not ride,0,3
17.0,female,12,hispanic,,never,did not drive,1
17.0,female,12,hispanic,,did not ride,6-9,<1
17.0,female,12,hispanic,,never,0,5+
17.0,female,12,hispanic,,always,0,2
17.0,female,12,hispanic,,never,0,do not watch
18.0,female,12,hispanic,,never,1-2,5+
18.0,female,12,hispanic,,did not ride,0,<1
18.0,male,12,hispanic,,never,0,3
18.0,male,12,not,Native Hawaiian or Other Pacific Islander,never,did not drive,3
18.0,male,12,not,Asian,never,0,do not watch
17.0,male,12,hispanic,,never,did not drive,3
18.0,male,12,hispanic,White,never,0,2
18.0,male,12,hispanic,,always,did not drive,3
18.0,male,12,hispanic,White,never,30,3
17.0,male,12,not,Asian,most of time,0,2
17.0,male,12,hispanic,White,never,0,1
17.0,male,12,hispanic,White,never,0,2
17.0,male,12,hispanic,,never,did not drive,1
17.0,male,12,hispanic,,did not ride,3-5,3
18.0,male,12,hispanic,White,never,,do not watch
17.0,male,12,hispanic,,did not ride,1-2,<1
18.0,male,12,hispanic,,never,1-2,2
17.0,male,12,not,Native Hawaiian or Other Pacific Islander,never,did not drive,do not watch
17.0,male,12,hispanic,American Indian or Alaska Native,never,0,5+
17.0,male,12,hispanic,,did not ride,0,do not watch
18.0,male,12,not,White,,1-2,2
18.0,male,12,hispanic,,never,0,5+
18.0,female,12,not,Asian,sometimes,1-2,do not watch
16.0,female,11,hispanic,,never,0,<1
18.0,female,12,hispanic,,did not ride,6-9,4
18.0,female,12,hispanic,White,rarely,10-19,4
17.0,female,12,not,Native Hawaiian or Other Pacific Islander,did not ride,,3
17.0,female,12,hispanic,Asian,did not ride,did not drive,1
17.0,female,12,hispanic,,never,0,2
17.0,female,12,hispanic,White,rarely,0,3
18.0,female,12,hispanic,,did not ride,,do not watch
18.0,female,12,not,Black or African American,did not ride,did not drive,4
17.0,female,12,hispanic,,never,1-2,do not watch
17.0,female,12,hispanic,,did not ride,did not drive,<1
18.0,female,12,hispanic,,did not ride,0,2
18.0,female,12,hispanic,,never,0,2
17.0,female,12,hispanic,,did not ride,did not drive,4
18.0,female,12,hispanic,,never,did not drive,5+
17.0,female,11,not,White,did not ride,20-29,<1
16.0,female,11,hispanic,,never,did not drive,3
16.0,female,11,hispanic,,never,did not drive,do not watch
16.0,female,11,hispanic,,never,did not drive,2
17.0,female,11,not,Native Hawaiian or Other Pacific Islander,never,did not drive,do not watch
16.0,female,11,hispanic,,never,,1
16.0,female,11,hispanic,,did not ride,0,1
16.0,female,11,hispanic,,never,0,
17.0,female,11,hispanic,,did not ride,did not drive,do not watch
16.0,female,11,not,Asian,did not ride,0,3
16.0,female,11,hispanic,,did not ride,,4
16.0,female,11,hispanic,White,did not ride,did not drive,4
16.0,female,11,hispanic,,always,did not drive,3
17.0,female,11,hispanic,American Indian or Alaska Native,did not ride,0,do not watch
16.0,female,11,hispanic,,did not ride,,3
16.0,female,11,hispanic,Native Hawaiian or Other Pacific Islander,never,0,1
16.0,female,11,not,Asian,never,did not drive,do not watch
16.0,male,11,hispanic,,did not ride,did not drive,do not watch
17.0,male,11,hispanic,,sometimes,did not drive,4
17.0,male,11,hispanic,,most of time,did not drive,do not watch
16.0,male,11,not,Native Hawaiian or Other Pacific Islander,never,0,do not watch
16.0,male,11,hispanic,White,never,1-2,2
17.0,male,11,not,Asian,did not ride,did not drive,2
16.0,female,10,hispanic,White,never,0,4
15.0,female,10,,,never,0,2
16.0,female,10,hispanic,,did not ride,did not drive,3
15.0,female,10,hispanic,,never,0,<1
15.0,female,10,hispanic,,never,0,5+
16.0,female,10,hispanic,,did not ride,did not drive,5+
16.0,female,10,hispanic,White,sometimes,did not drive,3
16.0,female,10,hispanic,,never,did not drive,5+
16.0,female,10,hispanic,,never,0,5+
15.0,female,10,hispanic,,sometimes,did not drive,2
16.0,female,11,hispanic,White,never,did not drive,3
15.0,female,10,hispanic,,never,did not drive,<1
16.0,female,11,hispanic,,never,did not drive,2
15.0,female,10,hispanic,American Indian or Alaska Native,never,0,<1
15.0,female,10,hispanic,,never,did not drive,4
16.0,female,10,hispanic,,did not ride,0,4
15.0,female,10,hispanic,White,rarely,did not drive,do not watch
16.0,male,10,hispanic,,always,did not drive,<1
16.0,male,10,hispanic,,sometimes,0,3
16.0,male,10,hispanic,,never,0,<1
15.0,male,10,hispanic,,never,0,5+
16.0,male,10,hispanic,,never,,2
16.0,male,10,not,Native Hawaiian or Other Pacific Islander,never,,1
16.0,male,10,not,Native Hawaiian or Other Pacific Islander,never,did not drive,5+
16.0,male,10,hispanic,,never,1-2,3
15.0,male,10,not,Asian,did not ride,did not drive,do not watch
15.0,male,10,,,did not ride,30,5+
15.0,male,10,not,Black or African American,never,0,1
16.0,male,10,hispanic,,never,0,1
16.0,male,11,not,,never,,1
15.0,male,10,not,Asian,never,did not drive,4
16.0,male,10,hispanic,,never,0,4
16.0,male,10,not,White,did not ride,0,do not watch
14.0,female,9,hispanic,Native Hawaiian or Other Pacific Islander,never,30,5+
15.0,female,9,hispanic,,did not ride,0,4
15.0,female,9,not,American Indian or Alaska Native,rarely,did not drive,3
14.0,female,9,not,Black or African American,never,did not drive,do not watch
14.0,female,9,hispanic,,never,did not drive,<1
15.0,female,9,hispanic,,did not ride,0,2
15.0,female,9,hispanic,White,never,1-2,1
14.0,male,9,hispanic,White,never,0,5+
14.0,male,9,hispanic,,never,0,3
15.0,male,9,hispanic,,did not ride,did not drive,do not watch
15.0,male,9,hispanic,Asian,never,1-2,5+
14.0,male,9,not,Asian,most of time,,do not watch
14.0,male,9,not,,did not ride,6-9,2
14.0,male,9,hispanic,,never,did not drive,2
15.0,male,9,not,White,did not ride,,5+
15.0,male,9,hispanic,American Indian or Alaska Native,rarely,,3
14.0,male,9,hispanic,White,most of time,0,2
14.0,male,9,hispanic,,never,did not drive,2
14.0,male,9,hispanic,,never,0,3
14.0,female,9,not,White,never,did not drive,do not watch
14.0,female,9,not,Asian,did not ride,did not drive,2
14.0,female,9,hispanic,White,did not ride,,5+
15.0,female,9,hispanic,White,never,0,3
14.0,female,9,hispanic,,never,did not drive,1
14.0,female,9,hispanic,,never,did not drive,<1
14.0,female,9,hispanic,,rarely,0,4
14.0,female,9,hispanic,,never,did not drive,1
14.0,female,9,hispanic,,never,,2
15.0,female,9,not,Asian,did not ride,did not drive,<1
15.0,female,9,hispanic,,did not ride,did not drive,do not watch
14.0,female,9,hispanic,White,never,0,2
15.0,female,9,hispanic,,never,1-2,do not watch
14.0,female,9,hispanic,,did not ride,did not drive,do not watch
14.0,female,9,hispanic,,did not ride,did not drive,2
15.0,male,9,hispanic,,did not ride,0,4
14.0,male,9,hispanic,White,never,,1
14.0,male,9,hispanic,,never,0,4
15.0,male,9,hispanic,,never,0,do not watch
14.0,male,9,hispanic,,did not ride,did not drive,1
14.0,male,9,not,Asian,rarely,did not drive,1
15.0,male,9,hispanic,,did not ride,,4
14.0,male,9,hispanic,,did not ride,did not drive,1
15.0,male,9,hispanic,White,never,0,4
14.0,male,9,not,Native Hawaiian or Other Pacific Islander,did not ride,did not drive,<1
14.0,male,9,hispanic,,never,1-2,3
15.0,male,9,hispanic,,always,did not drive,do not watch
15.0,male,9,,,did not ride,,<1
15.0,male,9,hispanic,,did not ride,did not drive,3
15.0,male,9,hispanic,,never,did not drive,4
15.0,male,9,hispanic,,never,did not drive,3
15.0,male,9,hispanic,,did not ride,,2
15.0,female,9,not,White,did not ride,did not drive,do not watch
15.0,female,9,hispanic,,never,did not drive,do not watch
15.0,male,9,not,American Indian or Alaska Native,did not ride,did not drive,3
15.0,female,9,hispanic,,never,0,4
15.0,female,9,hispanic,,did not ride,did not drive,4
15.0,female,9,hispanic,,did not ride,did not drive,<1
14.0,female,9,not,White,never,did not drive,1
14.0,female,9,hispanic,,did not ride,did not drive,5+
14.0,female,9,hispanic,,never,did not drive,3
15.0,female,9,not,Native Hawaiian or Other Pacific Islander,never,0,2
14.0,female,9,hispanic,,never,0,2
16.0,female,9,not,White,did not ride,0,3
15.0,female,9,hispanic,,did not ride,did not drive,3
14.0,male,9,hispanic,,,did not drive,2
15.0,male,9,hispanic,White,rarely,did not drive,2
14.0,male,9,not,White,never,did not drive,3
14.0,male,9,hispanic,,never,did not drive,
15.0,male,9,hispanic,,did not ride,0,do not watch
15.0,male,9,not,White,never,did not drive,3
15.0,male,9,hispanic,,never,0,2
15.0,male,9,not,Asian,did not ride,did not drive,do not watch
14.0,male,9,hispanic,,never,did not drive,3
15.0,male,9,not,White,never,0,3
16.0,male,9,not,Native Hawaiian or Other Pacific Islander,most of time,0,
14.0,male,9,hispanic,White,never,did not drive,5+
15.0,male,9,hispanic,,never,did not drive,2
15.0,female,9,hispanic,,never,,3
14.0,female,9,not,White,never,did not drive,5+
15.0,female,9,hispanic,,did not ride,did not drive,4
14.0,female,9,not,White,never,did not drive,1
14.0,female,9,not,White,never,did not drive,<1
15.0,female,9,not,Asian,never,did not drive,3
15.0,female,9,,Native Hawaiian or Other Pacific Islander,did not ride,did not drive,5+
14.0,female,9,not,,sometimes,did not drive,2
15.0,female,9,hispanic,,did not ride,1-2,2
14.0,female,9,hispanic,,never,,3
15.0,female,9,hispanic,American Indian or Alaska Native,sometimes,0,1
14.0,female,9,not,Black or African American,always,did not drive,3
14.0,female,9,hispanic,White,did not ride,0,do not watch
14.0,female,9,not,,did not ride,did not drive,5+
18.0,female,other,not,Black or African American,always,,4
14.0,female,9,not,,rarely,did not drive,4
14.0,female,9,not,White,never,did not drive,2
14.0,female,9,not,White,sometimes,did not drive,2
14.0,female,9,hispanic,Native Hawaiian or Other Pacific Islander,never,did not drive,3
15.0,female,9,not,White,,,do not watch
14.0,female,9,not,,never,did not drive,4
14.0,female,9,not,White,did not ride,did not drive,1
14.0,female,9,hispanic,,did not ride,0,<1
15.0,female,9,not,White,most of time,did not drive,<1
15.0,female,9,not,White,never,did not drive,
14.0,female,9,not,White,never,did not drive,5+
15.0,male,9,hispanic,White,did not ride,0,2
14.0,male,9,hispanic,,did not ride,did not drive,3
15.0,male,9,hispanic,Asian,did not ride,did not drive,do not watch
15.0,male,9,not,,never,did not drive,do not watch
15.0,male,9,not,White,always,,2
14.0,male,9,hispanic,White,never,did not drive,<1
15.0,male,9,not,White,sometimes,did not drive,1
14.0,male,9,hispanic,Native Hawaiian or Other Pacific Islander,never,0,5+
14.0,male,9,not,Asian,always,0,do not watch
15.0,male,9,not,Asian,rarely,,5+
14.0,male,9,not,,rarely,did not drive,2
15.0,male,9,hispanic,White,did not ride,did not drive,1
14.0,male,9,hispanic,Asian,did not ride,did not drive,1
14.0,male,9,not,White,always,did not drive,2
14.0,male,9,not,White,never,did not drive,2
14.0,male,9,,White,rarely,did not drive,2
14.0,male,9,not,White,never,30,3
14.0,male,9,not,White,sometimes,did not drive,<1
15.0,male,9,not,White,never,1-2,3
15.0,female,9,not,White,never,did not drive,2
15.0,male,9,not,White,never,did not drive,
14.0,female,9,hispanic,,did not ride,did not drive,do not watch
15.0,male,9,hispanic,Black or African American,sometimes,30,<1
15.0,female,10,hispanic,White,rarely,0,4
15.0,female,10,not,White,never,0,3
15.0,female,10,not,White,most of time,0,2
15.0,female,10,hispanic,White,never,did not drive,1
15.0,female,10,hispanic,Black or African American,never,did not drive,<1
15.0,female,10,not,White,most of time,did not drive,<1
15.0,female,10,hispanic,,did not ride,did not drive,2
16.0,male,10,not,,never,0,1
16.0,male,10,hispanic,Native Hawaiian or Other Pacific Islander,did not ride,did not drive,5+
17.0,male,12,not,White,never,0,do not watch
15.0,male,10,not,White,never,did not drive,<1
16.0,male,10,not,White,never,0,<1
16.0,male,10,hispanic,,rarely,did not drive,2
17.0,male,10,not,White,never,did not drive,3
16.0,male,10,hispanic,White,never,,5+
15.0,male,10,not,Black or African American,rarely,did not drive,3
16.0,male,10,not,White,rarely,0,2
16.0,male,10,not,White,never,0,3
16.0,male,10,not,White,never,6-9,4
15.0,male,10,not,White,rarely,6-9,2
16.0,male,10,hispanic,,never,0,3
16.0,male,10,not,White,always,0,3
16.0,,10,not,White,most of time,0,2
16.0,female,10,hispanic,White,always,did not drive,1
16.0,female,10,not,White,never,10-19,3
16.0,female,10,hispanic,,did not ride,did not drive,3
15.0,female,10,hispanic,White,never,0,2
15.0,female,10,hispanic,,did not ride,0,do not watch
16.0,female,10,hispanic,,did not ride,0,1
16.0,female,10,not,White,did not ride,0,1
16.0,female,10,not,White,never,0,<1
16.0,female,11,not,,rarely,did not drive,do not watch
16.0,female,11,hispanic,White,never,0,4
16.0,female,11,not,White,did not ride,did not drive,3
16.0,female,11,not,White,most of time,did not drive,1
16.0,female,11,not,White,did not ride,3-5,<1
16.0,female,11,not,White,never,0,1
17.0,female,11,not,,never,30,2
17.0,female,11,not,White,did not ride,0,1
17.0,female,11,not,Asian,never,did not drive,3
17.0,female,11,not,White,never,0,3
17.0,female,11,not,White,did not ride,0,2
16.0,female,11,hispanic,,did not ride,,3
16.0,female,11,not,White,did not ride,0,<1
16.0,female,11,not,Asian,never,30,3
16.0,female,11,not,Asian,did not ride,0,1
16.0,female,11,not,White,never,3-5,2
16.0,female,11,not,White,sometimes,0,2
16.0,female,11,not,White,always,0,
16.0,female,11,hispanic,,never,0,4
17.0,female,11,not,White,never,0,<1
17.0,female,11,not,White,never,did not drive,4
17.0,male,11,not,White,never,0,2
17.0,male,11,not,Asian,always,0,<1
16.0,male,11,not,,rarely,0,<1
16.0,male,11,hispanic,Black or African American,never,1-2,1
17.0,male,11,not,White,most of time,did not drive,do not watch
16.0,male,11,not,Asian,did not ride,did not drive,<1
17.0,male,11,not,Black or African American,never,did not drive,do not watch
17.0,male,11,not,White,never,did not drive,1
17.0,male,11,not,Asian,never,1-2,3
16.0,male,11,not,Asian,rarely,,do not watch
17.0,male,11,not,White,never,1-2,<1
16.0,male,11,hispanic,White,rarely,did not drive,2
17.0,male,11,not,White,never,10-19,1
,male,,,White,rarely,did not drive,do not watch
17.0,female,12,not,White,never,20-29,1
18.0,female,12,hispanic,American Indian or Alaska Native,did not ride,did not drive,1
17.0,female,12,not,White,did not ride,3-5,2
17.0,female,12,not,White,did not ride,1-2,do not watch
18.0,female,12,not,White,did not ride,1-2,3
17.0,female,12,not,Asian,rarely,1-2,1
17.0,female,12,not,White,always,1-2,1
18.0,female,12,not,White,never,30,<1
18.0,female,12,not,White,never,30,1
18.0,female,12,hispanic,,never,did not drive,4
18.0,female,12,hispanic,,did not ride,0,do not watch
17.0,female,12,not,Asian,never,0,4
17.0,female,12,not,White,never,10-19,<1
17.0,female,12,hispanic,White,did not ride,1-2,1
17.0,female,12,not,White,never,0,1
18.0,male,12,not,White,sometimes,0,do not watch
17.0,male,12,not,Black or African American,never,0,<1
17.0,male,12,not,Black or African American,never,10-19,do not watch
18.0,male,12,not,White,never,3-5,3
18.0,male,12,not,White,never,3-5,1
18.0,male,12,hispanic,,rarely,20-29,3
18.0,male,12,not,White,did not ride,10-19,1
17.0,male,12,not,White,most of time,1-2,<1
17.0,male,12,not,White,never,6-9,1
18.0,male,12,not,White,rarely,6-9,do not watch
17.0,male,12,not,White,never,30,1
18.0,male,12,hispanic,White,sometimes,0,1
17.0,male,12,not,White,never,1-2,3
18.0,male,12,not,Asian,never,,do not watch
18.0,male,12,not,White,always,0,<1
18.0,male,12,hispanic,,never,did not drive,5+
17.0,male,12,hispanic,Asian,never,1-2,<1
17.0,male,12,not,White,always,0,3
17.0,male,12,not,White,never,1-2,1
18.0,male,12,hispanic,White,did not ride,10-19,do not watch
17.0,male,12,not,Black or African American,never,30,4
18.0,male,12,not,White,never,1-2,1
17.0,male,12,not,White,sometimes,0,do not watch
15.0,female,9,not,,did not ride,did not drive,5+
15.0,female,9,hispanic,,did not ride,0,1
14.0,female,9,hispanic,,did not ride,did not drive,4
15.0,female,9,hispanic,,did not ride,did not drive,do not watch
15.0,female,9,hispanic,White,never,did not drive,2
14.0,female,9,hispanic,,never,did not drive,<1
14.0,female,9,hispanic,American Indian or Alaska Native,sometimes,0,<1
14.0,female,9,hispanic,White,did not ride,0,1
15.0,female,9,hispanic,,never,did not drive,4
14.0,female,9,hispanic,,never,0,2
15.0,female,9,hispanic,,never,,<1
14.0,female,9,hispanic,American Indian or Alaska Native,never,did not drive,3
14.0,female,9,hispanic,,never,did not drive,2
15.0,male,9,hispanic,,never,0,3
15.0,male,9,hispanic,,never,3-5,2
14.0,male,9,hispanic,,never,did not drive,<1
15.0,male,9,hispanic,,never,0,4
14.0,male,9,hispanic,,never,0,2
14.0,male,9,not,White,rarely,did not drive,<1
15.0,male,9,hispanic,Native Hawaiian or Other Pacific Islander,never,did not drive,1
14.0,male,9,hispanic,White,never,did not drive,5+
15.0,male,9,hispanic,,never,did not drive,2
15.0,male,9,hispanic,,never,0,5+
15.0,male,9,hispanic,White,never,,<1
15.0,male,9,hispanic,,never,0,5+
14.0,male,9,hispanic,,never,1-2,
15.0,male,9,hispanic,White,never,did not drive,1
15.0,male,9,hispanic,,never,0,1
15.0,male,9,not,Asian,sometimes,0,<1
15.0,male,9,hispanic,,never,did not drive,3
15.0,male,9,hispanic,White,never,did not drive,5+
14.0,male,9,hispanic,,never,did not drive,do not watch
14.0,male,9,hispanic,,never,0,2
14.0,male,9,,,never,did not drive,1
14.0,male,9,,American Indian or Alaska Native,never,0,
14.0,male,9,hispanic,,never,30,2
14.0,male,9,hispanic,White,never,did not drive,<1
14.0,male,9,hispanic,,never,did not drive,3
15.0,male,9,hispanic,,never,did not drive,3
15.0,male,9,hispanic,American Indian or Alaska Native,never,0,<1
15.0,female,9,hispanic,,did not ride,0,4
14.0,female,9,hispanic,,never,,3
14.0,female,9,hispanic,American Indian or Alaska Native,never,did not drive,3
15.0,female,9,hispanic,Native Hawaiian or Other Pacific Islander,never,did not drive,2
14.0,female,9,hispanic,Native Hawaiian or Other Pacific Islander,never,0,5+
15.0,female,9,hispanic,White,did not ride,did not drive,1
14.0,female,9,hispanic,,did not ride,0,2
15.0,female,9,hispanic,Asian,never,,5+
15.0,female,9,hispanic,White,never,,3
15.0,female,9,not,Asian,did not ride,did not drive,2
15.0,male,10,not,White,never,0,<1
16.0,male,10,hispanic,,never,0,<1
16.0,male,10,hispanic,,never,,4
15.0,male,10,not,White,never,0,3
15.0,male,10,not,White,never,did not drive,2
15.0,male,10,not,White,never,10-19,1
15.0,male,10,not,White,did not ride,1-2,do not watch
16.0,male,10,not,White,never,30,<1
15.0,male,10,not,White,did not ride,0,3
16.0,male,10,not,White,did not ride,1-2,do not watch
16.0,male,10,not,White,never,1-2,<1
16.0,female,10,hispanic,White,did not ride,0,<1
16.0,female,10,hispanic,,did not ride,did not drive,3
17.0,female,12,not,White,did not ride,30,<1
16.0,female,10,hispanic,,did not ride,0,4
16.0,female,10,not,White,never,0,1
15.0,female,10,not,White,never,0,<1
15.0,female,10,not,White,did not ride,0,3
16.0,female,10,not,White,never,0,do not watch
15.0,female,10,hispanic,,did not ride,,<1
15.0,female,10,not,White,did not ride,did not drive,5+
15.0,female,10,not,White,did not ride,did not drive,<1
17.0,female,12,not,White,never,0,2
16.0,female,10,not,White,never,20-29,<1
18.0,female,12,not,White,never,1-2,2
16.0,female,10,not,White,never,30,do not watch
16.0,female,10,not,White,never,10-19,do not watch
16.0,female,10,not,White,never,0,<1
17.0,male,11,hispanic,White,never,0,2
17.0,male,11,not,White,never,20-29,3
17.0,male,11,not,White,never,20-29,4
17.0,male,11,not,White,never,3-5,3
17.0,male,11,not,White,never,30,5+
15.0,male,10,not,White,never,did not drive,
16.0,male,11,hispanic,,never,1-2,do not watch
17.0,male,11,not,White,never,0,2
18.0,male,12,not,White,did not ride,0,1
17.0,male,11,not,White,never,30,3
17.0,male,11,not,White,never,20-29,2
16.0,male,10,hispanic,,never,0,1
16.0,male,11,not,White,never,20-29,3
18.0,female,12,not,White,did not ride,30,<1
16.0,female,11,not,White,never,3-5,do not watch
16.0,female,11,not,White,always,0,2
17.0,female,11,,White,did not ride,1-2,1
15.0,female,10,hispanic,,never,0,2
18.0,female,11,not,,did not ride,0,do not watch
16.0,female,10,hispanic,,never,1-2,5+
16.0,female,11,not,White,never,30,1
16.0,female,11,not,White,did not ride,did not drive,2
17.0,female,11,not,White,did not ride,20-29,do not watch
18.0,female,12,not,White,did not ride,10-19,3
16.0,female,11,not,White,never,6-9,<1
17.0,female,11,not,White,never,1-2,2
16.0,female,11,not,White,did not ride,0,2
18.0,female,11,not,American Indian or Alaska Native,never,0,<1
,male,,,,,30,4
18.0,male,12,hispanic,Native Hawaiian or Other Pacific Islander,never,did not drive,<1
17.0,male,12,not,Black or African American,did not ride,did not drive,<1
17.0,male,12,not,White,never,0,5+
17.0,female,12,,,did not ride,did not drive,2
18.0,female,12,not,Native Hawaiian or Other Pacific Islander,never,6-9,do not watch
18.0,female,12,not,White,did not ride,20-29,<1
17.0,female,12,not,White,sometimes,1-2,2
17.0,female,12,hispanic,,did not ride,did not drive,1
17.0,female,12,hispanic,,did not ride,,<1
18.0,female,12,not,White,did not ride,0,2
17.0,female,12,not,White,never,did not drive,<1
17.0,female,12,not,Native Hawaiian or Other Pacific Islander,rarely,1-2,do not watch
17.0,female,12,not,White,never,30,1
17.0,female,12,not,Black or African American,did not ride,3-5,3
17.0,female,12,hispanic,,,did not drive,do not watch
,male,,,,,0,2
18.0,male,12,not,Native Hawaiian or Other Pacific Islander,did not ride,6-9,<1
17.0,male,12,not,,did not ride,0,do not watch
17.0,male,12,not,White,most of time,0,do not watch
17.0,male,12,not,Native Hawaiian or Other Pacific Islander,never,,2
17.0,male,12,hispanic,,never,0,2
18.0,male,12,not,White,never,20-29,2
18.0,male,12,not,White,never,30,<1
18.0,male,12,hispanic,White,never,1-2,4
17.0,male,12,not,White,did not ride,,1
17.0,male,12,hispanic,White,rarely,did not drive,do not watch
17.0,male,12,hispanic,,did not ride,1-2,3
15.0,female,9,hispanic,,did not ride,did not drive,do not watch
14.0,female,9,not,Black or African American,never,did not drive,2
15.0,female,9,hispanic,,did not ride,,2
15.0,female,9,not,Black or African American,never,0,3
16.0,female,9,hispanic,American Indian or Alaska Native,never,did not drive,3
14.0,female,9,hispanic,White,never,did not drive,<1
14.0,female,9,hispanic,,did not ride,,3
16.0,female,9,hispanic,,never,did not drive,
14.0,female,9,hispanic,,never,did not drive,3
14.0,female,9,not,Black or African American,never,0,do not watch
14.0,male,9,hispanic,White,never,did not drive,do not watch
15.0,male,9,hispanic,,never,10-19,3
15.0,male,9,hispanic,White,never,0,2
14.0,male,9,not,Black or African American,did not ride,did not drive,do not watch
14.0,male,9,not,,never,did not drive,5+
14.0,male,9,not,Black or African American,never,did not drive,1
16.0,male,9,not,Black or African American,did not ride,0,<1
14.0,male,9,hispanic,,never,0,2
16.0,female,10,hispanic,Black or African American,never,0,3
15.0,female,10,hispanic,American Indian or Alaska Native,rarely,did not drive,2
15.0,female,10,hispanic,Native Hawaiian or Other Pacific Islander,always,did not drive,1
16.0,female,10,hispanic,,did not ride,1-2,5+
16.0,female,10,hispanic,,never,did not drive,2
15.0,female,10,not,Black or African American,never,did not drive,4
15.0,female,10,hispanic,,never,0,do not watch
16.0,female,10,not,,never,did not drive,1
16.0,female,10,not,Black or African American,did not ride,did not drive,2
16.0,female,10,not,Black or African American,never,3-5,2
16.0,female,10,hispanic,,did not ride,0,3
15.0,female,10,not,Black or African American,did not ride,did not drive,5+
15.0,female,10,hispanic,,never,did not drive,<1
16.0,female,10,hispanic,White,did not ride,did not drive,<1
16.0,female,10,hispanic,,never,0,2
15.0,male,10,hispanic,,never,did not drive,do not watch
16.0,male,10,not,Black or African American,never,did not drive,do not watch
17.0,male,10,hispanic,,never,0,2
15.0,male,10,not,Black or African American,did not ride,did not drive,<1
15.0,male,10,hispanic,,never,did not drive,3
15.0,male,10,hispanic,,did not ride,did not drive,3
16.0,male,10,hispanic,,never,0,5+
17.0,female,12,hispanic,White,never,0,2
18.0,female,12,hispanic,,did not ride,30,1
17.0,female,12,hispanic,,never,did not drive,2
17.0,female,12,not,,did not ride,did not drive,1
18.0,female,12,hispanic,,did not ride,did not drive,3
17.0,female,12,hispanic,Black or African American,never,0,1
17.0,female,12,hispanic,,did not ride,0,4
17.0,female,12,hispanic,,never,,2
17.0,female,12,not,Black or African American,never,0,1
17.0,female,12,not,Black or African American,never,0,5+
18.0,female,12,hispanic,,never,did not drive,<1
17.0,female,12,hispanic,,never,0,3
17.0,male,12,hispanic,,never,1-2,
17.0,male,12,not,Black or African American,never,1-2,2
18.0,male,12,hispanic,,never,0,1
17.0,male,12,not,Black or African American,did not ride,did not drive,2
18.0,male,12,not,White,never,0,1
18.0,male,12,not,White,never,1-2,1
18.0,female,11,hispanic,,never,did not drive,2
17.0,female,11,hispanic,,never,0,do not watch
17.0,female,11,hispanic,,never,did not drive,2
18.0,female,11,hispanic,,never,,2
16.0,female,11,hispanic,,never,0,2
17.0,female,11,not,Black or African American,never,did not drive,5+
17.0,female,11,hispanic,,did not ride,did not drive,2
18.0,female,11,hispanic,White,never,0,3
17.0,female,11,hispanic,,never,,2
17.0,female,11,not,Black or African American,did not ride,did not drive,4
17.0,female,11,hispanic,Black or African American,never,did not drive,<1
16.0,male,11,hispanic,Black or African American,rarely,did not drive,do not watch
16.0,male,11,not,Black or African American,did not ride,0,<1
17.0,male,11,hispanic,,never,0,1
17.0,male,11,hispanic,,did not ride,3-5,<1
17.0,male,11,hispanic,,never,0,3
17.0,male,11,hispanic,,never,did not drive,5+
18.0,male,11,hispanic,,never,,<1
16.0,male,11,hispanic,,never,0,do not watch
18.0,male,11,hispanic,,did not ride,0,3
17.0,male,11,hispanic,,never,,3
17.0,male,11,not,,never,6-9,5+
16.0,male,11,hispanic,,never,did not drive,1
17.0,male,11,hispanic,Native Hawaiian or Other Pacific Islander,never,,2
17.0,male,11,not,American Indian or Alaska Native,,6-9,4
18.0,female,11,hispanic,,did not ride,0,1
18.0,female,11,hispanic,,did not ride,0,1
17.0,female,11,not,Native Hawaiian or Other Pacific Islander,never,did not drive,3
18.0,female,11,hispanic,,never,0,5+
17.0,female,11,not,Native Hawaiian or Other Pacific Islander,did not ride,did not drive,2
17.0,female,11,not,,did not ride,did not drive,<1
18.0,female,11,not,Asian,did not ride,,5+
17.0,female,12,not,Native Hawaiian or Other Pacific Islander,never,did not drive,5+
18.0,female,11,hispanic,White,never,did not drive,do not watch
16.0,female,11,hispanic,White,did not ride,did not drive,
17.0,female,11,hispanic,,did not ride,did not drive,do not watch
18.0,female,11,not,,never,0,2
17.0,female,11,not,Black or African American,did not ride,did not drive,2
16.0,male,11,not,Black or African American,did not ride,,3
17.0,male,11,not,Black or African American,never,0,4
17.0,male,11,not,Black or African American,never,0,5+
18.0,female,12,not,Black or African American,did not ride,20-29,do not watch
18.0,female,12,hispanic,American Indian or Alaska Native,did not ride,30,<1
18.0,female,12,hispanic,,never,,3
18.0,female,12,hispanic,American Indian or Alaska Native,did not ride,,do not watch
18.0,female,12,hispanic,American Indian or Alaska Native,did not ride,did not drive,2
18.0,female,12,not,Black or African American,did not ride,did not drive,<1
18.0,male,12,not,Black or African American,never,did not drive,4
18.0,female,12,hispanic,Native Hawaiian or Other Pacific Islander,did not ride,30,do not watch
17.0,female,12,hispanic,Native Hawaiian or Other Pacific Islander,did not ride,,3
18.0,female,12,hispanic,,did not ride,3-5,2
18.0,female,,hispanic,,did not ride,1-2,4
18.0,female,12,not,Black or African American,never,0,5+
18.0,female,12,not,Black or African American,did not ride,did not drive,3
18.0,female,12,hispanic,Black or African American,did not ride,30,5+
18.0,female,12,not,Black or African American,did not ride,0,do not watch
18.0,female,12,not,Black or African American,did not ride,,5+
18.0,female,12,hispanic,White,never,0,4
18.0,female,12,hispanic,,did not ride,0,4
18.0,female,12,hispanic,White,did not ride,0,4
18.0,female,12,hispanic,,,0,3
18.0,female,12,hispanic,,did not ride,0,<1
17.0,male,12,hispanic,Black or African American,did not ride,0,3
18.0,male,12,not,Black or African American,never,1-2,3
18.0,male,12,not,Black or African American,never,30,5+
18.0,male,12,not,Black or African American,never,1-2,5+
18.0,male,12,hispanic,,did not ride,0,4
18.0,male,12,hispanic,,never,0,5+
18.0,male,12,hispanic,,did not ride,0,2
18.0,male,12,,Black or African American,rarely,0,do not watch
16.0,male,12,not,American Indian or Alaska Native,sometimes,0,4
18.0,male,12,not,Black or African American,rarely,0,4
18.0,male,12,not,Black or African American,never,0,<1
18.0,male,12,hispanic,,never,30,<1
18.0,male,12,hispanic,,did not ride,did not drive,5+
18.0,male,12,hispanic,Black or African American,never,30,5+
18.0,male,12,hispanic,,,3-5,do not watch
17.0,female,12,not,Black or African American,did not ride,,3
14.0,female,9,not,Native Hawaiian or Other Pacific Islander,did not ride,0,5+
16.0,female,10,not,Black or African American,never,,2
14.0,female,9,hispanic,,sometimes,0,5+
16.0,female,9,hispanic,,did not ride,did not drive,5+
18.0,male,9,hispanic,White,never,30,2
17.0,male,10,hispanic,,never,,3
16.0,male,11,not,Black or African American,never,did not drive,4
17.0,male,10,not,Black or African American,never,did not drive,5+
17.0,female,11,not,Black or African American,did not ride,did not drive,<1
16.0,female,11,not,Black or African American,never,0,<1
16.0,female,10,hispanic,,never,0,do not watch
16.0,female,10,hispanic,,never,did not drive,3
18.0,male,12,hispanic,Black or African American,never,0,3
18.0,male,12,not,Black or African American,did not ride,1-2,2
18.0,male,12,not,Black or African American,did not ride,did not drive,1
18.0,male,12,not,Black or African American,never,30,<1
17.0,male,12,not,Black or African American,never,0,1
18.0,male,12,not,Black or African American,did not ride,did not drive,<1
17.0,male,12,not,Black or African American,did not ride,did not drive,4
,male,,,,,1-2,2
17.0,female,12,not,Black or African American,never,did not drive,5+
18.0,female,12,not,Black or African American,did not ride,did not drive,<1
18.0,female,12,not,Black or African American,did not ride,0,1
18.0,female,12,not,Black or African American,did not ride,did not drive,4
17.0,female,12,not,Black or African American,never,0,1
18.0,female,12,not,Black or African American,did not ride,0,2
17.0,female,12,not,Black or African American,did not ride,0,2
17.0,female,12,not,Black or African American,never,did not drive,2
17.0,female,12,not,Black or African American,did not ride,0,5+
17.0,female,12,not,Black or African American,did not ride,did not drive,5+
18.0,female,12,not,Black or African American,did not ride,0,3
17.0,female,12,not,Black or African American,never,0,5+
15.0,male,10,not,Black or African American,never,1-2,1
17.0,male,10,not,Black or African American,rarely,did not drive,2
15.0,male,10,not,Black or African American,,0,5+
16.0,male,10,not,Black or African American,never,1-2,2
16.0,male,10,not,Black or African American,never,0,3
17.0,male,10,hispanic,,never,,<1
16.0,male,10,not,Black or African American,never,1-2,3
16.0,male,10,not,Black or African American,did not ride,0,3
16.0,female,10,not,Black or African American,rarely,0,4
16.0,female,10,not,Black or African American,did not ride,did not drive,5+
16.0,female,10,not,Black or African American,did not ride,0,5+
17.0,female,10,not,Black or African American,never,30,2
16.0,female,10,not,Black or African American,never,0,2
17.0,female,10,not,Black or African American,did not ride,,2
17.0,female,10,not,Black or African American,never,0,5+
16.0,female,10,not,Black or African American,rarely,,3
16.0,female,10,not,Black or African American,never,0,5+
15.0,male,9,not,Black or African American,never,0,5+
14.0,male,9,not,Black or African American,never,0,2
14.0,male,9,not,Black or African American,never,,do not watch
15.0,male,9,not,Black or African American,never,,4
16.0,male,9,not,Black or African American,never,did not drive,5+
16.0,male,9,not,Black or African American,never,,4
15.0,male,9,not,Black or African American,never,0,2
14.0,male,9,not,Black or African American,never,30,do not watch
15.0,male,9,not,Black or African American,,,5+
15.0,male,9,not,Black or African American,never,0,4
14.0,male,9,not,Black or African American,never,did not drive,5+
15.0,male,9,not,Black or African American,did not ride,did not drive,3
15.0,male,9,not,Black or African American,never,did not drive,3
15.0,female,9,not,Black or African American,never,,2
15.0,female,9,not,Black or African American,never,did not drive,2
15.0,female,9,not,Black or African American,did not ride,3-5,3
16.0,female,9,not,Black or African American,never,,
16.0,female,9,not,Black or African American,did not ride,did not drive,do not watch
15.0,female,9,not,Black or African American,never,did not drive,2
15.0,female,9,not,Black or African American,never,did not drive,5+
14.0,female,9,not,Black or African American,did not ride,0,5+
14.0,female,9,not,Black or African American,never,0,1
15.0,female,9,not,Black or African American,never,,1
17.0,male,11,not,Black or African American,never,did not drive,4
18.0,male,11,not,Black or African American,did not ride,,3
17.0,male,11,not,,did not ride,did not drive,3
17.0,male,11,not,Black or African American,never,0,4
18.0,male,11,not,,never,0,4
17.0,male,11,not,Black or African American,never,0,do not watch
16.0,male,11,not,Black or African American,never,,2
18.0,male,11,not,Black or African American,did not ride,0,3
16.0,female,11,not,Black or African American,did not ride,did not drive,4
16.0,female,11,not,Black or African American,did not ride,,do not watch
17.0,female,11,not,Black or African American,did not ride,did not drive,<1
17.0,female,11,not,Black or African American,did not ride,0,5+
17.0,female,11,not,Black or African American,did not ride,did not drive,2
17.0,female,11,not,Black or African American,did not ride,0,3
16.0,female,11,hispanic,,never,0,<1
17.0,female,11,not,Black or African American,did not ride,did not drive,4
17.0,female,11,not,Black or African American,did not ride,did not drive,3
17.0,female,11,not,Black or African American,,0,3
16.0,female,11,not,Black or African American,never,0,4
17.0,female,11,not,Black or African American,did not ride,,5+
17.0,female,11,not,Black or African American,never,,do not watch
17.0,female,11,not,Black or African American,did not ride,,5+
15.0,female,9,not,Black or African American,never,did not drive,5+
15.0,female,9,not,White,did not ride,0,do not watch
15.0,female,9,not,White,never,did not drive,3
15.0,female,9,not,White,sometimes,did not drive,4
15.0,female,9,not,White,did not ride,0,1
15.0,female,9,not,White,sometimes,did not drive,do not watch
15.0,female,9,not,,did not ride,did not drive,5+
15.0,female,9,not,Asian,never,did not drive,3
15.0,female,9,not,,most of time,0,3
15.0,female,9,not,White,always,did not drive,1
,male,,,,,,do not watch
15.0,male,9,not,Asian,never,did not drive,2
15.0,male,9,not,White,most of time,0,do not watch
15.0,male,9,not,,never,0,3
15.0,male,9,not,White,always,did not drive,<1
15.0,male,9,not,White,never,0,<1
15.0,male,9,not,White,never,0,1
14.0,male,9,not,Black or African American,never,did not drive,2
15.0,male,9,not,Asian,did not ride,,3
17.0,female,12,not,Black or African American,never,20-29,2
17.0,female,12,not,Black or African American,did not ride,did not drive,1
17.0,female,12,hispanic,American Indian or Alaska Native,did not ride,,2
17.0,female,12,hispanic,White,did not ride,did not drive,1
17.0,female,12,hispanic,White,never,0,3
18.0,female,12,not,White,never,3-5,2
18.0,female,12,not,Asian,did not ride,did not drive,<1
17.0,female,12,not,Black or African American,did not ride,30,5+
18.0,female,12,not,Black or African American,never,1-2,3
18.0,female,12,hispanic,White,did not ride,did not drive,4
18.0,female,12,not,White,never,0,<1
17.0,female,12,not,Black or African American,did not ride,30,5+
17.0,female,12,not,Black or African American,never,0,2
18.0,female,12,not,White,never,0,3
18.0,female,12,not,Black or African American,did not ride,30,<1
17.0,female,12,not,White,never,0,<1
17.0,male,12,hispanic,White,never,1-2,1
17.0,male,12,hispanic,American Indian or Alaska Native,never,0,3
17.0,male,12,not,White,did not ride,0,do not watch
17.0,male,12,hispanic,,never,1-2,3
18.0,male,12,not,Black or African American,did not ride,0,2
17.0,male,12,not,Black or African American,never,did not drive,4
18.0,male,12,hispanic,,did not ride,0,do not watch
17.0,male,12,not,White,never,1-2,4
15.0,female,9,hispanic,White,never,,do not watch
15.0,female,9,not,White,never,did not drive,5+
15.0,female,9,hispanic,White,never,,2
14.0,female,9,not,,never,did not drive,<1
14.0,female,9,not,,never,0,4
14.0,female,9,not,White,never,did not drive,2
14.0,female,9,hispanic,White,never,0,<1
15.0,female,9,not,Black or African American,never,,5+
14.0,female,9,not,Black or African American,never,did not drive,3
15.0,male,9,hispanic,White,never,,<1
15.0,male,9,hispanic,White,never,,<1
13.0,male,9,not,White,never,0,do not watch
14.0,male,9,hispanic,White,always,did not drive,2
15.0,male,9,hispanic,White,never,0,1
14.0,female,9,hispanic,White,never,30,5+
15.0,male,9,hispanic,American Indian or Alaska Native,never,did not drive,<1
15.0,male,9,not,Black or African American,never,,do not watch
14.0,male,9,hispanic,American Indian or Alaska Native,never,0,1
14.0,male,9,not,White,never,did not drive,2
14.0,male,9,hispanic,White,never,did not drive,<1
14.0,male,9,hispanic,White,never,did not drive,<1
14.0,male,9,hispanic,White,never,did not drive,do not watch
14.0,male,9,hispanic,American Indian or Alaska Native,never,did not drive,3
14.0,male,9,not,Native Hawaiian or Other Pacific Islander,never,30,do not watch
15.0,male,9,hispanic,White,never,0,3
16.0,female,10,hispanic,White,never,0,1
16.0,female,10,hispanic,White,never,did not drive,4
17.0,female,10,hispanic,White,never,0,do not watch
16.0,female,10,hispanic,White,never,did not drive,<1
17.0,female,10,hispanic,White,rarely,1-2,1
15.0,female,10,not,White,did not ride,did not drive,2
16.0,female,10,not,White,did not ride,0,5+
16.0,female,10,not,White,did not ride,30,2
15.0,female,10,not,White,did not ride,did not drive,<1
16.0,male,10,not,Black or African American,never,,3
15.0,male,10,hispanic,White,never,0,2
15.0,male,10,hispanic,,never,30,2
16.0,male,10,hispanic,,never,0,3
15.0,male,10,hispanic,White,never,0,2
16.0,male,10,not,White,never,0,<1
17.0,male,10,not,Black or African American,did not ride,30,1
15.0,male,10,hispanic,White,never,did not drive,1
15.0,male,10,not,Black or African American,never,0,3
15.0,male,10,hispanic,White,never,did not drive,5+
15.0,male,10,hispanic,,never,did not drive,2
16.0,male,10,not,White,never,did not drive,4
16.0,male,10,not,White,never,did not drive,5+
17.0,male,10,hispanic,American Indian or Alaska Native,never,0,1
16.0,male,10,hispanic,White,never,did not drive,2
16.0,male,10,hispanic,,never,did not drive,1
17.0,female,10,hispanic,American Indian or Alaska Native,never,did not drive,<1
15.0,male,10,hispanic,White,never,did not drive,4
15.0,male,10,hispanic,White,sometimes,0,1
17.0,male,11,not,White,did not ride,1-2,2
16.0,male,11,not,Asian,never,0,3
16.0,male,11,hispanic,White,never,6-9,1
17.0,male,11,hispanic,American Indian or Alaska Native,most of time,1-2,2
17.0,male,11,not,White,never,0,1
17.0,male,11,hispanic,White,did not ride,0,do not watch
17.0,male,11,not,Black or African American,never,1-2,1
17.0,male,11,not,White,,3-5,do not watch
18.0,male,11,not,Black or African American,never,0,3
18.0,male,12,not,Black or African American,never,1-2,3
16.0,male,11,hispanic,White,never,0,4
17.0,male,11,not,Black or African American,never,0,4
16.0,male,11,hispanic,White,never,did not drive,5+
18.0,male,11,not,Black or African American,never,1-2,3
17.0,male,11,not,Black or African American,never,did not drive,5+
17.0,female,11,hispanic,,did not ride,1-2,2
17.0,female,11,hispanic,White,did not ride,,<1
17.0,female,11,not,American Indian or Alaska Native,never,1-2,4
16.0,female,11,hispanic,White,never,,do not watch
17.0,female,11,hispanic,,did not ride,0,5+
17.0,female,11,hispanic,White,did not ride,did not drive,<1
17.0,female,11,not,Black or African American,,0,5+
17.0,female,11,hispanic,Black or African American,never,30,2
15.0,female,9,not,Black or African American,did not ride,0,<1
15.0,female,9,not,White,never,0,3
16.0,female,9,not,White,never,1-2,2
14.0,female,9,not,White,never,did not drive,<1
16.0,female,9,not,,did not ride,0,4
15.0,male,9,not,White,never,,1
15.0,male,9,not,White,did not ride,30,3
14.0,male,9,not,Black or African American,never,0,5+
15.0,male,9,not,White,never,6-9,2
15.0,male,9,not,Black or African American,never,0,2
15.0,male,9,not,White,never,did not drive,2
15.0,male,9,not,White,never,,2
14.0,male,9,not,White,did not ride,did not drive,1
15.0,male,9,,,did not ride,0,2
17.0,male,9,not,Asian,did not ride,,5+
15.0,male,9,not,American Indian or Alaska Native,never,0,4
16.0,male,9,not,White,did not ride,0,do not watch
16.0,male,9,not,White,never,0,3
15.0,male,9,not,White,never,did not drive,<1
15.0,male,9,not,Black or African American,never,did not drive,5+
15.0,male,9,,White,never,0,<1
16.0,male,9,not,Black or African American,sometimes,0,2
15.0,male,9,not,Black or African American,never,did not drive,do not watch
16.0,male,9,not,White,never,0,do not watch
16.0,male,9,not,Black or African American,never,0,3
16.0,male,9,not,White,never,did not drive,do not watch
15.0,female,10,not,White,never,0,1
15.0,female,10,hispanic,White,never,0,do not watch
16.0,female,10,not,White,never,0,<1
16.0,female,10,not,White,did not ride,did not drive,<1
15.0,female,10,not,White,did not ride,0,3
16.0,female,10,not,Black or African American,did not ride,did not drive,4
16.0,female,10,not,White,did not ride,0,do not watch
15.0,female,10,not,White,did not ride,0,3
16.0,male,10,not,Black or African American,never,0,2
15.0,male,10,not,White,never,30,2
16.0,male,10,not,White,never,10-19,1
16.0,male,10,not,White,never,30,5+
16.0,male,10,not,White,never,1-2,2
16.0,male,10,not,White,never,1-2,1
15.0,male,10,not,White,did not ride,0,4
15.0,male,10,not,White,never,0,1
18.0,male,12,not,White,never,30,1
18.0,male,12,not,White,did not ride,10-19,<1
17.0,male,11,not,White,never,3-5,3
15.0,male,9,,White,did not ride,did not drive,5+
14.0,male,9,not,White,never,did not drive,1
14.0,male,9,not,White,never,0,<1
15.0,female,9,not,White,did not ride,did not drive,do not watch
15.0,female,9,not,White,never,did not drive,4
16.0,female,10,not,White,never,1-2,<1
15.0,female,9,not,White,did not ride,0,<1
16.0,female,10,not,White,never,1-2,<1
18.0,female,12,not,White,did not ride,30,do not watch
17.0,female,12,not,White,did not ride,0,do not watch
15.0,female,10,,White,never,0,<1
16.0,female,10,not,Black or African American,did not ride,0,2
15.0,female,10,not,White,never,0,3
16.0,male,10,not,White,never,0,1
15.0,male,10,not,White,did not ride,did not drive,3
17.0,male,10,not,Black or African American,never,did not drive,3
16.0,male,10,not,White,never,3-5,2
17.0,male,11,not,Black or African American,,0,3
15.0,male,10,not,Black or African American,never,3-5,4
16.0,male,10,not,White,never,0,<1
16.0,male,10,not,Black or African American,never,0,2
16.0,male,10,not,White,never,did not drive,4
16.0,male,10,hispanic,Black or African American,never,0,2
15.0,male,10,not,White,never,did not drive,2
16.0,male,10,not,White,never,30,3
16.0,male,10,not,White,never,0,1
16.0,male,10,not,White,never,0,5+
16.0,female,10,not,Black or African American,did not ride,did not drive,2
17.0,female,12,not,White,never,did not drive,1
16.0,female,10,not,White,never,0,1
15.0,female,10,not,White,never,0,1
15.0,female,10,not,,did not ride,0,3
16.0,female,10,not,Black or African American,never,0,3
16.0,female,10,not,,did not ride,,2
15.0,female,10,not,White,rarely,0,1
15.0,female,10,not,White,did not ride,0,1
15.0,female,10,not,White,did not ride,did not drive,2
15.0,female,10,not,White,never,0,1
15.0,female,10,not,White,did not ride,did not drive,5+
15.0,female,10,not,White,did not ride,0,<1
15.0,female,10,hispanic,,did not ride,0,1
18.0,female,12,hispanic,Black or African American,did not ride,0,1
17.0,female,12,not,White,never,did not drive,3
18.0,female,12,not,Black or African American,did not ride,did not drive,do not watch
17.0,female,12,not,Black or African American,did not ride,,2
17.0,female,12,not,White,did not ride,did not drive,<1
18.0,female,12,not,White,rarely,6-9,2
17.0,female,12,not,White,did not ride,0,<1
17.0,female,12,hispanic,,did not ride,0,do not watch
18.0,male,12,not,Black or African American,did not ride,did not drive,5+
18.0,male,12,not,Black or African American,never,1-2,3
18.0,male,12,not,White,never,30,5+
17.0,male,12,not,White,did not ride,1-2,1
18.0,male,12,not,White,sometimes,0,4
18.0,male,12,not,White,did not ride,30,5+
18.0,male,12,not,White,did not ride,3-5,4
18.0,male,12,not,White,did not ride,0,1
18.0,male,12,not,White,,20-29,3
,female,,,,,0,1
15.0,female,9,not,Asian,did not ride,,do not watch
15.0,female,9,hispanic,,never,0,5+
15.0,female,9,hispanic,,never,did not drive,4
15.0,female,9,hispanic,,never,0,5+
14.0,female,9,not,Black or African American,never,0,4
15.0,female,9,hispanic,White,did not ride,did not drive,3
14.0,female,9,hispanic,,never,did not drive,4
15.0,female,9,not,Black or African American,never,did not drive,<1
15.0,female,9,not,White,did not ride,did not drive,2
15.0,female,9,hispanic,,did not ride,did not drive,2
15.0,female,9,hispanic,,did not ride,did not drive,1
14.0,female,9,hispanic,,did not ride,10-19,5+
15.0,female,9,not,White,did not ride,0,<1
15.0,female,9,hispanic,,rarely,0,2
15.0,female,9,hispanic,Black or African American,never,did not drive,<1
16.0,male,9,not,Black or African American,did not ride,did not drive,<1
16.0,male,9,hispanic,Native Hawaiian or Other Pacific Islander,did not ride,did not drive,do not watch
15.0,male,9,hispanic,,did not ride,0,5+
16.0,male,9,hispanic,,never,did not drive,2
16.0,male,9,hispanic,White,did not ride,,2
15.0,male,9,hispanic,,sometimes,did not drive,3
15.0,male,9,hispanic,,never,did not drive,2
15.0,male,9,not,White,never,did not drive,2
15.0,male,9,hispanic,,did not ride,did not drive,<1
14.0,male,9,hispanic,American Indian or Alaska Native,never,0,<1
15.0,male,9,hispanic,,never,0,4
15.0,male,9,not,White,most of time,did not drive,1
15.0,male,9,hispanic,,never,,<1
15.0,male,9,hispanic,,did not ride,did not drive,1
15.0,male,9,hispanic,,never,0,2
15.0,male,9,hispanic,,never,did not drive,5+
14.0,female,9,not,,never,did not drive,1
15.0,female,9,hispanic,,did not ride,0,2
14.0,female,9,hispanic,Black or African American,never,0,1
15.0,female,9,hispanic,Asian,did not ride,did not drive,do not watch
15.0,female,9,hispanic,,did not ride,did not drive,3
14.0,female,9,hispanic,,always,did not drive,<1
15.0,female,9,not,Black or African American,did not ride,did not drive,do not watch
14.0,female,9,not,Black or African American,did not ride,did not drive,5+
14.0,female,9,hispanic,,rarely,did not drive,do not watch
15.0,female,9,hispanic,,did not ride,0,4
15.0,female,9,hispanic,,did not ride,did not drive,2
14.0,female,9,hispanic,,did not ride,did not drive,3
15.0,female,9,hispanic,,did not ride,0,
15.0,female,9,hispanic,,most of time,did not drive,1
15.0,female,9,hispanic,,rarely,0,3
14.0,female,9,hispanic,,never,0,2
15.0,female,9,hispanic,,never,did not drive,4
15.0,female,9,hispanic,,did not ride,did not drive,1
15.0,female,9,not,,never,0,2
14.0,female,9,hispanic,,never,did not drive,1
15.0,female,9,hispanic,,never,did not drive,<1
16.0,male,9,hispanic,,rarely,did not drive,3
15.0,male,9,not,White,,did not drive,do not watch
15.0,male,9,hispanic,,never,did not drive,4
14.0,male,9,not,Black or African American,did not ride,did not drive,5+
14.0,male,9,hispanic,,did not ride,did not drive,3
14.0,male,9,not,Black or African American,never,,5+
14.0,male,9,not,,never,did not drive,do not watch
15.0,male,9,hispanic,,did not ride,did not drive,2
14.0,male,9,hispanic,,sometimes,did not drive,2
15.0,male,9,hispanic,Black or African American,never,0,4
15.0,male,9,hispanic,,sometimes,did not drive,3
15.0,female,9,not,Black or African American,did not ride,did not drive,4
15.0,female,9,not,Black or African American,never,0,2
16.0,female,9,not,Black or African American,never,did not drive,5+
16.0,female,9,not,Black or African American,never,,do not watch
15.0,female,9,not,Black or African American,never,did not drive,4
15.0,female,9,not,Black or African American,never,10-19,5+
15.0,female,9,not,Black or African American,did not ride,1-2,5+
15.0,female,9,not,Black or African American,,0,<1
15.0,female,9,not,Black or African American,did not ride,1-2,5+
14.0,female,9,not,Black or African American,did not ride,0,2
14.0,female,9,,Black or African American,never,20-29,1
15.0,female,9,not,White,never,,do not watch
14.0,female,9,not,Black or African American,never,did not drive,5+
16.0,female,9,not,Black or African American,never,0,4
16.0,female,9,not,Black or African American,never,did not drive,4
16.0,female,9,not,Black or African American,did not ride,,<1
16.0,female,9,not,Black or African American,did not ride,did not drive,3
15.0,female,9,not,,rarely,did not drive,3
15.0,female,9,not,Black or African American,did not ride,0,5+
16.0,male,9,not,Black or African American,never,0,2
15.0,male,9,not,Black or African American,never,0,5+
15.0,male,9,not,Black or African American,did not ride,30,<1
16.0,male,9,not,Black or African American,did not ride,0,5+
14.0,male,9,not,Black or African American,never,,3
15.0,male,9,not,Black or African American,never,,do not watch
14.0,male,9,not,Black or African American,rarely,0,3
16.0,male,9,not,Black or African American,never,0,5+
15.0,male,9,not,Black or African American,never,0,3
16.0,male,9,not,Black or African American,never,0,5+
17.0,male,9,not,Black or African American,never,0,do not watch
15.0,male,9,not,Native Hawaiian or Other Pacific Islander,never,,3
15.0,male,9,not,Black or African American,never,did not drive,5+
15.0,male,9,not,Black or African American,never,did not drive,5+
16.0,male,9,,Black or African American,never,30,
15.0,male,9,hispanic,,did not ride,did not drive,4
16.0,male,9,not,Black or African American,never,30,2
15.0,male,9,not,Black or African American,never,0,4
14.0,male,9,not,Black or African American,never,0,2
16.0,male,9,not,Black or African American,never,did not drive,4
16.0,male,9,not,Black or African American,never,did not drive,4
16.0,male,9,,Black or African American,never,0,1
15.0,male,9,not,White,never,did not drive,3
17.0,female,9,not,Black or African American,never,,5+
14.0,female,9,not,White,did not ride,did not drive,2
15.0,female,9,not,Black or African American,never,did not drive,5+
15.0,female,9,not,American Indian or Alaska Native,never,,<1
16.0,female,9,not,Black or African American,never,1-2,5+
17.0,female,9,not,Black or African American,did not ride,0,2
16.0,female,9,not,Black or African American,never,did not drive,5+
16.0,female,9,not,,did not ride,did not drive,5+
15.0,female,9,not,Black or African American,never,0,4
15.0,female,9,not,Black or African American,did not ride,0,1
16.0,female,9,not,Black or African American,never,0,3
15.0,female,9,not,,never,did not drive,do not watch
15.0,female,9,not,Black or African American,never,did not drive,<1
16.0,female,9,not,Black or African American,never,did not drive,2
16.0,female,9,not,Black or African American,never,0,5+
15.0,female,9,not,Black or African American,never,30,4
14.0,female,9,not,Black or African American,never,,5+
16.0,female,9,not,Black or African American,did not ride,30,2
15.0,female,9,not,Black or African American,never,1-2,5+
14.0,male,9,not,Black or African American,never,,<1
16.0,male,9,not,Black or African American,never,1-2,
17.0,male,9,not,Black or African American,never,10-19,
15.0,male,9,not,Black or African American,never,,<1
17.0,male,9,not,Black or African American,never,,5+
15.0,male,9,not,Black or African American,never,did not drive,1
15.0,male,9,not,Black or African American,never,0,5+
16.0,male,9,not,Black or African American,never,0,5+
15.0,male,9,not,,did not ride,did not drive,3
14.0,male,9,hispanic,,never,0,3
15.0,male,9,not,Black or African American,never,0,3
16.0,male,9,not,,did not ride,did not drive,4
14.0,male,9,not,,did not ride,did not drive,5+
16.0,male,9,not,Black or African American,never,0,3
15.0,male,9,not,Black or African American,never,0,
15.0,male,9,not,Black or African American,never,did not drive,<1
16.0,male,9,not,Black or African American,never,0,3
15.0,male,9,not,Black or African American,did not ride,did not drive,5+
16.0,male,9,not,Black or African American,never,0,4
15.0,male,9,not,Black or African American,never,did not drive,3
14.0,male,9,not,Black or African American,never,did not drive,1
16.0,male,9,not,Black or African American,never,0,
14.0,male,9,not,White,never,0,2
15.0,male,9,not,White,sometimes,did not drive,<1
15.0,male,9,not,White,rarely,0,1
15.0,male,9,not,White,never,did not drive,2
14.0,male,9,not,White,never,did not drive,do not watch
16.0,male,9,hispanic,,never,,3
15.0,male,9,not,White,never,0,<1
16.0,female,9,not,White,never,did not drive,<1
15.0,female,9,not,White,never,0,1
14.0,female,9,not,White,never,did not drive,2
15.0,female,9,not,White,most of time,0,do not watch
15.0,female,9,hispanic,,never,did not drive,do not watch
15.0,female,9,hispanic,,never,,5+
15.0,female,9,not,Black or African American,did not ride,,3
15.0,male,10,not,Black or African American,never,0,1
16.0,male,10,hispanic,,never,0,do not watch
15.0,male,10,not,Native Hawaiian or Other Pacific Islander,rarely,did not drive,3
16.0,male,11,hispanic,,never,0,1
15.0,male,10,hispanic,,never,did not drive,do not watch
16.0,male,10,hispanic,American Indian or Alaska Native,never,1-2,3
16.0,male,10,hispanic,American Indian or Alaska Native,did not ride,3-5,<1
16.0,male,10,hispanic,,never,1-2,do not watch
,male,,,,,0,4
,female,,,,,did not drive,2
15.0,female,10,hispanic,White,did not ride,did not drive,do not watch
16.0,female,10,hispanic,,never,0,5+
16.0,female,10,hispanic,American Indian or Alaska Native,never,did not drive,3
15.0,female,10,hispanic,,did not ride,0,<1
18.0,female,12,not,White,did not ride,did not drive,do not watch
17.0,male,10,,,did not ride,did not drive,1
17.0,male,11,hispanic,,never,1-2,2
15.0,male,9,hispanic,,never,10-19,1
15.0,male,9,hispanic,,never,,2
,male,10,hispanic,White,never,did not drive,
15.0,male,9,hispanic,,never,0,<1
18.0,male,12,hispanic,,never,1-2,do not watch
17.0,male,11,hispanic,Black or African American,did not ride,0,2
16.0,male,10,hispanic,White,did not ride,0,3
16.0,male,10,hispanic,White,did not ride,0,3
14.0,female,9,not,Black or African American,did not ride,did not drive,2
16.0,female,9,hispanic,,never,did not drive,<1
15.0,female,9,hispanic,,did not ride,did not drive,5+
14.0,female,9,hispanic,,never,0,1
14.0,female,9,not,,never,,5+
15.0,female,9,not,,rarely,0,5+
16.0,female,10,hispanic,White,never,0,do not watch
15.0,female,9,hispanic,Native Hawaiian or Other Pacific Islander,never,,1
14.0,female,9,hispanic,,did not ride,,2
17.0,female,11,not,Black or African American,did not ride,0,do not watch
16.0,female,10,hispanic,White,never,0,3
15.0,female,9,hispanic,,did not ride,did not drive,2
18.0,female,12,not,Black or African American,did not ride,30,1
17.0,female,11,hispanic,White,never,did not drive,3
,male,,,,,did not drive,3
17.0,male,11,not,White,never,did not drive,do not watch
16.0,male,11,,,did not ride,0,5+
16.0,male,11,hispanic,,did not ride,0,2
17.0,male,11,hispanic,,never,10-19,<1
17.0,male,12,hispanic,White,did not ride,30,4
16.0,female,11,hispanic,White,did not ride,did not drive,do not watch
17.0,female,11,hispanic,,did not ride,0,2
16.0,female,12,hispanic,,did not ride,0,3
17.0,female,11,hispanic,,never,3-5,3
16.0,female,11,hispanic,,never,did not drive,3
16.0,female,11,not,White,sometimes,did not drive,2
16.0,female,11,hispanic,,did not ride,0,4
17.0,female,11,hispanic,,never,0,2
15.0,male,9,not,Black or African American,never,did not drive,5+
15.0,female,9,not,Black or African American,never,1-2,<1
14.0,female,9,not,Black or African American,did not ride,0,4
14.0,female,9,not,Black or African American,did not ride,did not drive,4
15.0,female,9,not,Black or African American,sometimes,0,5+
15.0,female,9,not,Black or African American,never,did not drive,3
14.0,female,9,not,Black or African American,never,0,2
14.0,female,9,not,Black or African American,did not ride,,5+
17.0,female,9,not,Black or African American,did not ride,0,<1
15.0,male,9,not,Black or African American,did not ride,3-5,2
16.0,male,9,hispanic,,did not ride,0,3
15.0,male,9,not,Black or African American,never,6-9,4
15.0,male,9,not,White,never,0,5+
16.0,male,9,not,White,did not ride,did not drive,5+
15.0,male,9,not,American Indian or Alaska Native,never,did not drive,5+
16.0,male,9,not,Black or African American,never,,do not watch
15.0,male,9,not,Black or African American,never,1-2,<1
15.0,male,9,not,White,never,0,3
15.0,male,9,not,Black or African American,never,3-5,3
14.0,male,9,not,Black or African American,never,0,3
15.0,male,9,not,Black or African American,did not ride,,<1
15.0,male,9,,Black or African American,,0,4
15.0,male,9,not,Black or African American,never,did not drive,2
16.0,male,9,not,Black or African American,never,0,do not watch
15.0,male,9,not,Black or African American,,0,3
16.0,male,9,not,White,never,0,5+
14.0,female,9,not,Black or African American,did not ride,3-5,5+
15.0,female,9,not,Black or African American,did not ride,,5+
16.0,female,9,not,Black or African American,did not ride,did not drive,do not watch
14.0,female,9,not,Black or African American,did not ride,30,do not watch
15.0,female,9,not,White,never,did not drive,3
14.0,female,9,not,Black or African American,never,,3
15.0,male,9,not,Black or African American,most of time,0,4
14.0,male,9,not,,always,0,4
15.0,male,9,not,Black or African American,never,0,3
15.0,male,9,not,Asian,rarely,did not drive,<1
14.0,male,9,not,Black or African American,never,0,do not watch
15.0,male,9,,Black or African American,never,6-9,4
16.0,male,9,not,Black or African American,never,,5+
15.0,male,9,not,Black or African American,did not ride,did not drive,5+
14.0,female,9,not,Black or African American,never,0,2
17.0,male,11,not,White,did not ride,30,5+
18.0,female,12,not,White,rarely,30,4
17.0,male,12,not,White,never,did not drive,2
18.0,male,12,hispanic,,never,0,3
18.0,female,12,not,White,did not ride,30,2
18.0,male,12,not,White,did not ride,1-2,5+
18.0,female,12,not,White,did not ride,0,3
16.0,male,11,not,White,never,10-19,3
16.0,male,11,not,White,did not ride,did not drive,<1
18.0,female,12,not,White,never,30,2
16.0,male,11,not,White,never,1-2,2
18.0,male,12,not,White,rarely,0,2
17.0,male,11,not,White,never,0,3
17.0,female,11,not,American Indian or Alaska Native,did not ride,30,2
18.0,male,12,not,White,did not ride,0,2
18.0,female,12,not,White,never,30,do not watch
16.0,male,11,not,White,never,1-2,4
17.0,male,12,not,Native Hawaiian or Other Pacific Islander,did not ride,30,3
18.0,male,12,not,White,did not ride,6-9,4
16.0,male,11,not,White,did not ride,0,<1
17.0,female,11,not,American Indian or Alaska Native,never,6-9,do not watch
17.0,male,11,not,American Indian or Alaska Native,never,0,4
17.0,male,11,not,White,never,0,do not watch
18.0,female,12,not,White,never,30,1
18.0,female,12,not,White,never,3-5,<1
17.0,female,11,not,White,did not ride,10-19,<1
18.0,female,12,not,White,did not ride,0,2
17.0,female,11,not,White,did not ride,0,do not watch
17.0,female,11,not,White,did not ride,10-19,<1
16.0,male,11,not,White,never,0,1
16.0,male,11,not,White,did not ride,did not drive,2
16.0,male,11,not,White,never,3-5,2
18.0,female,12,not,White,never,1-2,<1
16.0,male,11,not,White,never,did not drive,do not watch
14.0,male,9,not,White,never,did not drive,5+
17.0,male,11,not,White,never,0,<1
16.0,female,11,not,White,never,6-9,4
17.0,female,12,not,White,never,3-5,<1
17.0,male,11,not,White,did not ride,did not drive,<1
17.0,female,11,not,White,did not ride,1-2,2
16.0,male,11,not,White,never,3-5,<1
18.0,female,12,not,White,never,20-29,2
17.0,female,11,not,White,did not ride,30,
17.0,female,11,not,White,never,,1
17.0,female,12,not,White,never,0,<1
16.0,male,11,not,White,did not ride,1-2,1
16.0,female,11,not,Black or African American,never,30,<1
17.0,female,11,not,White,did not ride,0,do not watch
16.0,female,10,not,White,did not ride,did not drive,do not watch
17.0,female,11,not,White,did not ride,30,2
17.0,female,11,not,White,never,0,1
18.0,male,12,not,White,always,,2
18.0,male,12,not,White,never,3-5,<1
17.0,female,12,not,White,never,3-5,3
17.0,female,12,not,White,most of time,0,2
17.0,female,12,hispanic,,did not ride,did not drive,2
17.0,male,12,not,White,never,0,do not watch
15.0,male,9,not,White,never,0,4
15.0,male,9,not,American Indian or Alaska Native,never,0,5+
15.0,male,9,not,White,never,did not drive,1
16.0,female,10,not,White,did not ride,0,1
17.0,male,12,,White,did not ride,0,4
15.0,male,10,not,White,did not ride,did not drive,2
15.0,male,10,not,White,did not ride,0,<1
17.0,male,11,not,Black or African American,did not ride,20-29,do not watch
17.0,male,12,not,White,never,0,2
17.0,male,11,not,White,never,20-29,2
18.0,female,12,hispanic,Native Hawaiian or Other Pacific Islander,did not ride,0,1
15.0,male,10,not,White,always,did not drive,1
18.0,male,9,hispanic,White,,,
17.0,male,11,not,White,always,0,do not watch
17.0,male,11,hispanic,Native Hawaiian or Other Pacific Islander,never,did not drive,<1
17.0,male,11,not,White,never,30,5+
16.0,female,10,not,,did not ride,30,3
18.0,female,11,hispanic,White,did not ride,0,3
16.0,female,10,not,White,did not ride,0,<1
17.0,male,11,not,,did not ride,30,5+
18.0,male,12,not,White,never,30,1
18.0,male,12,hispanic,White,rarely,20-29,5+
18.0,male,12,not,White,did not ride,did not drive,3
17.0,female,12,not,White,never,0,<1
17.0,male,12,not,White,sometimes,6-9,do not watch
15.0,male,9,not,White,did not ride,did not drive,2
15.0,male,9,not,Black or African American,did not ride,did not drive,5+
14.0,male,9,not,White,never,0,1
18.0,male,12,not,Black or African American,did not ride,did not drive,4
15.0,male,9,hispanic,White,did not ride,,2
14.0,male,9,not,White,never,did not drive,<1
16.0,male,10,not,White,never,0,<1
16.0,female,11,,,never,0,4
15.0,male,10,not,White,never,0,2
17.0,male,11,not,White,never,0,5+
14.0,female,9,not,White,did not ride,did not drive,<1
15.0,female,10,not,White,did not ride,6-9,1
17.0,male,12,not,White,did not ride,0,3
17.0,male,12,not,White,most of time,0,<1
16.0,male,11,not,White,never,0,<1
18.0,male,12,not,White,always,30,<1
16.0,female,11,not,White,sometimes,1-2,do not watch
17.0,male,12,not,White,always,0,1
14.0,female,9,not,Asian,never,,<1
17.0,female,12,not,,never,3-5,2
17.0,male,12,hispanic,White,never,1-2,<1
18.0,female,12,hispanic,Black or African American,never,20-29,5+
17.0,female,12,hispanic,American Indian or Alaska Native,did not ride,0,3
16.0,female,10,not,Black or African American,never,0,2
15.0,female,10,not,White,never,0,3
15.0,male,9,not,White,most of time,did not drive,1
15.0,male,10,not,White,never,0,do not watch
14.0,male,9,hispanic,White,never,,<1
16.0,male,11,hispanic,White,never,did not drive,<1
14.0,male,9,not,White,never,did not drive,1
15.0,female,9,not,White,never,0,4
15.0,male,9,not,White,never,0,1
15.0,female,9,hispanic,White,did not ride,did not drive,3
15.0,female,9,not,White,did not ride,,<1
15.0,male,9,not,White,never,0,1
15.0,female,10,not,Black or African American,did not ride,0,<1
15.0,female,10,not,White,did not ride,0,2
17.0,female,12,not,Black or African American,never,30,4
18.0,female,12,not,White,did not ride,30,2
17.0,male,12,not,White,never,0,1
18.0,male,12,not,White,never,0,
15.0,male,10,not,,never,did not drive,do not watch
16.0,male,10,hispanic,White,never,0,<1
15.0,female,9,not,White,never,1-2,1
18.0,female,12,not,White,most of time,3-5,<1
17.0,female,12,hispanic,White,did not ride,0,5+
18.0,female,12,not,White,did not ride,30,<1
15.0,female,10,hispanic,White,never,0,<1
16.0,female,11,not,White,did not ride,0,2
18.0,female,12,not,Asian,rarely,0,3
17.0,female,12,not,White,did not ride,6-9,<1
17.0,female,12,not,White,never,6-9,1
14.0,female,9,not,White,never,did not drive,2
15.0,female,9,not,White,never,did not drive,2
15.0,female,9,not,,most of time,did not drive,do not watch
14.0,female,9,not,White,did not ride,did not drive,do not watch
15.0,female,9,not,White,never,did not drive,2
14.0,female,9,not,Black or African American,never,did not drive,2
15.0,female,9,not,White,did not ride,did not drive,2
15.0,female,9,not,White,never,0,1
15.0,female,9,not,White,did not ride,did not drive,<1
15.0,female,9,not,White,most of time,did not drive,2
14.0,female,9,not,White,never,did not drive,4
15.0,male,9,not,White,never,did not drive,<1
14.0,male,9,not,Black or African American,did not ride,did not drive,3
15.0,male,9,not,Black or African American,did not ride,did not drive,5+
14.0,male,9,not,White,never,did not drive,2
15.0,male,9,not,White,never,,1
15.0,male,9,not,White,never,did not drive,5+
15.0,male,9,not,White,never,did not drive,do not watch
14.0,male,9,not,White,never,did not drive,<1
16.0,male,9,not,White,did not ride,did not drive,
14.0,male,9,not,White,never,did not drive,<1
14.0,male,9,not,,never,,do not watch
16.0,female,10,not,White,never,1-2,1
15.0,female,10,not,White,never,0,2
16.0,female,10,not,White,did not ride,did not drive,1
15.0,female,10,not,White,did not ride,1-2,do not watch
16.0,female,10,not,White,did not ride,0,3
16.0,female,10,not,Black or African American,never,1-2,3
15.0,female,10,not,White,never,0,<1
15.0,female,10,not,White,never,did not drive,3
15.0,female,10,not,Black or African American,did not ride,did not drive,2
16.0,female,10,not,White,never,0,3
15.0,female,10,hispanic,Asian,did not ride,did not drive,1
16.0,female,10,not,White,did not ride,0,4
16.0,female,10,not,White,never,0,3
15.0,female,10,not,White,did not ride,did not drive,1
16.0,male,10,not,White,rarely,0,<1
16.0,male,10,not,White,never,did not drive,1
15.0,male,10,not,,never,did not drive,2
16.0,male,10,not,White,never,0,3
16.0,male,10,not,White,did not ride,did not drive,1
18.0,male,12,hispanic,White,did not ride,did not drive,do not watch
15.0,male,10,not,White,most of time,0,do not watch
16.0,male,10,not,White,did not ride,0,3
15.0,male,10,not,White,did not ride,0,1
16.0,male,10,not,White,never,,1
17.0,male,11,not,White,never,0,3
17.0,male,11,hispanic,Black or African American,did not ride,30,<1
17.0,male,11,not,White,never,6-9,2
16.0,male,11,not,White,never,1-2,2
17.0,male,11,not,White,never,20-29,4
17.0,male,11,not,White,never,30,
18.0,male,11,not,White,never,did not drive,5+
17.0,male,11,not,White,did not ride,3-5,2
17.0,male,11,not,White,never,0,<1
17.0,male,11,not,White,never,30,1
17.0,male,11,not,White,never,10-19,2
17.0,male,11,not,Black or African American,never,did not drive,do not watch
13.0,female,10,hispanic,,always,,3
18.0,female,11,not,White,never,1-2,1
17.0,female,11,not,White,did not ride,did not drive,<1
17.0,female,11,not,White,did not ride,1-2,<1
18.0,female,11,not,White,did not ride,0,do not watch
17.0,female,11,not,White,never,1-2,<1
17.0,female,11,not,White,never,20-29,<1
18.0,male,12,not,White,rarely,20-29,1
18.0,male,12,not,White,never,6-9,<1
18.0,female,12,not,White,did not ride,1-2,1
18.0,female,12,not,White,rarely,6-9,1
17.0,female,12,not,White,never,30,2
18.0,female,12,hispanic,White,never,1-2,3
18.0,female,12,not,White,never,30,2
17.0,female,12,not,White,never,6-9,<1
18.0,female,12,not,White,never,20-29,3
14.0,female,9,hispanic,White,never,did not drive,4
15.0,female,9,not,White,never,did not drive,1
14.0,female,9,not,White,never,did not drive,1
15.0,female,9,not,White,never,did not drive,3
15.0,female,9,not,White,did not ride,did not drive,<1
14.0,female,9,not,White,did not ride,did not drive,3
15.0,female,9,not,White,never,did not drive,1
15.0,female,9,not,White,rarely,did not drive,2
15.0,female,9,not,White,rarely,0,<1
15.0,female,9,not,White,did not ride,did not drive,<1
15.0,female,9,not,White,did not ride,0,<1
15.0,female,9,not,White,never,did not drive,<1
15.0,female,9,not,White,never,0,2
15.0,female,9,not,White,did not ride,did not drive,1
14.0,female,9,not,White,never,did not drive,<1
15.0,female,9,not,White,did not ride,0,1
16.0,male,9,not,White,never,0,2
16.0,male,9,hispanic,,did not ride,0,<1
15.0,male,9,not,White,never,1-2,3
15.0,male,9,not,White,never,3-5,do not watch
15.0,male,9,not,White,never,3-5,3
15.0,male,9,not,White,did not ride,0,1
16.0,male,9,not,White,never,0,2
15.0,male,9,not,Asian,did not ride,,3
15.0,male,9,not,White,did not ride,0,2
15.0,male,9,hispanic,White,did not ride,0,do not watch
15.0,male,9,hispanic,American Indian or Alaska Native,never,6-9,3
16.0,female,10,not,White,never,30,<1
15.0,female,10,not,White,rarely,1-2,2
15.0,female,10,not,White,did not ride,did not drive,1
16.0,female,10,not,White,never,0,1
15.0,female,10,not,White,never,0,do not watch
16.0,female,10,not,White,did not ride,0,3
16.0,female,10,not,White,did not ride,0,2
16.0,female,10,not,White,never,0,3
16.0,female,10,not,White,never,1-2,2
16.0,female,10,not,White,did not ride,0,3
16.0,male,10,not,White,rarely,0,do not watch
16.0,male,10,not,White,did not ride,0,<1
15.0,male,10,not,White,did not ride,did not drive,2
16.0,male,10,not,White,never,20-29,2
16.0,male,10,not,White,did not ride,0,1
16.0,male,10,,,never,0,2
16.0,male,10,not,White,did not ride,did not drive,2
16.0,male,10,not,White,never,0,
15.0,male,10,not,White,never,0,2
16.0,male,10,hispanic,,did not ride,0,2
16.0,male,10,hispanic,White,did not ride,did not drive,4
16.0,male,10,not,White,did not ride,3-5,2
17.0,female,11,not,White,did not ride,30,5+
17.0,female,11,not,White,did not ride,,<1
17.0,female,11,not,White,never,did not drive,2
17.0,female,11,not,White,never,30,<1
17.0,female,11,not,White,did not ride,20-29,
16.0,female,11,not,White,never,did not drive,2
16.0,female,11,not,White,rarely,did not drive,1
17.0,female,11,not,American Indian or Alaska Native,never,6-9,2
17.0,female,11,not,White,never,6-9,1
18.0,female,11,not,White,did not ride,0,2
17.0,female,11,not,White,never,6-9,2
17.0,female,11,not,White,did not ride,10-19,3
17.0,female,11,not,White,sometimes,0,2
17.0,female,11,not,White,did not ride,6-9,1
17.0,male,11,not,White,never,0,2
16.0,male,11,not,White,never,0,<1
16.0,male,11,not,White,never,did not drive,3
17.0,male,11,not,White,never,0,2
17.0,male,11,not,White,did not ride,,1
17.0,male,11,not,White,did not ride,3-5,2
17.0,male,11,not,White,never,10-19,2
17.0,male,11,not,White,did not ride,30,3
18.0,male,11,hispanic,,did not ride,1-2,3
16.0,male,11,not,White,never,10-19,<1
17.0,male,11,not,White,never,20-29,1
18.0,male,11,not,White,never,10-19,3
16.0,male,11,hispanic,,never,30,
18.0,male,11,not,White,never,0,5+
18.0,male,12,not,White,did not ride,20-29,2
18.0,male,12,not,White,never,30,1
18.0,male,12,not,White,never,20-29,1
18.0,male,12,not,White,never,6-9,<1
18.0,male,12,not,White,did not ride,6-9,3
18.0,male,12,not,White,did not ride,1-2,4
17.0,male,12,not,White,never,10-19,1
17.0,male,12,not,Asian,never,30,2
18.0,male,12,not,White,never,30,do not watch
18.0,female,12,not,White,never,1-2,do not watch
18.0,female,12,not,White,did not ride,30,1
18.0,female,12,not,White,did not ride,0,do not watch
17.0,female,12,not,White,did not ride,0,
18.0,female,12,not,White,did not ride,3-5,3
17.0,female,12,not,White,never,,<1
17.0,female,12,hispanic,,rarely,0,<1
18.0,female,12,not,White,never,30,2
18.0,female,12,not,White,never,10-19,do not watch
18.0,female,12,not,White,did not ride,30,1
15.0,male,9,not,White,did not ride,0,5+
15.0,male,9,not,White,never,did not drive,4
15.0,male,9,not,White,did not ride,did not drive,<1
15.0,male,9,not,White,did not ride,0,3
15.0,male,9,not,White,did not ride,0,do not watch
16.0,male,9,not,White,did not ride,did not drive,5+
14.0,male,9,not,White,never,did not drive,<1
15.0,male,9,not,White,never,0,do not watch
15.0,male,9,not,White,never,0,<1
15.0,female,9,not,White,never,0,2
16.0,female,9,not,White,did not ride,did not drive,2
16.0,female,9,not,White,never,1-2,<1
15.0,female,9,not,White,never,0,<1
16.0,female,9,not,White,never,,1
16.0,female,9,not,White,did not ride,3-5,1
15.0,female,9,not,White,did not ride,did not drive,2
15.0,female,9,hispanic,White,never,did not drive,1
16.0,female,10,not,White,never,1-2,<1
15.0,female,9,not,White,never,did not drive,<1
14.0,female,9,not,White,never,did not drive,5+
15.0,female,9,not,White,never,,do not watch
15.0,female,9,not,White,never,did not drive,
16.0,female,10,not,White,never,0,3
15.0,female,10,not,White,never,did not drive,1
16.0,female,10,not,White,never,0,3
17.0,female,10,not,Black or African American,never,0,2
16.0,female,10,not,White,did not ride,30,<1
17.0,female,10,not,White,did not ride,did not drive,1
16.0,female,10,not,Asian,did not ride,0,do not watch
15.0,male,10,not,White,never,did not drive,<1
17.0,male,10,not,White,never,30,5+
17.0,male,10,not,White,did not ride,did not drive,1
16.0,male,10,not,White,did not ride,0,do not watch
16.0,male,10,not,White,never,0,do not watch
16.0,male,10,not,White,never,0,2
15.0,male,10,not,White,rarely,did not drive,1
16.0,male,10,not,White,never,0,2
16.0,male,10,not,White,never,1-2,1
16.0,male,10,not,White,did not ride,did not drive,2
16.0,male,10,not,,did not ride,,<1
15.0,male,10,not,White,never,,3
16.0,male,10,not,White,never,0,<1
18.0,male,10,not,White,rarely,0,3
17.0,female,11,not,White,did not ride,20-29,2
17.0,female,11,not,White,did not ride,0,2
18.0,female,11,not,White,never,30,<1
17.0,female,11,not,White,did not ride,,2
17.0,female,11,hispanic,,did not ride,0,2
17.0,female,11,not,White,did not ride,0,<1
16.0,male,11,not,White,did not ride,0,2
17.0,male,11,not,White,did not ride,0,<1
17.0,male,11,not,White,never,did not drive,4
18.0,male,12,not,White,did not ride,,<1
17.0,male,11,not,White,never,did not drive,5+
17.0,male,11,not,,never,did not drive,<1
17.0,male,11,not,,did not ride,did not drive,<1
16.0,male,11,not,Black or African American,did not ride,0,2
17.0,male,12,not,White,never,0,3
18.0,male,11,not,White,did not ride,0,5+
18.0,male,12,not,White,always,1-2,2
18.0,male,12,hispanic,White,never,0,3
18.0,male,12,not,White,never,20-29,<1
18.0,male,12,not,Black or African American,did not ride,30,1
18.0,male,12,not,White,did not ride,10-19,2
18.0,male,12,not,White,never,10-19,do not watch
18.0,male,12,not,White,did not ride,30,1
18.0,male,12,not,White,never,0,<1
17.0,male,12,not,White,never,30,3
18.0,female,12,not,White,never,20-29,1
18.0,female,12,not,White,never,30,2
18.0,female,12,not,White,never,30,1
18.0,female,12,not,White,did not ride,1-2,do not watch
18.0,female,12,not,White,never,20-29,2
18.0,female,12,not,White,never,30,1
17.0,female,12,not,Asian,never,30,2
18.0,female,12,not,White,never,20-29,do not watch
18.0,female,12,not,White,did not ride,,2
18.0,female,12,not,White,did not ride,20-29,5+
14.0,male,9,hispanic,Black or African American,never,did not drive,do not watch
16.0,female,10,hispanic,White,did not ride,did not drive,5+
18.0,female,11,hispanic,White,never,,<1
15.0,female,10,hispanic,Black or African American,rarely,0,do not watch
16.0,male,10,hispanic,White,did not ride,did not drive,1
16.0,male,10,hispanic,White,never,0,do not watch
15.0,male,9,hispanic,White,did not ride,did not drive,1
17.0,female,11,not,Black or African American,never,did not drive,do not watch
15.0,female,9,hispanic,White,never,did not drive,3
16.0,male,10,hispanic,White,never,6-9,<1
14.0,female,9,hispanic,White,did not ride,did not drive,2
15.0,female,10,hispanic,White,did not ride,did not drive,do not watch
15.0,female,10,not,White,never,0,2
17.0,male,11,not,Black or African American,never,0,do not watch
18.0,female,12,hispanic,White,did not ride,did not drive,3
17.0,female,11,hispanic,White,did not ride,did not drive,3
18.0,female,12,hispanic,White,never,0,<1
18.0,female,12,hispanic,White,did not ride,did not drive,<1
16.0,female,11,not,Black or African American,never,0,2
17.0,male,11,not,Black or African American,did not ride,0,4
18.0,female,12,hispanic,White,most of time,3-5,1
17.0,female,12,not,White,did not ride,0,<1
17.0,male,12,hispanic,,did not ride,,
17.0,female,11,not,Black or African American,sometimes,0,do not watch
18.0,male,12,hispanic,Native Hawaiian or Other Pacific Islander,did not ride,did not drive,3
17.0,female,11,not,Black or African American,did not ride,0,5+
16.0,male,9,not,Black or African American,never,,<1
18.0,male,12,hispanic,Black or African American,never,,3
16.0,female,10,hispanic,Black or African American,never,did not drive,<1
18.0,female,12,not,Black or African American,never,0,<1
17.0,male,11,hispanic,,never,0,3
18.0,female,12,not,Black or African American,did not ride,6-9,<1
16.0,male,10,hispanic,White,never,,do not watch
16.0,female,10,hispanic,White,never,did not drive,1
16.0,male,10,hispanic,White,did not ride,did not drive,3
16.0,female,10,hispanic,White,never,0,5+
16.0,female,10,hispanic,White,did not ride,0,2
15.0,female,10,hispanic,White,never,,<1
16.0,female,10,hispanic,White,never,3-5,do not watch
17.0,male,10,hispanic,Black or African American,never,6-9,2
15.0,male,10,not,Black or African American,never,30,5+
16.0,male,10,hispanic,White,did not ride,did not drive,1
16.0,male,,not,White,never,0,4
16.0,male,10,not,Black or African American,never,,3
17.0,female,10,not,Black or African American,never,,3
16.0,male,10,hispanic,,did not ride,did not drive,3
16.0,female,10,hispanic,,,0,4
15.0,female,10,not,Black or African American,never,0,2
16.0,male,10,not,Black or African American,never,10-19,do not watch
14.0,male,9,hispanic,White,did not ride,0,do not watch
15.0,female,9,hispanic,White,never,did not drive,2
14.0,female,9,not,Black or African American,never,0,<1
15.0,female,9,hispanic,White,never,0,do not watch
16.0,male,9,hispanic,White,never,1-2,do not watch
15.0,female,9,hispanic,White,never,,5+
14.0,male,9,hispanic,White,never,did not drive,do not watch
14.0,female,9,hispanic,,did not ride,did not drive,3
15.0,male,9,hispanic,,never,did not drive,do not watch
16.0,female,9,not,Black or African American,did not ride,did not drive,5+
15.0,female,9,hispanic,White,never,did not drive,do not watch
16.0,female,9,hispanic,,never,30,1
14.0,female,9,not,Black or African American,always,30,
14.0,female,9,hispanic,White,most of time,0,do not watch
15.0,female,9,hispanic,,never,1-2,
14.0,female,9,hispanic,White,never,0,<1
14.0,female,9,hispanic,White,never,0,do not watch
14.0,male,9,hispanic,White,never,did not drive,do not watch
15.0,male,9,not,Black or African American,never,1-2,1
15.0,male,9,not,Black or African American,never,did not drive,5+
15.0,male,9,hispanic,White,did not ride,0,
16.0,female,9,hispanic,White,did not ride,1-2,do not watch
15.0,male,9,hispanic,White,never,did not drive,do not watch
15.0,female,9,hispanic,White,did not ride,0,3
15.0,female,9,hispanic,White,never,did not drive,2
15.0,male,9,hispanic,White,did not ride,did not drive,do not watch
14.0,male,9,hispanic,White,never,did not drive,do not watch
14.0,female,9,hispanic,White,did not ride,did not drive,5+
15.0,male,9,not,Black or African American,never,20-29,2
15.0,male,9,hispanic,White,never,did not drive,<1
14.0,male,9,hispanic,Black or African American,never,0,5+
14.0,male,9,hispanic,White,never,0,<1
14.0,male,9,not,White,never,did not drive,2
16.0,male,9,hispanic,White,never,0,5+
14.0,male,9,hispanic,White,never,did not drive,2
16.0,male,9,hispanic,White,did not ride,did not drive,2
15.0,male,9,hispanic,White,did not ride,did not drive,2
18.0,male,9,not,Black or African American,never,0,3
16.0,male,11,hispanic,White,never,3-5,3
16.0,male,11,not,Black or African American,,0,3
17.0,male,11,hispanic,White,did not ride,did not drive,3
18.0,female,11,hispanic,White,never,0,2
17.0,male,11,hispanic,White,never,30,2
18.0,female,11,hispanic,White,did not ride,0,<1
17.0,male,11,hispanic,White,did not ride,,3
17.0,male,11,hispanic,White,never,3-5,5+
17.0,female,12,not,Black or African American,rarely,did not drive,2
16.0,male,11,hispanic,White,sometimes,did not drive,2
17.0,female,11,hispanic,White,never,did not drive,3
17.0,female,11,hispanic,White,never,did not drive,do not watch
16.0,female,10,hispanic,White,never,did not drive,do not watch
14.0,female,9,hispanic,White,never,did not drive,1
16.0,female,11,hispanic,White,did not ride,30,3
16.0,female,11,hispanic,,did not ride,30,do not watch
16.0,male,10,not,Black or African American,never,0,4
17.0,male,10,hispanic,White,never,0,2
17.0,female,12,hispanic,White,did not ride,did not drive,5+
17.0,male,10,hispanic,White,rarely,0,2
15.0,female,10,not,Black or African American,never,0,3
17.0,female,10,not,Black or African American,never,30,5+
18.0,male,12,not,Black or African American,never,0,3
16.0,male,10,hispanic,White,never,0,do not watch
16.0,male,10,hispanic,,never,3-5,2
16.0,male,10,hispanic,White,never,30,
18.0,female,12,hispanic,White,never,0,4
12.0,male,12,not,White,never,0,<1
17.0,male,12,hispanic,White,did not ride,did not drive,1
17.0,female,11,hispanic,White,did not ride,0,1
15.0,female,10,hispanic,White,never,did not drive,3
16.0,female,10,not,Black or African American,never,,5+
16.0,female,10,hispanic,,never,0,4
17.0,male,10,not,Black or African American,never,0,do not watch
15.0,male,10,not,Black or African American,never,0,5+
16.0,male,9,hispanic,White,never,did not drive,<1
15.0,male,9,hispanic,White,never,,2
14.0,female,9,not,Black or African American,never,,do not watch
15.0,male,9,hispanic,White,never,6-9,3
15.0,male,9,hispanic,White,did not ride,did not drive,3
14.0,female,9,hispanic,Native Hawaiian or Other Pacific Islander,never,0,1
14.0,female,9,hispanic,White,never,did not drive,2
15.0,female,9,hispanic,White,did not ride,did not drive,4
15.0,male,9,hispanic,White,never,0,5+
15.0,female,9,not,White,always,,2
14.0,male,9,hispanic,White,sometimes,0,<1
16.0,male,9,hispanic,White,never,,3
16.0,female,9,not,Black or African American,never,did not drive,2
14.0,male,9,hispanic,White,never,0,do not watch
14.0,female,9,hispanic,White,did not ride,,1
15.0,male,9,hispanic,White,never,did not drive,<1
15.0,female,9,hispanic,White,rarely,did not drive,3
15.0,female,9,not,Black or African American,never,did not drive,5+
15.0,male,9,not,Black or African American,never,did not drive,4
16.0,female,9,not,Black or African American,did not ride,0,3
14.0,male,9,hispanic,Black or African American,never,did not drive,5+
15.0,male,9,hispanic,,never,did not drive,1
16.0,male,9,hispanic,American Indian or Alaska Native,did not ride,0,3
17.0,male,9,not,Black or African American,never,,1
14.0,male,9,hispanic,Black or African American,never,0,do not watch
14.0,female,9,not,Black or African American,never,0,5+
14.0,male,9,not,Black or African American,never,did not drive,5+
14.0,female,9,hispanic,Black or African American,did not ride,,4
15.0,female,9,not,Black or African American,never,did not drive,3
16.0,male,9,not,Black or African American,always,0,4
15.0,female,9,hispanic,,never,3-5,1
14.0,female,9,not,Black or African American,rarely,0,3
15.0,female,9,not,Black or African American,did not ride,3-5,5+
15.0,female,9,not,Black or African American,never,0,5+
17.0,male,9,not,Black or African American,never,,3
15.0,male,9,not,Black or African American,never,0,5+
15.0,male,9,hispanic,Native Hawaiian or Other Pacific Islander,never,0,4
15.0,male,9,not,Black or African American,never,0,1
16.0,male,9,not,Black or African American,never,0,4
15.0,female,9,not,Black or African American,never,did not drive,4
17.0,female,9,not,Black or African American,never,0,5+
15.0,female,9,not,Black or African American,never,0,5+
14.0,female,9,not,Black or African American,never,3-5,2
16.0,male,9,not,Black or African American,never,0,do not watch
16.0,male,9,hispanic,,,1-2,1
16.0,male,9,hispanic,Black or African American,never,3-5,<1
16.0,male,9,not,Black or African American,rarely,0,do not watch
16.0,male,10,not,Black or African American,never,0,5+
16.0,male,10,not,Black or African American,never,0,4
16.0,male,10,not,Black or African American,never,did not drive,
15.0,male,10,hispanic,,never,did not drive,<1
16.0,male,10,not,Black or African American,did not ride,,5+
15.0,male,10,not,Black or African American,never,0,5+
16.0,male,12,not,Black or African American,sometimes,0,2
15.0,female,10,not,Black or African American,did not ride,0,5+
17.0,female,10,not,Black or African American,never,,do not watch
15.0,female,10,hispanic,White,never,,3
16.0,male,10,not,Black or African American,never,0,4
15.0,male,10,not,Black or African American,never,0,<1
16.0,male,10,not,Black or African American,never,did not drive,
17.0,female,,not,Black or African American,did not ride,0,3
17.0,female,12,not,Black or African American,never,1-2,do not watch
17.0,female,12,not,Black or African American,never,0,3
17.0,female,12,hispanic,,rarely,did not drive,3
18.0,male,12,not,Black or African American,rarely,3-5,
17.0,female,12,not,Black or African American,never,1-2,2
18.0,female,12,not,Black or African American,did not ride,0,do not watch
17.0,female,12,not,Black or African American,never,0,do not watch
17.0,female,12,not,Black or African American,never,did not drive,do not watch
18.0,male,12,not,Black or African American,never,0,do not watch
17.0,female,12,hispanic,,never,0,<1
17.0,female,12,not,Black or African American,did not ride,0,<1
18.0,female,12,not,Black or African American,never,30,
18.0,male,12,not,Black or African American,never,did not drive,do not watch
17.0,female,12,not,Black or African American,never,1-2,<1
17.0,female,12,not,Black or African American,never,0,5+
17.0,female,12,not,Black or African American,never,0,4
17.0,male,12,not,Black or African American,never,0,5+
18.0,female,12,not,Black or African American,never,0,5+
18.0,female,12,not,Black or African American,did not ride,did not drive,3
18.0,male,12,hispanic,White,did not ride,did not drive,4
18.0,male,12,hispanic,,did not ride,did not drive,do not watch
17.0,male,12,not,Black or African American,did not ride,did not drive,3
15.0,male,9,hispanic,White,never,0,<1
15.0,male,9,hispanic,White,never,0,2
14.0,female,9,hispanic,White,never,0,5+
15.0,female,9,hispanic,White,never,0,1
14.0,male,9,not,Black or African American,never,0,2
16.0,male,10,not,Black or African American,did not ride,0,do not watch
18.0,male,12,not,Black or African American,did not ride,0,5+
17.0,female,12,not,Black or African American,did not ride,did not drive,2
15.0,female,9,not,Black or African American,did not ride,did not drive,5+
15.0,female,9,,Black or African American,never,,5+
16.0,male,10,not,Black or African American,never,0,2
18.0,female,12,hispanic,,did not ride,did not drive,1
18.0,male,12,hispanic,,did not ride,,2
16.0,male,10,not,Black or African American,did not ride,did not drive,5+
14.0,female,9,not,Black or African American,did not ride,did not drive,5+
15.0,female,9,hispanic,Native Hawaiian or Other Pacific Islander,never,0,<1
18.0,male,11,,Black or African American,never,0,3
16.0,male,10,not,Black or African American,never,0,3
15.0,male,9,not,Black or African American,never,did not drive,3
15.0,female,9,not,Black or African American,did not ride,,5+
18.0,male,12,not,Black or African American,did not ride,did not drive,4
15.0,male,9,not,Black or African American,never,0,3
16.0,male,10,not,,never,0,5+
17.0,male,12,not,Black or African American,did not ride,0,5+
18.0,male,12,hispanic,White,did not ride,0,4
18.0,male,12,not,Black or African American,never,1-2,do not watch
18.0,male,12,hispanic,,never,did not drive,5+
18.0,male,12,not,Black or African American,never,30,2
18.0,male,12,not,Black or African American,did not ride,30,do not watch
18.0,male,12,not,Black or African American,never,0,do not watch
17.0,male,12,not,Black or African American,did not ride,did not drive,5+
17.0,male,12,not,Black or African American,did not ride,0,5+
17.0,male,12,not,Black or African American,rarely,0,3
18.0,male,12,not,Black or African American,did not ride,did not drive,3
17.0,female,12,not,Black or African American,did not ride,did not drive,1
16.0,female,9,not,Black or African American,did not ride,did not drive,5+
16.0,male,9,not,Black or African American,never,,2
15.0,male,9,not,Black or African American,did not ride,0,do not watch
17.0,female,9,not,Black or African American,did not ride,did not drive,do not watch
14.0,male,9,not,American Indian or Alaska Native,never,did not drive,3
16.0,male,9,hispanic,Black or African American,never,0,
15.0,female,9,not,Black or African American,never,1-2,2
16.0,female,9,not,Black or African American,never,1-2,5+
15.0,male,9,not,Black or African American,never,0,3
14.0,female,9,not,Black or African American,did not ride,did not drive,4
16.0,male,9,not,Black or African American,never,did not drive,5+
15.0,female,9,not,Black or African American,never,30,3
14.0,male,9,not,Black or African American,never,0,2
14.0,female,9,not,Black or African American,never,0,5+
14.0,male,9,hispanic,Black or African American,never,0,2
16.0,male,9,,Black or African American,,,
15.0,female,9,not,Black or African American,never,30,2
14.0,male,9,not,Black or African American,did not ride,0,2
15.0,male,9,hispanic,Black or African American,never,0,do not watch
14.0,female,9,not,Black or African American,never,0,2
16.0,female,9,not,Black or African American,never,3-5,2
14.0,male,9,not,Black or African American,never,,5+
16.0,female,9,not,Black or African American,never,0,5+
15.0,female,9,not,American Indian or Alaska Native,did not ride,0,5+
16.0,male,9,,Black or African American,did not ride,did not drive,<1
17.0,male,9,not,Black or African American,never,,<1
16.0,male,9,hispanic,Black or African American,never,6-9,5+
15.0,male,9,not,Black or African American,rarely,0,2
15.0,male,9,not,Black or African American,sometimes,,3
15.0,male,9,not,Black or African American,never,0,4
15.0,female,9,not,Black or African American,never,0,4
14.0,female,9,not,Black or African American,never,did not drive,do not watch
15.0,female,9,hispanic,,never,0,do not watch
14.0,female,9,not,Black or African American,never,,2
14.0,female,9,not,Black or African American,sometimes,did not drive,2
15.0,female,9,not,Black or African American,never,did not drive,
16.0,female,9,not,Black or African American,never,0,
15.0,female,9,not,Black or African American,did not ride,0,5+
14.0,female,9,hispanic,Black or African American,never,3-5,5+
14.0,female,9,not,Black or African American,never,did not drive,<1
15.0,female,9,not,Black or African American,never,0,5+
15.0,male,9,not,Black or African American,never,0,5+
15.0,female,9,not,Black or African American,did not ride,did not drive,3
14.0,male,9,not,Black or African American,never,did not drive,<1
14.0,female,9,not,Black or African American,did not ride,did not drive,3
15.0,male,9,not,Black or African American,never,0,do not watch
15.0,female,9,hispanic,Native Hawaiian or Other Pacific Islander,did not ride,did not drive,do not watch
15.0,female,9,not,Black or African American,never,did not drive,
16.0,female,10,not,Black or African American,did not ride,0,3
15.0,male,10,not,Black or African American,never,10-19,2
16.0,male,10,not,Black or African American,never,did not drive,4
16.0,male,10,not,Black or African American,never,did not drive,do not watch
16.0,female,10,not,Black or African American,most of time,,<1
16.0,male,10,hispanic,Black or African American,never,10-19,4
17.0,male,10,not,,never,3-5,2
17.0,female,10,not,Black or African American,never,0,<1
16.0,male,10,not,Black or African American,never,1-2,4
17.0,female,12,not,Black or African American,never,did not drive,3
17.0,female,12,not,Black or African American,never,did not drive,2
17.0,female,12,hispanic,Black or African American,never,did not drive,<1
18.0,female,12,not,Black or African American,did not ride,0,3
18.0,female,12,not,Black or African American,never,0,4
18.0,male,12,not,Black or African American,never,0,1
17.0,,11,not,Black or African American,never,0,5+
17.0,male,11,not,Black or African American,did not ride,did not drive,5+
17.0,female,11,not,Black or African American,did not ride,0,5+
17.0,female,11,not,Black or African American,never,did not drive,1
18.0,female,12,not,Black or African American,did not ride,did not drive,do not watch
18.0,female,12,not,Black or African American,did not ride,did not drive,<1
16.0,female,12,not,Black or African American,never,did not drive,3
18.0,female,12,hispanic,,did not ride,3-5,<1
17.0,male,12,not,Black or African American,did not ride,3-5,<1
18.0,female,12,not,Black or African American,never,did not drive,3
17.0,female,12,not,Black or African American,never,0,do not watch
17.0,female,12,not,Black or African American,did not ride,,5+
18.0,male,12,not,Black or African American,did not ride,did not drive,do not watch
18.0,male,12,hispanic,White,never,10-19,2
18.0,male,12,not,Black or African American,always,0,do not watch
18.0,male,12,hispanic,Native Hawaiian or Other Pacific Islander,never,0,5+
18.0,female,12,not,Black or African American,never,10-19,do not watch
18.0,female,12,not,Black or African American,,,do not watch
18.0,male,12,not,Black or African American,most of time,0,3
18.0,male,12,not,Black or African American,never,did not drive,5+
18.0,male,12,hispanic,,did not ride,0,3
18.0,male,12,not,Black or African American,never,0,1
17.0,female,12,not,,did not ride,0,1
18.0,female,12,not,Black or African American,did not ride,0,1
17.0,male,12,not,Black or African American,never,30,4
18.0,female,12,not,Black or African American,did not ride,,<1
18.0,male,12,not,Black or African American,never,0,do not watch
17.0,male,12,not,Black or African American,did not ride,0,do not watch
18.0,female,12,not,Black or African American,never,did not drive,5+
18.0,female,12,not,Black or African American,did not ride,0,3
17.0,male,12,not,Black or African American,never,0,2
14.0,male,9,not,Black or African American,never,did not drive,5+
14.0,female,9,not,Black or African American,never,did not drive,do not watch
15.0,male,9,not,,never,0,3
14.0,female,9,hispanic,American Indian or Alaska Native,never,did not drive,do not watch
14.0,female,9,not,,never,0,4
18.0,male,12,not,Black or African American,did not ride,0,5+
18.0,male,12,not,Black or African American,did not ride,0,do not watch
18.0,male,12,not,Black or African American,never,30,1
14.0,female,9,not,Black or African American,did not ride,did not drive,3
14.0,female,9,not,Black or African American,did not ride,0,do not watch
15.0,female,9,not,Black or African American,never,did not drive,1
14.0,female,9,not,Black or African American,did not ride,did not drive,5+
15.0,female,9,not,Black or African American,never,0,2
15.0,female,9,not,,rarely,did not drive,1
14.0,female,9,not,Black or African American,never,did not drive,2
15.0,female,9,not,Black or African American,rarely,0,3
14.0,male,9,not,Black or African American,never,0,2
18.0,female,10,not,Black or African American,,0,5+
16.0,male,11,not,Native Hawaiian or Other Pacific Islander,never,0,5+
16.0,male,10,not,Black or African American,never,did not drive,
16.0,male,10,not,Black or African American,never,0,do not watch
17.0,female,10,not,Black or African American,never,0,5+
16.0,female,10,not,Black or African American,never,30,5+
17.0,female,10,hispanic,White,did not ride,1-2,2
16.0,female,10,not,Black or African American,did not ride,0,do not watch
16.0,male,10,not,Black or African American,never,,
16.0,female,10,not,Asian,rarely,did not drive,<1
14.0,male,9,not,Black or African American,never,0,2
17.0,female,10,not,Black or African American,did not ride,did not drive,2
15.0,female,9,not,Black or African American,never,did not drive,2
16.0,male,10,hispanic,,never,did not drive,do not watch
16.0,male,10,not,Black or African American,never,0,
17.0,male,11,hispanic,Black or African American,did not ride,,
17.0,male,11,not,Black or African American,did not ride,0,
17.0,male,11,not,Black or African American,never,did not drive,1
17.0,female,11,not,Black or African American,never,did not drive,do not watch
17.0,male,11,not,Black or African American,did not ride,,2
18.0,male,12,not,Black or African American,never,6-9,do not watch
17.0,male,11,not,Black or African American,never,30,5+
17.0,male,12,not,Black or African American,never,0,do not watch
16.0,male,11,not,Black or African American,never,,5+
18.0,male,11,not,Black or African American,did not ride,0,5+
17.0,male,11,not,Black or African American,never,did not drive,
17.0,male,11,not,Black or African American,never,0,
18.0,male,11,not,Black or African American,,did not drive,4
17.0,female,11,not,Black or African American,did not ride,did not drive,<1
18.0,male,11,not,Black or African American,never,,<1
17.0,male,11,not,Black or African American,never,0,4
17.0,male,11,not,Black or African American,never,6-9,5+
17.0,male,11,not,Black or African American,never,10-19,
17.0,male,11,hispanic,Black or African American,never,30,5+
17.0,female,11,not,Black or African American,rarely,,3
17.0,female,11,not,Black or African American,did not ride,0,2
16.0,female,10,not,Black or African American,did not ride,did not drive,5+
15.0,male,10,hispanic,Black or African American,sometimes,10-19,3
16.0,male,10,,Black or African American,never,did not drive,3
17.0,male,10,not,Black or African American,never,1-2,
16.0,male,10,not,Black or African American,never,30,<1
17.0,male,10,not,Black or African American,never,0,do not watch
15.0,female,10,not,Black or African American,never,0,do not watch
15.0,male,10,hispanic,Black or African American,never,0,4
17.0,male,10,hispanic,Black or African American,never,0,do not watch
16.0,male,10,not,Black or African American,never,did not drive,3
16.0,female,10,not,Black or African American,did not ride,1-2,1
16.0,female,10,hispanic,Black or African American,did not ride,0,2
12.0,male,11,not,Asian,,20-29,do not watch
16.0,male,10,not,White,,,<1
15.0,female,10,not,Black or African American,,0,4
18.0,female,other,hispanic,,,30,5+
17.0,female,10,hispanic,,,0,do not watch
16.0,female,10,hispanic,,,did not drive,2
15.0,male,10,hispanic,,,did not drive,<1
16.0,female,10,not,Black or African American,,0,do not watch
16.0,female,10,not,Black or African American,,did not drive,5+
15.0,female,9,hispanic,Native Hawaiian or Other Pacific Islander,,did not drive,<1
15.0,male,9,not,White,,did not drive,3
15.0,female,9,hispanic,White,,did not drive,<1
15.0,female,9,hispanic,,,0,3
14.0,female,9,not,White,,did not drive,4
15.0,female,9,not,White,,did not drive,3
15.0,male,9,not,Asian,,0,2
15.0,female,9,not,Black or African American,,did not drive,1
14.0,female,9,hispanic,,,did not drive,2
15.0,female,9,not,Black or African American,,did not drive,
15.0,female,9,hispanic,White,,did not drive,<1
15.0,male,9,not,White,,did not drive,2
15.0,female,9,hispanic,White,,0,2
15.0,male,9,not,White,,did not drive,2
14.0,female,9,not,White,,did not drive,3
18.0,male,12,not,White,,10-19,<1
17.0,male,12,hispanic,White,,0,<1
17.0,male,12,hispanic,White,,30,2
17.0,female,12,not,Black or African American,,0,5+
18.0,female,12,not,White,,1-2,1
18.0,male,12,not,Black or African American,,6-9,do not watch
18.0,female,12,hispanic,,,did not drive,do not watch
18.0,female,12,not,Black or African American,,0,do not watch
18.0,male,12,not,,,1-2,3
17.0,female,12,hispanic,Black or African American,,0,<1
18.0,male,12,hispanic,,,1-2,1
16.0,male,11,hispanic,White,,did not drive,4
17.0,female,10,not,Black or African American,,did not drive,<1
16.0,female,10,hispanic,,,did not drive,5+
16.0,male,9,not,Black or African American,,0,1
18.0,female,11,not,Black or African American,,did not drive,<1
17.0,female,12,not,Black or African American,,1-2,5+
17.0,male,12,hispanic,,,did not drive,do not watch
17.0,female,12,hispanic,Black or African American,,30,4
17.0,male,12,hispanic,,,0,do not watch
18.0,female,12,hispanic,White,,0,<1
17.0,female,12,not,Black or African American,,did not drive,2
12.0,male,12,not,Black or African American,,did not drive,2
17.0,female,12,hispanic,,,0,do not watch
17.0,male,12,not,Black or African American,,10-19,3
18.0,female,12,not,White,,did not drive,2
17.0,female,12,hispanic,,,0,3
17.0,male,12,hispanic,,,did not drive,2
18.0,male,12,not,White,,,do not watch
18.0,male,12,not,White,,0,5+
18.0,female,12,not,White,,1-2,<1
17.0,female,12,hispanic,,,3-5,<1
17.0,female,12,not,White,,0,2
16.0,female,11,hispanic,,,1-2,<1
16.0,male,10,not,White,never,0,4
16.0,male,10,not,White,never,0,3
16.0,female,10,not,White,never,0,<1
15.0,male,10,not,White,never,did not drive,
16.0,male,10,hispanic,,rarely,did not drive,2
16.0,male,10,not,White,most of time,did not drive,<1
16.0,female,10,not,White,never,0,do not watch
15.0,male,10,hispanic,White,did not ride,did not drive,5+
16.0,male,10,not,White,never,0,<1
16.0,female,10,not,White,rarely,0,<1
15.0,male,10,not,White,never,did not drive,4
15.0,male,10,not,White,never,0,2
16.0,female,10,not,,did not ride,did not drive,4
16.0,female,10,not,White,never,did not drive,4
16.0,female,10,hispanic,Native Hawaiian or Other Pacific Islander,did not ride,1-2,3
17.0,male,11,hispanic,White,rarely,1-2,1
15.0,female,11,not,White,never,did not drive,<1
16.0,female,10,hispanic,,rarely,0,2
15.0,female,10,not,White,rarely,0,3
16.0,female,10,hispanic,Native Hawaiian or Other Pacific Islander,rarely,1-2,3
15.0,male,10,not,White,never,0,3
15.0,male,10,not,White,never,did not drive,2
16.0,male,10,not,White,never,did not drive,do not watch
16.0,female,10,not,White,did not ride,0,<1
15.0,male,10,not,White,,did not drive,1
15.0,female,10,not,American Indian or Alaska Native,never,0,4
16.0,male,10,not,White,never,0,3
16.0,male,10,not,White,rarely,0,3
16.0,male,10,not,American Indian or Alaska Native,did not ride,did not drive,do not watch
15.0,male,10,hispanic,,never,,2
15.0,male,10,not,White,never,0,2
16.0,male,11,not,White,always,,5+
16.0,male,10,hispanic,White,never,0,3
17.0,male,11,not,White,never,,3
17.0,male,10,not,White,did not ride,0,<1
15.0,female,10,not,White,sometimes,did not drive,
16.0,male,10,not,,rarely,0,<1
15.0,female,10,not,White,never,did not drive,5+
15.0,female,10,not,,did not ride,,<1
16.0,female,10,not,White,did not ride,0,2
12.0,male,11,not,Asian,did not ride,30,
18.0,male,10,not,White,did not ride,did not drive,2
18.0,female,12,not,White,never,,do not watch
16.0,female,11,not,White,never,30,do not watch
17.0,female,12,not,Black or African American,never,3-5,do not watch
16.0,female,11,not,White,did not ride,did not drive,<1
18.0,male,11,not,Black or African American,never,did not drive,do not watch
16.0,male,11,not,Black or African American,never,0,3
18.0,male,12,hispanic,,never,3-5,<1
17.0,female,11,not,White,never,1-2,2
17.0,female,11,not,White,never,did not drive,3
16.0,female,11,not,White,never,did not drive,<1
17.0,female,11,not,White,did not ride,10-19,2
14.0,male,9,not,,did not ride,did not drive,<1
15.0,male,9,not,Black or African American,did not ride,did not drive,5+
14.0,female,9,hispanic,,sometimes,did not drive,3
15.0,female,9,not,,never,0,do not watch
15.0,male,9,hispanic,,rarely,did not drive,
15.0,female,9,hispanic,Black or African American,did not ride,did not drive,5+
13.0,male,9,not,,never,0,5+
15.0,female,9,not,Native Hawaiian or Other Pacific Islander,never,did not drive,5+
14.0,female,9,hispanic,,did not ride,did not drive,2
15.0,female,10,hispanic,,did not ride,did not drive,2
15.0,male,9,hispanic,,never,did not drive,5+
14.0,female,9,hispanic,,rarely,0,<1
17.0,female,11,hispanic,,did not ride,did not drive,1
14.0,male,9,hispanic,Asian,rarely,0,5+
14.0,male,9,hispanic,,never,did not drive,5+
14.0,female,9,hispanic,Asian,never,0,1
14.0,male,9,not,,never,did not drive,2
14.0,female,9,hispanic,Native Hawaiian or Other Pacific Islander,never,did not drive,2
15.0,female,9,not,,most of time,,do not watch
15.0,female,9,not,,always,did not drive,2
15.0,male,9,not,Asian,never,did not drive,<1
14.0,female,9,not,,did not ride,did not drive,<1
14.0,male,9,hispanic,,never,did not drive,5+
15.0,male,9,hispanic,,did not ride,did not drive,5+
14.0,male,9,hispanic,,never,did not drive,do not watch
15.0,male,,hispanic,Asian,always,3-5,
15.0,male,9,hispanic,,never,0,4
14.0,female,9,hispanic,,never,30,2
16.0,male,11,not,Black or African American,rarely,,4
18.0,female,12,not,Black or African American,did not ride,0,<1
16.0,female,11,not,Native Hawaiian or Other Pacific Islander,never,0,do not watch
16.0,male,11,hispanic,,did not ride,did not drive,1
17.0,female,11,hispanic,,did not ride,did not drive,2
17.0,female,12,not,Native Hawaiian or Other Pacific Islander,never,did not drive,3
16.0,male,11,not,Black or African American,did not ride,did not drive,<1
17.0,male,11,hispanic,,did not ride,did not drive,3
17.0,female,11,hispanic,,never,did not drive,5+
16.0,female,11,not,Black or African American,did not ride,0,do not watch
17.0,male,11,not,Native Hawaiian or Other Pacific Islander,never,1-2,<1
17.0,male,11,not,,did not ride,did not drive,5+
16.0,female,11,not,Native Hawaiian or Other Pacific Islander,did not ride,0,5+
17.0,female,11,not,,did not ride,did not drive,3
16.0,male,11,hispanic,,never,did not drive,3
16.0,male,11,not,Black or African American,never,did not drive,1
16.0,male,11,not,Native Hawaiian or Other Pacific Islander,never,0,<1
18.0,female,12,not,Native Hawaiian or Other Pacific Islander,did not ride,,2
18.0,male,12,not,,never,10-19,5+
18.0,female,12,not,Black or African American,did not ride,did not drive,<1
16.0,female,11,hispanic,,never,did not drive,4
16.0,female,11,hispanic,,did not ride,did not drive,do not watch
16.0,female,11,not,Asian,did not ride,0,4
17.0,female,11,not,Native Hawaiian or Other Pacific Islander,most of time,0,do not watch
17.0,male,11,not,,did not ride,did not drive,<1
15.0,male,10,hispanic,,never,did not drive,1
15.0,male,10,hispanic,Native Hawaiian or Other Pacific Islander,sometimes,did not drive,<1
15.0,female,10,not,Native Hawaiian or Other Pacific Islander,did not ride,did not drive,1
16.0,female,10,not,Native Hawaiian or Other Pacific Islander,never,,do not watch
15.0,male,10,hispanic,,rarely,did not drive,4
17.0,male,10,not,,always,0,<1
15.0,female,10,not,Native Hawaiian or Other Pacific Islander,did not ride,did not drive,1
14.0,male,9,not,,did not ride,did not drive,<1
15.0,male,10,not,Native Hawaiian or Other Pacific Islander,did not ride,did not drive,<1
16.0,male,10,not,Asian,never,did not drive,3
14.0,male,9,not,Native Hawaiian or Other Pacific Islander,did not ride,did not drive,do not watch
16.0,male,10,not,,rarely,,do not watch
15.0,male,10,hispanic,,never,,
15.0,male,10,not,Native Hawaiian or Other Pacific Islander,never,did not drive,
15.0,male,10,not,,did not ride,did not drive,do not watch
15.0,male,10,not,,never,did not drive,1
16.0,female,10,not,Native Hawaiian or Other Pacific Islander,never,did not drive,do not watch
15.0,male,10,not,,most of time,did not drive,4
15.0,female,10,not,Native Hawaiian or Other Pacific Islander,did not ride,did not drive,do not watch
15.0,male,10,not,Native Hawaiian or Other Pacific Islander,never,did not drive,3
14.0,male,9,not,Native Hawaiian or Other Pacific Islander,did not ride,did not drive,2
14.0,male,9,not,Native Hawaiian or Other Pacific Islander,rarely,did not drive,2
16.0,male,11,not,Native Hawaiian or Other Pacific Islander,never,0,1
16.0,female,11,not,Asian,most of time,0,do not watch
16.0,female,10,not,Native Hawaiian or Other Pacific Islander,did not ride,did not drive,<1
15.0,female,10,hispanic,,did not ride,did not drive,do not watch
15.0,female,10,hispanic,,did not ride,did not drive,2
15.0,male,10,not,,never,30,3
16.0,male,10,not,,did not ride,did not drive,2
16.0,female,11,hispanic,Native Hawaiian or Other Pacific Islander,did not ride,did not drive,do not watch
15.0,male,10,not,Native Hawaiian or Other Pacific Islander,did not ride,did not drive,do not watch
18.0,male,12,not,Native Hawaiian or Other Pacific Islander,never,0,do not watch
17.0,female,12,not,Black or African American,never,0,5+
17.0,female,12,hispanic,,never,did not drive,4
17.0,female,12,not,Native Hawaiian or Other Pacific Islander,never,3-5,do not watch
18.0,female,12,not,Native Hawaiian or Other Pacific Islander,did not ride,did not drive,4
18.0,male,12,not,Native Hawaiian or Other Pacific Islander,did not ride,30,do not watch
18.0,female,12,not,Asian,did not ride,did not drive,5+
18.0,female,12,hispanic,,never,3-5,2
18.0,male,12,not,Native Hawaiian or Other Pacific Islander,never,1-2,3
18.0,male,12,not,Asian,never,0,<1
17.0,male,12,not,Native Hawaiian or Other Pacific Islander,did not ride,did not drive,1
18.0,male,12,not,Native Hawaiian or Other Pacific Islander,never,0,<1
18.0,male,12,not,Native Hawaiian or Other Pacific Islander,did not ride,did not drive,4
17.0,male,12,hispanic,,never,did not drive,do not watch
17.0,male,12,hispanic,,never,0,2
18.0,male,12,not,Native Hawaiian or Other Pacific Islander,never,0,1
18.0,male,12,hispanic,,never,30,<1
17.0,male,12,not,Native Hawaiian or Other Pacific Islander,never,30,do not watch
18.0,male,12,not,Asian,rarely,,4
17.0,female,12,not,Asian,did not ride,did not drive,2
18.0,female,12,not,Native Hawaiian or Other Pacific Islander,did not ride,0,5+
17.0,male,12,not,Native Hawaiian or Other Pacific Islander,never,30,4
18.0,male,12,hispanic,,always,did not drive,2
17.0,female,12,,,never,did not drive,3
17.0,male,12,not,Asian,did not ride,did not drive,do not watch
17.0,female,12,not,Native Hawaiian or Other Pacific Islander,never,0,5+
18.0,female,12,not,Native Hawaiian or Other Pacific Islander,did not ride,0,2
17.0,male,12,not,Asian,never,0,do not watch
17.0,female,12,not,Native Hawaiian or Other Pacific Islander,did not ride,,<1
17.0,female,12,hispanic,,sometimes,,1
17.0,female,12,not,,did not ride,10-19,3
